학술지,sere_id,논문수,피인용합,논문당평균피인용,참고문헌합
어문연구(語文硏究),000452,1051,4968,4.73,28936
새국어교육,001209,1002,8592,8.57,27455
한국문학이론과 비평,000665,990,4711,4.76,23308
어문론집,SER000009652,985,4892,4.97,25176
한국사상과 문화,000697,978,3587,3.67,22727
우리문학연구,001473,958,4264,4.45,24317
한중인문학연구,000248,946,2955,3.12,23677
국제어문,000774,944,4659,4.94,24247
한국언어문학,000390,891,3451,3.87,21978
우리어문연구,001387,868,5572,6.42,22090
우리말글,001206,853,4049,4.75,21661
비평문학,001210,851,3353,3.94,19683
현대소설연구,000571,850,4340,5.11,23082
민족문학사연구,000519,840,5027,5.98,22425
동방한문학,000973,792,2886,3.64,18026
국어국문학 우수등재,000019,775,4803,6.2,23871
열상고전연구,001858,765,2928,3.83,16670
한민족문화연구,001650,752,3617,4.81,18887
한국어교육,000597,751,8158,10.86,22682
청람어문교육,001465,742,5515,7.43,20904
국어교육,000315,728,5978,8.21,22836
어문론총,001631,727,2637,3.63,17486
한민족어문학(구 영남어문학),001066,702,3716,5.29,17280
한국현대문학연구,001493,697,4716,6.77,21647
상허학보,000769,696,5245,7.54,21293
한국어학,000626,670,5794,8.65,22032
國語學 우수등재,000064,663,7512,11.33,27020
언어와 문화,SER000008906,656,4162,6.34,18258
한국문예비평연구,001096,651,2673,4.11,16568
한국문학논총,000592,645,2754,4.27,18858
현대문학의 연구,000952,642,3733,5.81,19206
한국언어문화,001057,631,2508,3.97,16010
한국시학연구,001014,610,3217,5.27,15900
국어교육학연구,001205,600,5888,9.81,19373
여성문학연구,001380,588,3459,5.88,15235
한말연구,001495,587,3024,5.15,18378
문학교육학,000342,586,3994,6.82,17870
한국한문학연구,000273,582,3565,6.13,17472
한국어 의미학,001001,581,5598,9.64,18402
대동한문학(大東漢文學),001498,555,2192,3.95,13275
Korea Journal,000482,554,899,1.62,19314
韓國古典硏究,001831,551,3184,5.78,13725
국어교육연구,002038,548,3502,6.39,15962
반교어문연구,001785,531,3211,6.05,15227
영주어문,SER000010594,521,1980,3.8,13049
우리말연구,001207,499,3009,6.03,13939
독서연구,001476,496,4977,10.03,14591
한국문학연구,001857,492,3109,6.32,13304
어문논집,000917,491,2828,5.76,12714
언어사실과 관점,SER000003237,480,1908,3.98,12599
한글,000020,478,2995,6.27,16964
한국초등국어교육,001287,476,3479,7.31,12771
동악어문학,001999,464,2898,6.25,12822
작문연구,SER000010273,448,5842,13.04,13254
동양한문학연구,001663,445,1806,4.06,10491
구보학보,SER000003940,444,1410,3.18,12949
한문학논집(漢文學論集),SER000008636,441,1873,4.25,12124
외국어로서의 한국어교육,SER000010512,437,3702,8.47,13467
구비문학연구,000283,435,2671,6.14,12739
漢文學報,001598,432,2212,5.12,9710
The Review of Korean Studies,000775,426,384,0.9,11704
고전과 해석,SER000010566,418,1274,3.05,12783
문법 교육,SER000010255,416,3160,7.6,12519
배달말,000768,410,2135,5.21,11331
漢文古典硏究,002001,409,1308,3.2,9202
漢文敎育論集,000655,405,1989,4.91,9943
漢字漢文敎育 구),001732,404,1569,3.88,9078
한국근대문학연구,001524,389,2807,7.22,10821
한국시가문화연구,001062,368,1546,4.2,8757
겨레어문학,001823,366,1964,5.37,9290
국어교육연구,001899,365,2922,8.01,11968
Journal of korean Culture,SER000002284,364,1195,3.28,9215
고전문학연구,000294,356,2517,7.07,10451
동남어문논집,SER000009671,352,1001,2.84,8319
한국시가연구,000454,349,1681,4.82,10691
고소설연구,000481,348,2856,8.21,9797
화법연구,002013,346,2434,7.03,9097
한국고전여성문학연구,001541,342,2917,8.53,9446
국문학연구,001747,339,1462,4.31,13723
판소리연구,001208,337,1851,5.49,9166
방언학,SER000009639,337,1466,4.35,10268
사이間SAI,SER000010352,325,1758,5.41,10110
우리말교육현장연구,SER000001820,297,1384,4.66,7636
한국어문교육,SER000003182,290,1139,3.93,9181
돈암어문학,SER000009928,282,1180,4.18,6763
구결연구,000709,276,1380,5.0,10124
국어사연구,SER000009780,268,1663,6.21,11846
국제한인문학연구,SER000008634,262,706,2.69,6620
시조학논총,001211,261,1057,4.05,6219
춘원연구학보,SER000004486,241,541,2.24,6858
한어문교육,SER000008904,240,889,3.7,6040
지명학,SER000000674,219,969,4.42,8438
어문연구,000503,160,299,1.87,3672
한국한시연구,000619,156,689,4.42,3357
한성어문학,SER000005633,140,337,2.41,2727
국어문학,001819,138,362,2.62,3634
어문학,000112,103,161,1.56,3208
전남대 어문논총,SER000005161,102,260,2.55,2351
개신어문연구,SER000009665,98,481,4.91,2209
고전번역연구,SER000003547,82,105,1.28,2046
이상리뷰,SER000005339,81,87,1.07,2145
동아한학연구,SER000013234,53,45,0.85,1768
백록어문교육,SER000009664,32,25,0.78,775
심훈학보,SER000006648,26,3,0.12,54
한국어와 문화,SER000014361,20,60,3.0,384
한자한문응용연구,SER000006379,15,1,0.07,31
경학,SER000005787,11,13,1.18,235
