키워드,빈도
한국어교육,894
문학교육,512
국어교육,474
번역,467
문법 교육,378
정체성,377
욕망,326
교육과정,292
여성,291
시조,290
글쓰기,285
이광수,280
한국전쟁,279
판소리,272
주체,263
공간,245
죽음,243
기억,240
타자,238
해방기,234
젠더,228
스토리텔링,224
사랑,222
디아스포라,211
근대,209
근대성,206
김수영,202
교과서,198
민족주의,193
문법화,192
말뭉치,186
국어 교과서,185
민족,183
소통,183
문화콘텐츠,182
상호텍스트성,181
감정,177
은유,176
한국어,176
의미,175
한국어 교재,174
일제강점기,170
이상,168
이미지,166
텍스트,166
공감,165
염상섭,164
독자,164
한자어,164
전통,162
자연,162
검열,160
공동체,160
서사,158
가부장제,156
한시,156
연결어미,156
어휘 교육,155
장소,154
고향,153
매체,152
국어과 교육과정,148
재현,147
백석,145
정지용,144
환상,138
맥락,137
고전소설,137
모더니즘,136
알레고리,136
이데올로기,136
문학,135
조선후기,133
19세기,133
소설,130
장르,130
최인훈,129
자기서사,129
북한문학,129
윤리,128
애도,128
리얼리즘,123
폭력,123
민중,123
설화,123
윤동주,122
방언,122
의사소통,119
자유,119
담화표지,118
한국어 학습자,118
박완서,117
어휘,117
구어,116
화법 교육,116
사회주의,115
1950년대,115
문화,115
문화교육,115
한문교육,115
정동,114
임화,114
만주,114
성취기준,114
중국인 학습자,114
장소성,113
담론,112
식민지,112
이청준,112
읽기,112
정전,111
역사,111
향가,110
치유,109
환유,108
반복,108
불안,107
여성성,106
성찰,106
신화,106
개작,106
상호작용,106
탈식민주의,105
작문 교육,105
조사,104
가족,103
타자성,103
불교,103
최남선,103
독서교육,103
자본주의,102
대중성,102
야담,102
대학 글쓰기,101
감각,101
시,101
이태준,101
문체,101
한글,101
아동문학,100
가사,100
담화,99
교육,99
아이러니,98
패러디,98
종결어미,98
섹슈얼리티,97
읽기 교육,97
김기림,96
모성,96
