연구분야,논문수,비율(%)
인문학 > 한국어와문학,39175,75.2
인문학 > 한국어와문학 > 국어교육,2271,4.4
인문학 > 한국어와문학 > 국문학 > 기타국문학,1614,3.1
인문학 > 한국어와문학 > 한문학,893,1.7
사회과학 > 교육학,844,1.6
인문학,769,1.5
인문학 > 한국어와문학 > 국문학 > 현대소설(국문학),637,1.2
인문학 > 한국어와문학 > 국문학,637,1.2
인문학 > 한국어와문학 > 국문학 > 고전산문,451,0.9
인문학 > 한국어와문학 > 국어학,407,0.8
인문학 > 한국어와문학 > 국문학 > 국문학사,369,0.7
인문학 > 한국어와문학 > 한문학 > 한문교육,338,0.6
인문학 > 한국어와문학 > 국문학 > 현대시(국문학),329,0.6
인문학 > 한국어와문학 > 국어학 > 국어사,309,0.6
사회과학 > 교육학 > 교과교육학 > 국어교육학,283,0.5
사회과학 > 기타사회과학,251,0.5
사회과학 > 교육학 > 교과교육학 > 한국어교육학,232,0.4
인문학 > 한국어와문학 > 한문학 > 한문비평,213,0.4
인문학 > 한국어와문학 > 국문학 > 고전시가,140,0.3
인문학 > 한국어와문학 > 국어학 > 방언학(국어학),125,0.2
인문학 > 한국어와문학 > 국어학 > 기타국어학,108,0.2
인문학 > 한국어와문학 > 한문학 > 한시,96,0.2
인문학 > 문학 > 문학교육,67,0.1
인문학 > 한국어와문학 > 국어학 > 통사론(국어학),55,0.1
인문학 > 역사학 > 역사일반 > 문화사(역사학),54,0.1
인문학 > 한국어와문학 > 국문학 > 구비문학(국문학),51,0.1
인문학 > 한국어와문학 > 국어학 > 음운론(국어학),49,0.1
인문학 > 철학 > 한국철학 > 한국철학일반,44,0.1
인문학 > 한국어와문학 > 국어학 > 의미론(국어학),43,0.1
인문학 > 기타인문학,35,0.1
인문학 > 한국어와문학 > 국어학 > 국어학사,31,0.1
인문학 > 한국어와문학 > 국문학 > 현대희곡(국문학),29,0.1
인문학 > 한국어와문학 > 한문학 > 한국경학,29,0.1
인문학 > 한국어와문학 > 한문학 > 한자학어학,27,0.1
인문학 > 역사학 > 역사일반,25,0.0
인문학 > 한국어와문학 > 국문학 > 문학비평(국문학),22,0.0
인문학 > 한국어와문학 > 국문학 > 비교문학(국문학),22,0.0
인문학 > 문학,21,0.0
인문학 > 철학 > 동양철학 > 동양철학일반,20,0.0
인문학 > 한국어와문학 > 한문학 > 한문산문,18,0.0
