학술지명,대분류,중분류,P-ISSN,피인용(우리논문을_인용),참고문헌(우리논문이_인용),인용합계
국어교육학연구,인문학,한국어와문학,1225-8571,2368,8575,10943
한국어교육,인문학,한국어와문학,1225-6137,1531,8939,10470
국어교육,기타,기타,1226-3958,2223,7637,9860
어문연구,인문학,한국어와문학,1225-0783,1554,8158,9712
국어국문학,인문학,한국어와문학,0451-0097,2008,7618,9626
새국어교육,인문학,한국어와문학,1226-6736,2605,6071,8676
국어교육연구,인문학,한국어와문학,1227-8823,2853,5769,8622
國語學,인문학,한국어와문학,1225-1933,2348,6113,8461
한국어학,인문학,한국어와문학,1226-9123,1863,5382,7245
민족문학사연구,인문학,한국어와문학,1227-0962,1946,5269,7215
이중언어학,인문학,언어학,1229-1757,1496,5672,7168
한글,인문학,한국어와문학,1225-0449,1362,5287,6649
상허학보,인문학,한국어와문학,nan,1832,4631,6463
어문학,인문학,한국어와문학,1225-3774,1855,4540,6395
한국어 의미학,인문학,한국어와문학,1226-7198,1643,4604,6247
현대소설연구,인문학,한국어와문학,1229-3830,2236,3942,6178
청람어문교육,인문학,한국어와문학,1598-1967,2238,3864,6102
한국현대문학연구,인문학,한국어와문학,1229-2052,1880,3982,5862
우리어문연구,인문학,한국어와문학,1226-7341,2110,3441,5551
문학교육학,인문학,한국어와문학,1229-487X,1816,3721,5537
한국문학이론과 비평,인문학,한국어와문학,1598-3501,1817,3561,5378
국제어문,인문학,한국어와문학,1225-1216,2215,3137,5352
우리말글,인문학,한국어와문학,2713-5586,2248,3100,5348
한국언어문학,인문학,한국어와문학,1229-1730,1694,3575,5269
독서연구,인문학,한국어와문학,1598-9607,1519,3594,5113
학습자중심교과교육연구,사회과학,교육학,1598-2106,2850,2214,5064
한말연구,인문학,한국어와문학,1229-4500,2352,2674,5026
작문연구,인문학,한국어와문학,1738-883X,1682,3196,4878
한국한문학연구,인문학,한국어와문학,1228-128X,1281,3483,4764
현대문학의 연구,인문학,한국어와문학,1229-9030,1633,3017,4650
어문논집,인문학,한국어와문학,1226-6388,1047,3590,4637
고소설연구,인문학,한국어와문학,1229-4896,1217,3389,4606
우리문학연구,인문학,한국어와문학,1229-7429,2203,2389,4592
한국시학연구,인문학,한국어와문학,1229-1943,1608,2883,4491
여성문학연구,인문학,한국어와문학,1229-4632,1411,3047,4458
어문론집,인문학,한국어와문학,1229-6406,2311,2057,4368
한국학연구,인문학,기타인문학,1225-469X,1783,2577,4360
고전문학연구,인문학,한국어와문학,1225-1445,1008,3315,4323
문법 교육,인문학,한국어와문학,1738-5296,1797,2484,4281
한국초등국어교육,인문학,한국어와문학,1229-8395,1293,2846,4139
국문학연구,인문학,한국어와문학,1598-2076,2685,1408,4093
한국고전여성문학연구,인문학,한국어와문학,1229-9316,1102,2950,4052
현대문학이론연구,인문학,문학,1598-124X,1533,2443,3976
대동문화연구,인문학,기타인문학,1225-3820,950,2894,3844
외국어로서의 한국어교육,인문학,한국어와문학,1598-8201,1128,2682,3810
한국문학논총,인문학,한국어와문학,1226-9913,1387,2400,3787
반교어문연구,인문학,한국어와문학,1598-2734,1559,2205,3764
한국문학연구,인문학,한국어와문학,1229-4373,1086,2662,3748
문화와융합,복합학,학제간연구,2950-9742,2642,1009,3651
한국근대문학연구,인문학,한국어와문학,1229-8131,991,2531,3522
구비문학연구,인문학,한국어와문학,1229-019X,1108,2368,3476
韓國古典硏究,인문학,한국어와문학,1226-3850,1700,1757,3457
비평문학,인문학,한국어와문학,1225-0430,1378,2052,3430
어문론총,기타,기타,nan,1574,1851,3425
리터러시 연구,사회과학,교육학,2586-7229,2318,1035,3353
배달말,인문학,한국어와문학,nan,1033,2312,3345
한국시가연구,인문학,한국어와문학,1226-5578,1245,2048,3293
동방한문학,인문학,한국어와문학,1226-668X,1197,2063,3260
언어와 문화,인문학,한국어와문학,1738-3641,1391,1852,3243
한민족문화연구,인문학,한국어와문학,1598-9836,1278,1901,3179
우리말연구,인문학,한국어와문학,1226-7139,1226,1897,3123
한국문예비평연구,인문학,한국어와문학,1226-7627,1246,1825,3071
열상고전연구,인문학,한국어와문학,1738-2734,1102,1926,3028
민족문화연구,인문학,기타인문학,1229-7925,1026,1956,2982
인문학연구,인문학,기타인문학,1598-9259,1268,1692,2960
판소리연구,인문학,한국어와문학,1598-3552,674,2250,2924
한중인문학연구,인문학,한국어와문학,1598-0383,1058,1795,2853
국어문학,인문학,한국어와문학,1229-3946,1282,1565,2847
한국언어문화,인문학,한국어와문학,1598-1576,1029,1781,2810
언어학,인문학,언어학,1225-7141,697,2081,2778
영주어문,인문학,한국어와문학,1598-9011,1476,1218,2694
진단학보,인문학,역사학,1013-4719,321,2336,2657
한국문화,인문학,기타인문학,1226-8356,525,2116,2641
교양교육연구,복합학,학제간연구,1976-3212,1259,1378,2637
고전문학과 교육,인문학,문학,1598-7108,939,1642,2581
漢字漢文敎育,인문학,한국어와문학,1598-1363,876,1683,2559
화법연구,인문학,한국어와문학,1598-9542,734,1805,2539
어문연구(語文硏究),인문학,한국어와문학,1229-1617,2517,0,2517
한국언어문화학,사회과학,교육학,1738-2793,859,1621,2480
형태론,인문학,언어학,1229-2567,601,1867,2468
구보학보,인문학,한국어와문학,2005-632X,1454,972,2426
텍스트언어학,인문학,언어학,1229-0203,441,1951,2392
동방학지,인문학,기타인문학,1226-6728,532,1836,2368
구결연구,인문학,한국어와문학,1226-6019,708,1644,2352
한국어문교육,기타,기타,1225-3970,1177,1065,2242
방언학,인문학,한국어와문학,1738-8686,988,1182,2170
동악어문학,인문학,한국어와문학,1229-4306,991,1174,2165
국어사연구,인문학,한국어와문학,1738-477X,1025,1130,2155
대중서사연구,복합학,학제간연구,1738-3188,827,1314,2141
겨레어문학,인문학,한국어와문학,1229-5175,797,1338,2135
Journal of korean Culture,인문학,한국어와문학,1976-0744,1314,820,2134
인문논총,기타,기타,nan,697,1402,2099
언어사실과 관점,인문학,한국어와문학,1738-1908,1125,967,2092
漢文學報,인문학,한국어와문학,1229-4136,518,1528,2046
인문과학연구,인문학,기타인문학,2636-1000,731,1293,2024
문학치료연구,인문학,문학,1738-3854,874,1119,1993
한국학논집,인문학,기타인문학,1738-8902,662,1326,1988
언어과학연구,인문학,언어학,1229-0343,505,1472,1977
담화와 인지,인문학,언어학,1226-5691,372,1567,1939
언어,인문학,언어학,1229-4039,294,1623,1917
漢文敎育論集,인문학,한국어와문학,2951-0813,1190,702,1892
고전과 해석,인문학,한국어와문학,1975-8499,1028,847,1875
이화어문논집,인문학,문학,1229-7224,783,1088,1871
동양한문학연구,인문학,한국어와문학,2005-7520,678,1169,1847
시조학논총,인문학,한국어와문학,1226-2838,627,1211,1838
동양고전연구,인문학,기타인문학,nan,794,931,1725
온지논총,인문학,기타인문학,nan,766,928,1694
한국사상과 문화,인문학,한국어와문학,1229-1749,506,1174,1680
언어와 정보 사회,인문학,언어학,1598-1886,939,694,1633
역사비평,인문학,역사학,1227-3627,131,1494,1625
어학연구,인문학,언어학,0254-4474,74,1533,1607
지명학,인문학,한국어와문학,1229-0378,575,1030,1605
사회언어학,인문학,언어학,1226-4822,457,1140,1597
한국극예술연구,예술체육학,기타예술체육,1225-7729,498,1075,1573
한민족어문학(구 영남어문학),인문학,한국어와문학,1229-0742,1494,0,1494
인문과학,기타,기타,1225-3960,486,954,1440
돈암어문학,인문학,한국어와문학,1229-2117,661,777,1438
우리말교육현장연구,인문학,한국어와문학,1976-3204,753,680,1433
한국민족문화,인문학,기타인문학,1226-7562,642,791,1433
한국시가문화연구,인문학,한국어와문학,2466-1759,695,697,1392
동남어문논집,인문학,한국어와문학,1226-9131,749,615,1364
춘원연구학보,인문학,한국어와문학,2636-1205,883,465,1348
비교한국학 Comparative Korean Studies,인문학,기타인문학,1226-2250,692,655,1347
동양학,인문학,기타인문학,1229-3199,331,992,1323
사이間SAI,인문학,한국어와문학,1975-7743,521,758,1279
한국문학과 예술,복합학,감성과학,1976-8400,863,410,1273
한국사전학,인문학,사전학,1598-8694,324,936,1260
비교문학,인문학,기타인문학,1225-0910,344,883,1227
漢文古典硏究,인문학,한국어와문학,1975-521X,618,595,1213
인문사회 21,사회과학,기타사회과학,2951-049X,1189,0,1189
언어학 연구,인문학,언어학,1975-8251,487,661,1148
한국한시연구,인문학,한국어와문학,1598-0545,223,907,1130
인문연구,기타,기타,1225-4665,346,757,1103
한국문예창작,인문학,문학,1598-9267,499,595,1094
사고와표현,사회과학,교육학,2005-467X,579,483,1062
국제한인문학연구,인문학,한국어와문학,1738-4249,607,437,1044
동아시아문화연구,인문학,기타인문학,2383-6180,433,586,1019
교육과정연구,사회과학,교육학,1229-3202,44,973,1017
한국학,인문학,기타인문학,2671-8197,437,569,1006
한국학보,기타,기타,nan,0,994,994
동아시아고대학,인문학,기타인문학,1229-8298,488,481,969
서강인문논총,인문학,기타인문학,1226-8178,351,612,963
비교문화연구,인문학,문학,1598-0685,361,578,939
한어문교육,인문학,한국어와문학,1738-3552,370,564,934
영남학,인문학,유교학,2233-7032,427,504,931
시학과 언어학,인문학,기타인문학,1598-2793,146,775,921
민족문화,기타,기타,nan,308,606,914
아동청소년문학연구,인문학,문학,1976-8036,447,463,910
한국콘텐츠학회 논문지,복합학,학제간연구,1598-4877,302,607,909
교육문화연구,사회과학,교육학,1598-9283,314,562,876
인문사회과학연구,사회과학,사회과학일반,2288-8861,535,323,858
대동한문학(大東漢文學),인문학,한국어와문학,1229-4411,821,0,821
언어와언어학,인문학,언어학,1225-4967,270,545,815
역사와 현실,인문학,역사학,nan,94,712,806
한문학논집(漢文學論集),인문학,한국어와문학,1225-1313,805,0,805
한국실학연구,인문학,역사학,1598-0928,189,611,800
열린정신 인문학 연구,인문학,기타인문학,1738-7701,527,271,798
언어연구,인문학,언어학,1225-4770,146,650,796
민족문화 논총,기타,기타,nan,245,545,790
南冥學硏究,인문학,철학,1226-8925,282,505,787
개신어문연구,인문학,한국어와문학,1226-7406,85,699,784
교육과정평가연구,사회과학,교육학,1229-1544,154,629,783
국제언어문학,인문학,기타동양어문학,1229-8468,472,304,776
한성어문학,인문학,한국어와문학,1229-8271,273,500,773
국학연구,인문학,기타인문학,1598-8082,282,488,770
코기토,인문학,기타인문학,1975-6046,371,399,770
한국사연구,인문학,역사학,1226-296X,109,654,763
인문콘텐츠,인문학,기타인문학,1975-4469,205,550,755
동방학,인문학,기타인문학,1598-1452,313,439,752
중국어문학논집,인문학,중국어와문학,1225-973X,223,528,751
서지학연구,복합학,문헌정보학,1225-5246,225,524,749
한국문화연구,인문학,기타인문학,1598-4176,169,573,742
역사학보,인문학,역사학,1225-1615,286,454,740
한국민속학,인문학,역사학,1229-6953,61,671,732
비교민속학,인문학,역사학,1598-1010,106,597,703
한국언론학보,사회과학,신문방송학,2586-7369,31,652,683
동북아 문화연구,복합학,학제간연구,1598-3692,236,442,678
Foreign Languages Education,인문학,언어학,1226-4628,184,490,674
동화와 번역,인문학,문학,2093-1700,228,444,672
역사문제연구,인문학,역사학,1226-4199,130,539,669
동아인문학,인문학,기타인문학,1598-6888,349,317,666
한국민요학,복합학,학제간연구,1598-9615,194,462,656
한국초등교육,사회과학,교육학,1976-698X,282,372,654
외국문학연구,인문학,문학,1226-444X,160,486,646
국학연구론총,인문학,기타인문학,2005-1999,405,237,642
기호학 연구,인문학,언어학,1229-3172,198,443,641
근대서지,복합학,문헌정보학,2093-4726,99,526,625
번역학연구,인문학,통역번역학,1229-795X,218,404,622
규장각,인문학,기타인문학,1975-6283,163,449,612
세계문학비교연구,인문학,문학,1226-6655,192,414,606
통일인문학,인문학,기타인문학,2288-9841,332,270,602
언어과학,인문학,언어학,1225-2522,232,361,593
아시아문화연구,기타,기타,2287-9870,235,353,588
한국무속학,인문학,역사학,1738-1614,203,379,582
조선시대사학보,인문학,역사학,1226-5705,167,413,580
Korea Journal,인문학,한국어와문학,0023-3900,217,361,578
한국사상사학,인문학,역사학,1226-9441,147,428,575
영화연구,예술체육학,영화,1598-9682,154,420,574
藏書閣,인문학,역사학,1229-7755,229,337,566
문학과환경,인문학,문학,1599-7650,270,291,561
개념과 소통,인문학,역사학,2005-1492,236,315,551
한국아동문학연구,인문학,문학,2005-002X,271,276,547
석당논총,인문학,기타인문학,1738-6578,192,354,546
다문화콘텐츠연구,사회과학,사회과학일반,2092-5042,252,293,545
사학연구,인문학,역사학,1225-133X,103,438,541
연민학지,인문학,기타인문학,2092-7428,234,299,533
탐라문화,인문학,기타인문학,1226-5306,169,363,532
한국여성학,복합학,여성학,1226-3117,48,483,531
철학연구,인문학,철학,1229-022X,39,490,529
서울학연구,인문학,기타인문학,1225-746x,134,387,521
현대문법연구,인문학,영어와문학,1226-3206,172,347,519
한국근현대사연구,인문학,역사학,1227-8203,90,417,507
일어일문학연구,인문학,일본어와문학,1226-2552,141,355,496
중국언어연구,인문학,중국어와문학,1229-554X,259,236,495
문화교류와 다문화교육,복합학,감성과학,2765-5040,343,149,492
韓國史學報,인문학,역사학,1229-6252,120,368,488
공연문화연구,예술체육학,예술일반,1598-981X,211,273,484
외국어교육연구,기타,기타,1229-5892,172,310,482
중국문학,인문학,중국어와문학,1226-2943,122,359,481
아세아연구,사회과학,지역학,1226-4385,66,412,478
중국학논총,인문학,중국어와문학,1229-2540,185,290,475
말소리와 음성과학,복합학,학제간연구,2005-8063,60,409,469
중국어문논총,인문학,중국어와문학,1226-4555,139,321,460
교육연구,사회과학,교육학,1738-2246,174,284,458
한국사회학,사회과학,사회학,1225-0120,15,441,456
어문학논총,기타,기타,1226-0029,0,454,454
일본학보,인문학,일본어와문학,1225-1453,112,341,453
교양학 연구,사회과학,교육학,2465-7581,355,94,449
초등교육연구,사회과학,교육학,1225-2905,40,401,441
인문과학연구논총,인문학,기타인문학,1225-2360,220,220,440
국어교과교육연구,기타,기타,1598-2165,0,434,434
한국민족운동사연구,인문학,역사학,1226-9980,54,380,434
이상리뷰,인문학,한국어와문학,2466-0914,289,140,429
동양철학연구,인문학,철학,1229-5965,84,333,417
아시아여성연구,복합학,여성학,1225-9241,104,310,414
실천민속학 연구,인문학,역사학,1975-5740,146,263,409
한국연극학,예술체육학,연극,1229-2877,128,278,406
역사연구,인문학,역사학,1229-1714,184,220,404
철학논총,인문학,철학,1226-9379,47,350,397
일본연구,인문학,일본어와문학,1229-6309,143,249,392
교육학연구,기타,기타,nan,29,356,385
한국음악연구,예술체육학,음악학,1975-4604,111,272,383
중국어문학지,인문학,중국어와문학,1226-735X,110,272,382
일본문화연구,인문학,일본어와문학,2765-7124,127,254,381
중국학보,인문학,중국어와문학,1226-850x,131,248,379
교과교육학연구,사회과학,교육학,1975-3217,98,280,378
중어중문학,인문학,중국어와문학,1226-2900,135,242,377
문화역사지리,사회과학,지리학,1225-6420,121,255,376
독일어문학,인문학,독일어와문학,1229-1560,50,324,374
교육심리연구,사회과학,교육학,1225-4290,6,366,372
영어영문학,인문학,영어와문학,1016-2283,39,333,372
사회과학연구,사회과학,사회과학일반,1225-5890,23,348,371
문학과 종교,인문학,기타인문학,1229-5620,140,230,370
중국인문과학,인문학,중국어와문학,1225-3499,143,225,368
남도문화연구,인문학,기타인문학,1975-826X,223,143,366
순천향 인문과학논총,인문학,기타인문학,1738-2173,210,153,363
독어교육,인문학,독일어와문학,1226-2749,72,287,359
한국학논총,인문학,역사학,1225-9977,47,306,353
생성문법연구,인문학,언어학,1225-6048,102,245,347
역사민속학,인문학,역사학,1229-8921,73,268,341
동서비교문학저널,인문학,문학,1229-2745,143,196,339
경제와 사회,사회과학,사회학,1227-1373,26,312,338
드라마연구,예술체육학,연극,1738-9267,143,195,338
한국독립운동사연구,인문학,역사학,1225-7028,42,295,337
건지인문학,인문학,기타인문학,2092-7517,221,113,334
불어불문학연구,인문학,프랑스어와문학,1226-4350,31,303,334
여성과 역사,인문학,역사학,1738-6691,108,226,334
日本語文學,인문학,일본어와문학,1226-0576,84,249,333
유학연구,인문학,철학,1229-5035,179,154,333
교원교육,사회과학,교육학,1225-2042,125,205,330
중국소설논총,인문학,중국어와문학,1225-9624,92,238,330
시대와 철학,인문학,철학,1227-2809,17,310,327
수사학,인문학,기타인문학,1738-415X,127,198,325
일본어문학,인문학,일본어와문학,1226-9301,126,199,325
한국교원교육연구,사회과학,교육학,1738-7256,30,295,325
만주연구,사회과학,지역학,1738-3668,142,182,324
민주주의와 인권,사회과학,사회과학일반,1598-2114,88,234,322
한국어 교육 연구,사회과학,교육학,2383-8043,114,208,322
중국어문학,인문학,중국어와문학,1225-083X,71,250,321
통번역학연구,인문학,통역번역학,1975-6321,141,180,321
日本學硏究,인문학,일본어와문학,1598-737X,132,187,319
페미니즘연구,복합학,여성학,1598-4192,39,278,317
태동고전연구,인문학,기타인문학,1225-9152,122,193,315
한국도서관·정보학회지,복합학,문헌정보학,2466-2542,61,254,315
인문학논총,인문학,기타인문학,1976-6009,66,248,314
교육공학연구,사회과학,교육학,1225-424X,8,301,309
역사와경계,인문학,역사학,1598-625X,84,222,306
유교사상문화연구,인문학,유교학,1226-7082,64,241,305
남도민속연구,인문학,역사학,1975-4728,131,172,303
동서철학연구,인문학,철학,1225-1968,39,263,302
언어치료연구,사회과학,교육학,1226-587X,40,261,301
말소리,복합학,학제간연구,1226-1173,0,300,300
한국음악사학보,예술체육학,음악학,1226-3443,76,224,300
응용언어학,인문학,언어학,1225-3871,21,277,298
중국학,인문학,중국어와문학,1229-9618,161,136,297
한국문화인류학,인문학,역사학,1226-055X,40,257,297
현대영화연구,예술체육학,영화,1975-5082,133,164,297
용봉인문논총,인문학,기타인문학,2713-8267,198,98,296
문학과 영상,인문학,문학,1229-9847,65,230,295
교육평가연구,사회과학,교육학,nan,18,276,294
사림,인문학,역사학,1229-9545,86,204,290
퇴계학보,인문학,유교학,1225-4398,43,247,290
한국어문화교육,사회과학,교육학,nan,91,199,290
음성음운형태론연구,인문학,언어학,1226-8690,50,238,288
전남대 어문논총,인문학,한국어와문학,1975-6178,234,51,285
서지학보,복합학,문헌정보학,nan,24,258,282
人文學硏究,인문학,기타인문학,1738-0979,188,92,280
역사교육,인문학,역사학,1225-0570,62,218,280
한국어와 문화,인문학,한국어와문학,1976-0582,0,280,280
언론과 사회,사회과학,신문방송학,1228-954X,42,237,279
중국문학연구,인문학,중국어와문학,1226-6698,98,181,279
古文書硏究,인문학,역사학,1598-3218,42,236,278
유아교육연구,기타,기타,1738-8864,47,231,278
포은학연구,인문학,기타인문학,1976-7048,179,99,278
동서인문학,인문학,기타인문학,2713-6493,182,95,277
열린교육연구,사회과학,교육학,1229-8379,54,220,274
동양문화연구,인문학,기타인문학,1976-1872,135,138,273
불교학보,인문학,불교학,1226-1386,57,216,273
로컬리티 인문학,인문학,기타인문학,2005-9221,97,174,271
한일관계사연구,인문학,역사학,1229-3687,60,209,269
한국정치학회보,사회과학,정치외교학,1229-506X,28,240,268
한남어문학,인문학,기타인문학,1226-3087,31,237,268
중국학연구,기타,기타,1598-6802,42,224,266
동학학보,인문학,역사학,1598-7566,142,123,265
다문화교육연구,사회과학,교육학,2005-4963,96,165,261
미술사학연구,예술체육학,미술,1225-2565,77,184,261
프랑스어문교육,인문학,프랑스어와문학,1226-3400,69,192,261
언어와 정보,인문학,언어학,1226-7430,55,204,259
글로컬 어문학 문화 연구,인문학,기타인문학,nan,257,0,257
인문언어,인문학,기타인문학,1598-2130,99,158,257
역사학연구,인문학,역사학,1975-2431,79,177,256
통역과 번역,인문학,통역번역학,1229-6074,97,158,255
중국연구,인문학,중국어와문학,1225-8695,74,178,252
한국교육사학,사회과학,교육학,1225-1461,66,186,252
한국프랑스학논집,인문학,프랑스어와문학,1229-568X,39,211,250
철학,인문학,철학,1225-1518,9,239,248
人文科學硏究,인문학,기타인문학,2005-0933,159,86,245
日本文化學報,인문학,일본어와문학,1226-3605,106,139,245
호남학,인문학,기타인문학,2671-8944,149,96,245
Communication Sciences and Disorders,사회과학,교육학,nan,6,238,244
어린이문학교육연구,사회과학,교육학,1598-3277,97,147,244
여성학논집,복합학,여성학,1598-7698,46,197,243
영어영문학연구,인문학,영어와문학,1598-3293,42,201,243
교사교육연구,사회과학,교육학,2005-1484,84,158,242
비평과이론,인문학,영어와문학,1598-9089,18,224,242
아시아교육연구,사회과학,교육학,1229-9448,8,233,241
현상과 인식,복합학,학제간연구,1229-3555,41,200,241
스토리앤이미지텔링,인문학,기타인문학,2234-3431,169,71,240
한국불교학,인문학,종교학,1225-0945,71,166,237
독일언어문학,인문학,독일어와문학,1229-0106,39,196,235
민속학연구,인문학,역사학,1229-8662,85,150,235
중등교육연구,사회과학,교육학,1598-5202,32,202,234
한국과학교육학회지,사회과학,교육학,1226-5187,11,222,233
한국철학논집,인문학,철학,1598-5024,56,177,233
다산학,인문학,유교학,1598-8856,55,177,232
중국현대문학,인문학,중국어와문학,1225-0716,59,172,231
The Review of Korean Studies,인문학,한국어와문학,1229-0076,120,110,230
퇴계학논총,인문학,기타인문학,1738-3994,108,121,229
한국언론정보학보,사회과학,신문방송학,1598-3757,21,208,229
대구사학,인문학,역사학,1225-9039,59,169,228
민족연구,사회과학,기타사회과학,1229-2796,114,113,227
지방사와 지방문화,인문학,역사학,1229-9286,47,180,227
한국고대사연구,인문학,역사학,1226-6213,31,196,227
숭실어문,기타,기타,1598-2025,0,224,224
한국출판학연구,사회과학,신문방송학,1738-0421,70,152,222
교육철학연구,사회과학,교육학,1598-1568,34,186,220
Acta Koreana,인문학,기타인문학,1520-7412,144,75,219
동아문화,기타,기타,nan,0,219,219
청소년학연구,사회과학,기타사회과학,1229-6988,22,197,219
시민교육연구,사회과학,교육학,1598-7280,50,167,217
전북사학,인문학,역사학,1229-2001,76,141,217
퇴계학논집,인문학,철학,2005-3851,86,130,216
지역과 역사,인문학,역사학,1229-6600,82,131,213
양명학,인문학,철학,1229-5957,67,145,212
인지과학,복합학,인지과학,1226-4067,0,212,212
日本語敎育,인문학,일본어와문학,2005-7016,83,128,211
안과밖:영미문학연구,인문학,영어와문학,1226-3761,42,169,211
역사와 실학,인문학,역사학,1976-1023,60,150,210
고전번역연구,인문학,한국어와문학,2233-582X,125,84,209
역사와 담론,인문학,역사학,3092-5088,59,150,209
예술인문사회 융합 멀티미디어 논문지,복합학,학제간연구,2383-5281,98,111,209
만화애니메이션연구,예술체육학,예술일반,1738-009X,64,144,208
교육정보미디어연구,사회과학,교육학,1229-7291,18,189,207
의사학,인문학,역사학,1225-505X,56,151,207
한국방송학보,사회과학,신문방송학,1229-0254,17,188,205
교육인류학연구,사회과학,교육학,1229-3911,30,174,204
교육철학,사회과학,교육학,1738-186X,23,180,203
일본언어문화,인문학,일본어와문학,1598-9585,94,109,203
철학사상,기타,기타,1226-7007,8,195,203
기억과 전망,사회과학,사회학,1599-712x,56,145,201
대동철학,인문학,철학,1229-0750,42,159,201
역사문화연구,인문학,역사학,1598-6454,56,144,200
윤리교육연구,사회과학,교육학,1738-0545,49,151,200
강원문화연구,인문학,기타인문학,1225-1860,22,177,199
감성연구,인문학,기타인문학,2093-7768,82,116,198
"미디어, 젠더 & 문화",사회과학,신문방송학,1738-2483,55,143,198
율곡학연구,인문학,기타인문학,1738-8236,118,80,198
일어일문학,인문학,일본어와문학,1226-4660,70,128,198
교육과학연구,기타,기타,nan,17,180,197
민속연구,인문학,역사학,2093-8438,63,134,197
현대북한연구,사회과학,정치외교학,1229-4616,69,128,197
노어노문학,기타,기타,1225-0414,79,116,195
범한철학,인문학,철학,1225-1410,16,179,195
신라문화,인문학,역사학,1229-0939,51,144,195
인간연구,인문학,철학,1229-6740,29,166,195
한국인물사연구,인문학,역사학,1738-3307,25,169,194
동아한학연구,인문학,한국어와문학,1975-9886,154,38,192
철학과 현실,인문학,철학,nan,0,192,192
동양예술,예술체육학,미술,1975-0927,111,80,191
한국여성철학,인문학,철학,1975-0013,25,162,187
대한지리학회지,사회과학,지리학,1225-6633,34,152,186
디지털융복합연구,복합학,과학기술학,2713-6434,17,169,186
사회과교육,사회과학,교육학,1225-0643,34,152,186
언론과학연구,사회과학,신문방송학,1598-2653,17,169,186
중국어문논역총간,인문학,중국어와문학,1226-8100,52,134,186
한국엔터테인먼트산업학회논문지,복합학,학제간연구,1976-6211,111,74,185
영어교육,인문학,영어와문학,1017-7108,6,178,184
커뮤니케이션학 연구,복합학,학제간연구,1598-4494,37,145,182
도교문화연구,인문학,종교학,1598-7906,38,143,181
한국문헌정보학회지,복합학,문헌정보학,1225-598X,40,140,180
다문화와 평화,복합학,학제간연구,2092-576X,79,100,179
교육방법연구,사회과학,교육학,1598-5903,13,164,177
동북아역사논총,인문학,역사학,1975-7840,33,144,177
종교연구,인문학,종교학,1226-3516,25,152,177
한국교육학연구,사회과학,교육학,1598-9054,13,164,177
韓國史學史學報,인문학,역사학,1229-7488,44,130,174
기초조형학연구,예술체육학,예술일반,1598-8635,29,144,173
독어독문학,인문학,독일어와문학,2713-9808,61,112,173
횡단인문학,인문학,기타인문학,2586-6192,131,42,173
글로벌문화콘텐츠,인문학,기타인문학,2005-6176,84,88,172
한국소통학보,사회과학,신문방송학,2635-6309,71,101,172
프랑스학연구,인문학,프랑스어와문학,1226-5128,21,149,170
현대유럽철학연구,인문학,철학,2093-4440,46,123,169
비교교육연구,사회과학,교육학,1229-3903,6,162,168
시민인문학,인문학,기타인문학,2005-7164,83,85,168
외국학연구,인문학,기타인문학,2288-4599,104,64,168
인문과학논총,기타,기타,1225-8342,0,168,168
한국예술연구,예술체육학,예술일반,2093-6494,97,71,168
제주도연구,사회과학,지역학,1229-7569,61,106,167
항도부산,인문학,기타인문학,2093-1875,82,85,167
불교학연구,인문학,불교학,1598-0642,35,131,166
아동학회지,자연과학,생활과학,1226-1688,1,165,166
교육사상연구,사회과학,교육학,1738-1851,64,99,163
문화콘텐츠연구,인문학,기타인문학,2287-2256,83,80,163
역사교육논집,인문학,역사학,1225-0775,47,116,163
통번역교육연구,인문학,통역번역학,1738-1223,116,47,163
교육논총,기타,기타,nan,0,162,162
이화사학연구,기타,기타,nan,21,141,162
교육종합연구,사회과학,교육학,1738-351X,36,124,160
국악원논문집,예술체육학,음악학,1225-7796,78,82,160
탈경계인문학Trans-Humanities,인문학,기타인문학,2092-6081,105,55,160
융합인문학,복합학,학제간연구,2288-6222,124,35,159
한국교육,사회과학,교육학,1599-2659,4,154,158
동국사학,인문학,역사학,1225-0376,49,108,157
사회와역사(구 한국사회사학회논문집),사회과학,사회학,1226-5535,157,0,157
철학탐구,인문학,철학,1598-7213,20,135,155
중국사연구,인문학,역사학,1226-4571,30,124,154
현대사회와 다문화,사회과학,사회과학일반,2234-1013,93,61,154
중국문화연구,인문학,중국어와문학,1598-8503,63,90,153
한국문화기술,인문학,문학,1738-9755,57,96,153
명청사연구,인문학,역사학,1598-2017,27,125,152
언어정보,인문학,언어학,1226-8011,38,114,152
철학∙사상∙문화,인문학,기타인문학,1975-1621,84,68,152
열린유아교육연구,사회과학,교육학,1226-8119,27,124,151
일본근대학연구,인문학,일본어와문학,1229-9456,50,101,151
한국기독교와 역사,인문학,기독교신학,1598-7256,25,126,151
도시인문학연구,인문학,기타인문학,2005-873X,70,80,150
여성과사회,기타,기타,1227-0946,0,149,149
동아연구,사회과학,지역학,1225-3308,25,123,148
한중언어문화연구,인문학,중국어와문학,1738-0502,110,38,148
Seoul Journal of Korean Studies,사회과학,지역학,1225-0201,81,66,147
미학예술학연구,예술체육학,기타예술체육,1229-0246,18,129,147
백산학보,인문학,역사학,1225-7109,32,115,147
사회과교육연구,사회과학,교육학,1225-6838,35,112,147
문화와 사회,사회과학,사회학,1975-7239,40,106,146
비교일본학,인문학,일본어와문학,2092-5328,88,58,146
교육사회학연구,사회과학,교육학,1229-344X,4,141,145
북한연구학회보,사회과학,정치외교학,1229-1161,27,118,145
언론정보연구,사회과학,신문방송학,1738-6195,11,134,145
독어학,인문학,독일어와문학,1229-6333,53,91,144
대학교양교육연구,사회과학,교육학,2508-6790,110,33,143
여성학연구,복합학,여성학,1598-950X,65,78,143
한국전통조경학회지,농수해양학,조경학,1738-236X,19,124,143
공학교육연구,복합학,학제간연구,1738-6454,32,110,142
동광,사회과학,사회복지학,1976-8567,0,141,141
몽골학,인문학,기타동양어문학,1229-7097,61,79,140
교회사연구,인문학,가톨릭신학,1226-7104,22,116,138
사회와 이론,사회과학,사회학,1598-6500,12,126,138
멀티미디어 언어교육,인문학,영어와문학,1229-8107,21,115,136
교육문제 연구,기타,기타,nan,9,126,135
동양철학,인문학,철학,1598-6780,41,94,135
『도서문화』,인문학,기타인문학,1598-4893,74,60,134
국제정치논총,사회과학,정치외교학,1598-4818,6,128,134
한국동양정치사상사연구,사회과학,정치외교학,1598-5954,42,92,134
한국말글학,기타,기타,1229-7100,0,134,134
한국중세사연구,인문학,역사학,1225-8970,32,102,134
씨네포럼,예술체육학,영화,2093-9965,58,75,133
재외한인연구,인문학,기타인문학,1226-3494,34,99,133
인문과학논집,기타,기타,1226-5349,0,132,132
보조사상,인문학,종교학,1229-7968,37,94,131
정보관리학회지,복합학,문헌정보학,1013-0799,15,116,131
공공언어학,인문학,언어학,2636-137X,61,69,130
한국산학기술학회논문지,공학,공학일반,1975-4701,34,96,130
다문화사회연구,사회과학,사회과학일반,2005-2553,65,64,129
서울과 역사,인문학,역사학,2466-1465,61,68,129
일본어학연구,인문학,일본어와문학,1229-7275,75,54,129
한국과학사학회지,복합학,과학기술학,1229-7895,21,108,129
교육사학연구,사회과학,교육학,1598-9151,30,98,128
사회와 철학,인문학,철학,1738-6519,9,119,128
기전문화연구,인문학,기타인문학,2092-7401,38,88,126
영어교육연구,인문학,영어와문학,1226-6566,8,118,126
일본비평,사회과학,지역학,2092-6863,32,94,126
국제지역연구,사회과학,지역학,1226-5810,8,115,123
군사,인문학,역사학,1598-317X,42,81,123
사회사상과 문화,사회과학,사회학,1229-1234,26,97,123
영상예술연구,예술체육학,기타예술체육,1598-9119,12,111,123
특수교육저널:이론과 실천,사회과학,교육학,1598-060X,10,112,122
상담학 연구,기타,기타,1598-2068,1,120,121
美術史論壇,예술체육학,미술,1225-9519,14,104,118
韓日民族問題硏究,복합학,학제간연구,1598-8414,35,83,118
애니메이션연구,예술체육학,영화,1738-8627,29,87,116
원불교사상과 종교문화,인문학,종교학,1738-1975,48,68,116
숭실사학,인문학,역사학,2005-9701,42,73,115
통일과 평화,사회과학,사회학,2092-500X,69,46,115
평생교육학연구,사회과학,교육학,1598-785X,7,108,115
禪文化硏究,인문학,불교학,1975-857X,57,57,114
교육행정학연구,사회과학,교육학,1226-8755,12,102,114
다문화사회와 교육연구,인문학,기타인문학,2586-6206,100,14,114
아동교육,사회과학,교육학,1226-2722,12,102,114
어문학연구,기타,기타,nan,0,114,114
역사와 융합,인문학,기타인문학,2586-2774,105,9,114
일본어교육연구,인문학,일본어와문학,1598-4311,83,31,114
동양사학연구,인문학,역사학,1226-1270,13,100,113
동남아연구,복합학,학제간연구,1225-4738,45,67,112
새한영어영문학,인문학,영어와문학,1598-7124,10,102,112
정치사상연구,사회과학,정치외교학,1229-4217,14,98,112
유아교육학논집,사회과학,교육학,1229-5809,16,95,111
미술사학보,예술체육학,미술,1598-1258,47,63,110
백록어문교육,인문학,한국어와문학,2951-1410,106,4,110
스페인어문학,인문학,스페인어와문학,1738-2130,43,67,110
한국정치외교사논총,사회과학,정치외교학,1229-4608,7,101,108
알타이학보,인문학,기타인문학,1226-6582,4,103,107
중국어교육과 연구,인문학,중국어와문학,1738-7892,56,49,105
현대영어영문학,인문학,영어와문학,1738-7620,25,80,105
문화예술교육연구,복합학,감성과학,1975-6186,42,62,104
아시아영화연구,예술체육학,영화,2005-5641,57,47,104
중앙사론,인문학,역사학,1229-3652,28,76,104
카프카 연구,인문학,독일어와문학,1229-618X,9,95,104
한국디자인문화학회지,예술체육학,디자인,1598-6497,37,67,104
서예학연구,예술체육학,미술,1738-2823,60,43,103
철학논집,인문학,철학,1738-8104,5,98,103
史叢,인문학,인문학,1229-4446,0,102,102
동아시아불교문화,인문학,불교학,2714-0938,54,48,102
미술사연구,예술체육학,미술,1229-3326,26,76,102
젠더와 문화,복합학,여성학,2005-6354,41,61,102
지식과 교양,복합학,학제간연구,2671-5473,93,9,102
커뮤니케이션 이론,사회과학,신문방송학,1738-7221,15,87,102
한국전통문화연구,복합학,학제간연구,2287-3546,7,95,102
日本學(일본학),인문학,기타인문학,1598-1134,101,0,101
대각사상,인문학,불교학,1229-1080,40,61,101
도남학보,기타,기타,nan,0,101,101
초등도덕교육,사회과학,교육학,1598-3110,31,70,101
한국과 국제사회,복합학,학제간연구,2508-8300,89,12,101
한국심리학회지: 인지 및 생물,사회과학,심리과학,1226-9654,1,100,101
해석학연구,인문학,철학,1598-9313,2,99,101
미국학 논집,인문학,영어와문학,1226-3753,11,89,100
평화학연구,사회과학,정치외교학,1738-2580,34,66,100
러시아어문학연구논집,인문학,러시아어와문학,1229-1188,34,65,99
영어학,인문학,영어와문학,1598-1398,28,71,99
정보과학회논문지,공학,컴퓨터학,2383-630X,0,99,99
한국고지도연구,사회과학,지리학,2092-6049,65,34,99
광고학연구,사회과학,신문방송학,1225-0554,5,93,98
日本思想,인문학,철학,1229-9235,33,64,97
방정환연구,인문학,철학,2671-4051,78,19,97
역사와 세계,인문학,역사학,2005-0143,24,73,97
영미문학페미니즘,인문학,영어와문학,1226-9689,8,89,97
통합교육과정연구,사회과학,교육학,1976-4227,38,59,97
가족과 문화,사회과학,사회과학일반,1229-5973,15,81,96
미술사학,예술체육학,미술,1229-8433,31,65,96
음악과 현실,예술체육학,음악학,2765-5539,70,26,96
한국지리환경교육학회지,사회과학,지리학,1226-511X,28,68,96
강좌미술사,예술체육학,미술,1226-6604,22,73,95
문화기술의 융합,복합학,과학기술학,2384-0358,61,34,95
한국비블리아학회지,복합학,문헌정보학,1229-2435,21,74,95
신라사학보,인문학,역사학,1738-2742,45,49,94
역사교육연구,인문학,역사학,1738-7639,30,64,94
역사와 문화,인문학,역사학,2287-2868,17,77,94
학습장애연구,사회과학,교육학,1738-7337,11,83,94
한국노년학,사회과학,사회복지학,1225-1356,2,92,94
디지털콘텐츠학회논문지,공학,컴퓨터학,1598-2009,30,63,93
사회이론,사회과학,사회학,1598-2300,17,75,92
영미어문학,인문학,영어와문학,1229-0580,20,72,92
한양어문,기타,기타,nan,0,92,92
현대영미어문학,인문학,영어와문학,1229-3814,19,73,92
경인교육대학교 교육연구원 교육논총,사회과학,교육학,1229-392X,56,35,91
공간과 사회,사회과학,지리학,1225-6706,12,79,91
신영어영문학,인문학,영어와문학,1226-9670,22,69,91
한국어 정보학,기타,기타,nan,22,68,90
영어어문교육,인문학,영어와문학,1226-2889,22,67,89
한양어문연구,기타,기타,nan,0,89,89
현상학과 현대철학,인문학,철학,1598-7434,0,89,89
JOURNAL OF KOREAN STUDIES,기타,기타,1598-3676,0,88,88
초등과학교육,사회과학,교육학,1598-3099,12,76,88
한국동북아논총,사회과학,사회과학일반,1229-3334,10,78,88
교육연구논총,사회과학,교육학,1738-9429,14,73,87
내러티브와 교육연구,사회과학,교육학,2288-6931,51,36,87
수산해양교육연구,농수해양학,수산학,1229-8999,57,30,87
인천학연구,인문학,기타인문학,1738-0936,17,70,87
통일문제연구,기타,기타,1975-5333,9,78,87
미술사와 시각문화,예술체육학,미술,1599-7324,52,34,86
아시아태평양융합연구교류논문지,복합학,학제간연구,2508-9080,80,6,86
한국불교사연구,인문학,불교학,2287-562X,53,33,86
孔子學,인문학,유교학,1738-2629,30,55,85
교양교육과 시민,사회과학,교육학,2713-6892,71,14,85
미술교육논총,예술체육학,미술,1229-0440,26,59,85
법사학연구,사회과학,법학,1226-2773,14,71,85
외국어로서의 독일어,인문학,독일어와문학,1229-0122,21,64,85
木簡과 文字,인문학,기타인문학,2005-4122,50,34,84
가족과 커뮤니티,인문학,기타인문학,2714-1187,71,13,84
아시아문화,기타,기타,1225-2034,0,84,84
영미문학교육,인문학,영어와문학,1229-2249,22,62,84
인문과 예술,인문학,기타인문학,2384-2067,67,17,84
헤세연구,인문학,독일어와문학,1598-3668,4,80,84
현대정신분석,인문학,기타인문학,1229-666X,7,77,84
중국근현대사연구,인문학,역사학,1598-8287,16,67,83
한국가정과교육학회지,사회과학,교육학,1225-1488,22,61,83
한국식생활문화학회지,자연과학,생활과학,1225-7060,20,63,83
조형미디어학,예술체육학,미술,2671-6194,24,58,82
초등교과교육연구,기타,기타,nan,0,81,81
초등영어교육,인문학,영어와문학,1226-461X,17,64,81
한국심리학회지:일반,사회과학,심리과학,1229-067X,3,78,81
도덕윤리과교육,사회과학,교육학,1598-8708,14,66,80
사이버커뮤니케이션학보,사회과학,사회과학일반,1598-5733,4,76,80
슬라브학보,인문학,러시아어와문학,1229-0548,26,54,80
영어교과교육,인문학,영어와문학,1598-513X,11,69,80
교육의 이론과 실천,사회과학,교육학,1738-6675,14,65,79
정보교육학회논문지,사회과학,교육학,1229-3245,10,69,79
한국체육학회지,예술체육학,체육,1738-964X,23,56,79
경제사학,사회과학,경제학,1226-3575,10,68,78
공존의 인간학,인문학,기타인문학,2636-1604,60,18,78
제주대학교 교육과학연구,사회과학,교육학,2288-422X,55,23,78
한국광고홍보학보,사회과학,신문방송학,1738-2475,2,76,78
한국정치연구,사회과학,정치외교학,1738-7477,27,51,78
독서치료연구,복합학,학제간연구,1738-1800,45,32,77
신학사상,인문학,기독교신학,1227-4879,38,39,77
연구논문집,기타,기타,nan,0,77,77
倫理硏究,복합학,학제간연구,2982-5121,21,56,77
법학연구,사회과학,법학,1229-3113,19,57,76
한국디자인포럼,예술체육학,디자인,2233-9205,20,56,76
현대영미소설,인문학,영어와문학,1229-7232,9,67,76
니체연구,인문학,철학,1598-9364,7,68,75
대중음악,예술체육학,음악학,2005-0607,20,55,75
종교와 문화,인문학,종교학,1976-7900,14,61,75
Sungkyun Journal of East Asian Studies,복합학,학제간연구,1598-2661,46,28,74
교육발전,사회과학,교육학,1598-0049,51,23,74
종교교육학연구,인문학,종교학,1229-6627,27,47,74
질적탐구,복합학,학제간연구,2384-1990,37,37,74
대한건축학회논문집,공학,건축공학,2733-6239,6,67,73
디자인학연구,예술체육학,디자인,1226-8046,9,64,73
서양사론,인문학,역사학,1229-0289,6,67,73
영상문화,복합학,학제간연구,1598-1088,12,61,73
일본역사연구,인문학,역사학,1229-5264,13,60,73
프랑스어권 문화예술연구,인문학,프랑스어와문학,1229-5574,22,51,73
한국청소년연구,사회과학,기타사회과학,1225-6366,6,67,73
헤겔연구,인문학,철학,1598-9410,5,68,73
디지털디자인학연구,예술체육학,디자인,1598-2319,2,70,72
백제연구,인문학,역사학,1226-6906,4,68,72
아시아연구,인문학,역사학,2005-078X,48,24,72
인간.환경.미래,인문학,철학,2005-7180,32,40,72
인격교육,사회과학,교육학,1976-4723,55,17,72
청계사학,인문학,기타인문학,1598-494X,44,28,72
통일정책연구,사회과학,정치외교학,1229-6112,12,60,72
문화와 정치,사회과학,정치외교학,2289-0637,38,33,71
미래유아교육학회지,사회과학,교육학,1229-3083,11,60,71
컴퓨터교육학회 논문지,사회과학,교육학,1598-5016,5,66,71
한국문화연구원 논총,기타,기타,nan,0,71,71
동서인문,인문학,기타인문학,2288-9612,58,11,69
생태유아교육연구,사회과학,교육학,1738-0510,36,33,69
한국인구학,사회과학,사회학,1226-2986,2,67,69
교육혁신연구,사회과학,교육학,2092-5638,30,38,68
대한무용학회 논문집,예술체육학,무용,1598-4672,29,39,68
미술자료,예술체육학,미술,0540-4568,12,56,68
예술교육연구,예술체육학,예술일반,1738-8309,48,20,68
한국심리학회지: 사회및성격,사회과학,심리과학,1229-0653,1,67,68
한일군사문화연구,사회과학,군사학,1598-8732,27,41,68
교육비평,사회과학,교육학,1599-0281,6,61,67
프랑스 문화 연구,인문학,프랑스어와문학,1229-697X,30,37,67
한국시문학,기타,기타,nan,0,67,67
한국심리학회지: 상담 및 심리치료,사회과학,심리과학,1229-0688,2,65,67
Studies in English Education,인문학,영어와문학,1226-3451,21,45,66
디아스포라연구,사회과학,사회과학일반,1975-9908,33,33,66
어린이미디어연구,사회과학,교육학,1738-0286,22,44,66
영상문화콘텐츠연구,예술체육학,예술일반,2005-4424,27,39,66
T&I REVIEW,인문학,통역번역학,2233-9221,56,9,65
문명연지,기타,기타,1229-6619,0,65,65
법학논총,사회과학,법학,1738-1363,20,45,65
특수교육학연구,사회과학,교육학,1229-0823,12,53,65
한국가족복지학,사회과학,사회복지학,1598-6403,4,61,65
International Journal of Korean History,인문학,역사학,1598-2041,42,22,64
구술사연구,인문학,역사학,2233-8349,15,49,64
미술교육연구논총,사회과학,교육학,1598-1274,31,33,64
종교문화비평,인문학,인문학,1739-0540,32,32,64
충청문화연구,기타,기타,2005-3010,0,64,64
특수아동교육연구,사회과학,교육학,1229-8301,21,43,64
픽션과 논픽션,인문학,문학,2713-3664,53,11,64
대한정치학회보,사회과학,사회과학일반,1229-5469,11,52,63
도덕교육연구,사회과학,교육학,1229-375X,8,55,63
러시아연구,인문학,러시아어와문학,1229-1056,13,50,63
아태연구,사회과학,사회과학일반,1225-8539,15,48,63
한국기독교신학논총,인문학,기독교신학,1226-9522,15,48,63
한국영상학회논문집,예술체육학,예술일반,2092-8157,25,38,63
헤리티지:역사와 과학,인문학,역사학,3022-8085,22,41,63
Journal of Multiculture and Education,복합학,학제간연구,2508-271X,62,0,62
국토지리학회지,사회과학,지리학,1225-3766,15,47,62
인공지능인문학연구,인문학,기타인문학,2635-4691,24,38,62
초등교육연구논총,사회과학,교육학,1598-2505,21,41,62
국제한국어교육,사회과학,교육학,2466-2208,0,61,61
대순사상논총,인문학,종교학,1598-3439,36,25,61
신학과 실천,인문학,기독교신학,1229-7917,33,28,61
조선통신사연구,인문학,기타인문학,1975-9665,2,59,61
청소년문화포럼,사회과학,사회복지학,1975-2733,11,50,61
퇴계학,기타,기타,1225-2212,0,61,61
한국교육문제연구,사회과학,교육학,1598-8317,18,43,61
해양유산연구,인문학,역사학,2287-7770,56,5,61
Korean Linguistics,기타,기타,0257-3784,0,60,60
교과 교육 연구,사회과학,교육학,2093-0070,0,60,60
교육원리연구,사회과학,교육학,1598-1940,8,52,60
국제문화연구,인문학,기타인문학,2005-3444,42,18,60
무형유산,인문학,역사학,2508-5905,37,23,60
연극교육연구,예술체육학,연극,1738-155X,17,43,60
한국과 국제정치,사회과학,정치외교학,1225-3006,18,42,60
한국심리학회지: 발달,사회과학,심리과학,1229-0718,1,59,60
Korea Observer,사회과학,정치외교학,0023-3919,18,41,59
과학교육연구지,사회과학,교육학,1225-3944,14,45,59
관광연구저널,사회과학,관광학,1738-3005,31,28,59
교육연극학,예술체육학,연극,2234-6848,28,31,59
미국사연구,인문학,역사학,1229-0238,3,56,59
수학교육학연구,사회과학,교육학,2288-7733,4,55,59
한국게임학회 논문지,복합학,학제간연구,1598-4540,11,48,59
현대영어교육,인문학,영어와문학,1598-0782,4,55,59
광고연구,사회과학,신문방송학,1227-8181,4,54,58
국토계획,공학,공학일반,1226-7147,1,57,58
마르크스주의 연구,사회과학,사회과학일반,1738-2998,18,40,58
불교문예연구,인문학,불교학,2288-9191,48,10,58
조형교육,예술체육학,미술,1225-4177,27,31,58
특수교육재활과학연구,사회과학,기타사회과학,1738-7205,22,36,58
학림,인문학,역사학,nan,30,28,58
한국융합학회논문지,복합학,학제간연구,2233-4890,15,43,58
동남아시아연구,사회과학,지역학,1229-6899,15,42,57
슬라브硏究,사회과학,지역학,1225-0406,32,25,57
중남미연구,사회과학,지역학,1229-7046,15,42,57
史叢(사총),인문학,역사학,1229-4446,56,0,56
국악교육연구,예술체육학,예술일반,1976-3522,34,22,56
독일현대문학,인문학,독일어와문학,nan,10,46,56
동서문화,기타,기타,nan,0,56,56
동향과 전망,사회과학,사회과학일반,1228-1158,5,51,56
한국교육논단,사회과학,교육학,1598-4036,0,56,56
건축역사연구,공학,건축공학,1598-1142,9,46,55
동유럽발칸연구,복합학,학제간연구,2466-0256,29,26,55
브레히트와 현대연극,인문학,독일어와문학,1229-6716,4,51,55
한국영유아보육학,사회과학,사회복지학,1226-6795,13,42,55
고구려발해연구,인문학,역사학,1226-1394,8,46,54
도시연구: 역사·사회·문화,인문학,역사학,2092-5182,31,23,54
문화전통논집,인문학,역사학,1598-9143,0,54,54
한국음향학회지,공학,전자/정보통신공학,1225-4428,1,53,54
한국행정사학지,사회과학,행정학,1229-7518,19,35,54
기독교와 문화,인문학,기타인문학,2982-7221,49,4,53
독일어문화권연구,인문학,기타인문학,2713-976X,15,38,53
문예미학,기타,기타,1229-0041,0,53,53
음악교육공학,예술체육학,음악학,1598-8252,40,13,53
평생학습사회,사회과학,교육학,1738-0057,10,43,53
한국과 세계,복합학,학제간연구,2671-7875,44,9,53
한국컴퓨터정보학회논문지,공학,컴퓨터학,1598-849X,11,42,53
효학연구,인문학,기타인문학,1738-253X,30,23,53
仙道文化,인문학,철학,1975-5813,18,34,52
심성연구,의약학,정신과학,1010-7088,0,52,52
이화음악논집,예술체육학,음악학,1229-7690,32,20,52
한국 예이츠 저널,인문학,영어와문학,1226-4946,18,34,52
한국사회복지학,사회과학,사회복지학,1229-5132,3,49,52
Journal of Korean Religions,인문학,종교학,2093-7288,19,32,51
경남문화연구,기타,기타,nan,1,50,51
인간발달연구,사회과학,기타사회과학,1226-4474,4,47,51
해항도시문화교섭학,인문학,기타인문학,2092-8130,26,25,51
감성과학,복합학,감성과학,1226-8593,1,49,50
고조선단군학,인문학,역사학,2765-6462,11,39,50
사총,기타,기타,nan,0,50,50
장신논단,인문학,기독교신학,1229-1390,25,25,50
한국서원학보,인문학,기타인문학,2234-8603,26,24,50
베트남연구,인문학,기타동양어문학,2005-5331,18,31,49
선사와 고대,인문학,역사학,1229-0432,19,30,49
한국가족관계학회지,사회과학,사회과학일반,1229-5310,4,45,49
한국교육논총,사회과학,교육학,2950-8924,28,21,49
근대영미소설,인문학,영어와문학,1229-3644,4,44,48
동악미술사학,예술체육학,기타예술체육,1598-1851,13,35,48
무용예술학연구,예술체육학,무용,1226-900X,24,24,48
문화정책논총,사회과학,정책학,1738-1258,6,42,48
복식,자연과학,생활과학,1229-6880,4,44,48
외국어교육,사회과학,교육학,2233-6095,0,48,48
중등영어교육,인문학,영어와문학,1976-8222,7,41,48
칸트연구,인문학,철학,1598-9372,0,48,48
한국정보기술학회논문지,공학,공학일반,1598-8619,0,48,48
글로벌교육연구,사회과학,교육학,2092-9706,18,29,47
사학지,인문학,역사학,1226-1548,0,47,47
커뮤니케이션디자인학연구,예술체육학,디자인,1976-1562,7,40,47
한국무용연구,예술체육학,무용,1975-8502,23,24,47
대한한의학원전학회지,의약학,한의학,1229-8328,8,38,46
사고개발,사회과학,교육학,1738-7647,7,39,46
수학교육,사회과학,교육학,1225-1380,11,35,46
수학교육 논문집,사회과학,교육학,1226-6663,17,29,46
출판잡지연구,기타,기타,1225-5939,0,46,46
한국심리학회지: 문화 및 사회문제,사회과학,심리과학,1229-0661,6,40,46
한국태국학회논총,사회과학,지역학,1598-236X,19,27,46
Korean Journal of Clinical Psychology,사회과학,심리과학,nan,0,45,45
문화사학,인문학,역사학,1598-0774,16,29,45
정치커뮤니케이션연구,사회과학,신문방송학,1738-5407,5,40,45
지역사회연구,사회과학,국제/지역개발,1226-704X,13,32,45
차세대 인문사회연구,사회과학,사회과학일반,1738-6470,15,30,45
학생생활연구,사회과학,교육학,nan,0,45,45
한국근현대미술사학(구 한국근대미술사학),예술체육학,미술,1976-6467,45,0,45
"호모미그란스-이주, 식민주의, 인종주의",인문학,역사학,nan,35,10,45
호서문화논총,기타,기타,nan,0,45,45
간재학논총,인문학,철학,1975-6828,4,40,44
관광연구,사회과학,관광학,1226-2501,4,40,44
관광학연구,사회과학,관광학,1226-0533,4,40,44
민족사상,기타,기타,nan,22,22,44
생물교육,사회과학,교육학,2234-876X,7,37,44
신앙과 학문,복합학,학제간연구,1226-9425,21,23,44
아시아리뷰,사회과학,사회과학일반,2234-0386,14,30,44
운곡논총,인문학,기타인문학,2765-3625,41,3,44
음악교육연구,예술체육학,음악학,1229-4179,29,15,44
의철학연구,인문학,철학,1975-5503,6,38,44
중소연구,기타,기타,1012-3563,6,38,44
청소년복지연구,사회과학,사회복지학,1229-4705,6,38,44
한국무용교육학회지,예술체육학,무용,1229-3547,24,20,44
고문화,인문학,역사학,1229-5302,6,37,43
신경정신의학,의약학,정신과학,1015-4817,0,43,43
신학논단,인문학,기독교신학,1226-5314,11,32,43
역사와교육,인문학,역사학,2093-5021,26,17,43
정서·행동장애연구,사회과학,교육학,1226-4415,9,34,43
조선사연구,인문학,역사학,1229-1463,0,43,43
한국생활과학회지,자연과학,생활과학,1226-0851,8,35,43
한국실과교육학회지,사회과학,교육학,1229-0467,15,28,43
中國散文硏究集刊,인문학,중국어와문학,2234-4861,36,6,42
경주사학,인문학,기타인문학,1226-3419,1,41,42
동학연구,인문학,기타인문학,1226-6140,0,42,42
방송문화연구,사회과학,신문방송학,1739-1830,11,31,42
법철학연구,사회과학,법학,1226-8445,13,29,42
영어권문화연구,인문학,영어와문학,nan,17,25,42
한국도시지리학회지,사회과학,지리학,1226-9492,7,35,42
한국색채학회논문집,예술체육학,미술,1226-6450,2,40,42
語文論叢,기타,기타,1598-9828,0,41,41
문화산업연구,사회과학,경영학,1598-0936,14,27,41
미국소설,인문학,영어와문학,1738-5784,7,34,41
불교연구,인문학,불교학,1225-3154,14,27,41
영미연구,복합학,학제간연구,2508-4135,10,31,41
종교문화연구,인문학,종교학,2005-095X,9,32,41
특수교육,사회과학,교육학,1598-7043,14,27,41
학교수학,사회과학,교육학,1229-4322,5,36,41
Journal of The Korean Data Analysis Society,자연과학,통계학,1229-2354,1,39,40
서양고전학연구,인문학,서양고전어와문학,1225-1828,1,39,40
세계정치,사회과학,정치외교학,nan,0,40,40
신종교연구,인문학,종교학,1738-7035,19,21,40
음악논단,예술체육학,음악학,1738-1452,26,14,40
창의력교육연구,사회과학,교육학,1976-944X,3,37,40
한국심리학회지: 건강,사회과학,심리과학,1229-070X,2,38,40
홀리스틱융합교육연구,사회과학,교육학,2508-8165,21,19,40
江原史學,인문학,역사학,1226-3060,21,18,39
기독교교육 논총,인문학,기독교신학,1229-781X,22,17,39
낭만음악,예술체육학,음악학,1599-9386,0,39,39
도시연구,사회과학,사회과학일반,2765-7205,17,22,39
동방문화와 사상,인문학,철학,2508-4291,35,4,39
법과사회,사회과학,법학,1227-0954,7,32,39
청소년과 효문화,인문학,철학,2093-100x,0,39,39
한국심리학회지:여성,사회과학,심리과학,1229-0726,2,37,39
한국의사학회지,의약학,한의학,1229-6147,15,24,39
과학기술학연구,복합학,과학기술학,1738-9291,5,33,38
국제고려학회 서울지회 논문집,기타,기타,1738-7744,0,38,38
기록학연구,복합학,문헌정보학,1229-7941,9,29,38
내러티브,기타,기타,1228-8896,0,38,38
불교미술사학,예술체육학,미술,1738-0227,13,25,38
사회적질연구,복합학,학제간연구,2586-2987,35,3,38
한국과학예술융합학회,복합학,학제간연구,2005-1409,9,29,38
성경원문연구,인문학,기독교신학,1226-5926,14,23,37
음악과 문화,예술체육학,음악학,1229-5930,19,18,37
Shakespeare Review,인문학,영어와문학,1226-2668,16,20,36
관광레저연구,사회과학,관광학,1229-0424,19,17,36
교회사학,기타,기타,nan,9,27,36
기독교교육정보,인문학,기독교신학,1229-8360,24,12,36
남북문화예술연구,예술체육학,예술일반,1976-5827,9,27,36
슬라브어 연구,인문학,러시아어와문학,1226-2323,14,22,36
영재와 영재교육,사회과학,교육학,1975-4949,5,31,36
한국민속학보,기타,기타,1229-3016,0,36,36
한국사회,사회과학,사회학,1229-036X,3,33,36
禪學(선학),인문학,불교학,1598-0588,35,0,35
괴테연구,인문학,독일어와문학,1229-7127,2,33,35
무용역사기록학,예술체육학,무용,2383-5214,22,13,35
민주법학,사회과학,법학,1226-6612,5,30,35
방송통신연구,사회과학,신문방송학,2288-3134,1,34,35
서울대학교 법학,사회과학,법학,1598-222X,3,32,35
안동학연구,기타,기타,nan,0,35,35
영어학연구,인문학,언어학,nan,10,25,35
제임스조이스저널,인문학,영어와문학,1229-5604,13,22,35
지능정보연구,공학,산업공학,2288-4866,1,34,35
한국스포츠교육학회지,예술체육학,체육,1226-0630,13,22,35
한국조경학회지,농수해양학,조경학,1225-1755,8,27,35
경관과 지리,사회과학,지리학,2288-9795,25,9,34
기독교사회윤리,인문학,기독교신학,1229-8387,20,14,34
독도연구,인문학,역사학,1975-390X,20,14,34
동양음악(구 민족음악학),예술체육학,음악학,1975-0218,34,0,34
브랜드디자인학연구,예술체육학,디자인,1738-0863,1,33,34
세계 역사와 문화 연구,인문학,역사학,1598-2823,20,14,34
영재교육연구,사회과학,교육학,1598-8333,8,26,34
유럽사회문화,인문학,기타인문학,2005-8055,8,26,34
지식융합연구,복합학,복합학,2734-1801,30,4,34
한국유아교육연구,사회과학,교육학,1975-7190,25,9,34
한국지리학회지,사회과학,지리학,2287-4739,18,16,34
한림일본학 (구 한림일본학연구),인문학,일본어와문학,1738-5334,34,0,34
고전희곡연구,기타,기타,1229-8786,0,33,33
사회복지연구,기타,기타,nan,1,32,33
안동어문학,기타,기타,1229-1323,0,33,33
영미문학연구,인문학,영어와문학,1976-197X,11,22,33
영상영어교육,인문학,영어와문학,1598-1002,9,24,33
예술과 미디어,예술체육학,예술일반,2005-5587,10,23,33
지역과 커뮤니케이션,사회과학,신문방송학,2586-6346,14,19,33
통일연구,사회과학,정치외교학,1598-8554,5,28,33
한국청각언어장애교육연구,사회과학,교육학,2234-1196,24,9,33
한복문화,예술체육학,의상,1598-8295,9,24,33
농업교육과 인적자원개발,사회과학,교육학,1738-7361,0,32,32
독일연구 - 역사·사회·문화,인문학,역사학,1598-4184,5,27,32
빌둥 Bildung,사회과학,교육학,3059-1988,32,0,32
산업노동연구,사회과학,사회과학일반,1598-4133,2,30,32
시민과 세계,사회과학,사회과학일반,nan,8,24,32
역사논총,인문학,역사학,3140-1821,32,0,32
영미문화,인문학,영어와문학,1598-5431,2,30,32
영상기술연구,예술체육학,예술일반,nan,22,10,32
직업교육연구,사회과학,교육학,1225-4762,1,31,32
청소년상담연구,사회과학,심리과학,1226-1432,0,32,32
특수교육교과교육연구,사회과학,교육학,2005-6486,24,8,32
한국 사회과학연구,사회과학,사회과학일반,1598-6489,12,20,32
한국체육과학회지,예술체육학,체육,1226-0258,18,14,32
當代韓國,기타,기타,nan,0,31,31
가정과삶의질연구,복합학,학제간연구,2765-1932,1,30,31
교육학논총,기타,기타,1225-4959,0,31,31
민족미학,인문학,철학,2233-9981,2,29,31
여성연구,복합학,여성학,1225-7214,11,20,31
이베로아메리카 연구,인문학,스페인어와문학,1598-7779,11,20,31
한국초등수학교육학회지,사회과학,교육학,1229-3229,2,29,31
한류문화연구,복합학,학제간연구,3092-4200,31,0,31
향토문학연구,기타,기타,nan,0,31,31
"Brain, Digital, & Learning",사회과학,교육학,2384-2474,12,18,30
Journal of Korean Academy of Nursing,의약학,간호학,nan,0,30,30
경상어문,인문학,한국어와문학,1598-9739,0,30,30
라틴아메리카연구,사회과학,지역학,1229-0998,1,29,30
사회과학논총,사회과학,사회과학일반,1738-1525,1,29,30
실과교육연구,사회과학,교육학,1226-8658,5,25,30
에듀테인먼트연구,복합학,감성과학,2671-9789,25,5,30
영어영문학21,인문학,영어와문학,1738-4052,30,0,30
우계학보,인문학,철학,2713-7880,9,21,30
정치·정보연구,사회과학,정치외교학,1229-8255,4,26,30
정토학연구(淨土學硏究),인문학,불교학,1229-1846,30,0,30
중동연구,사회과학,지역학,1225-570X,16,14,30
철학적 분석,인문학,철학,1598-9275,10,20,30
한국행정학보,사회과학,행정학,1226-2536,4,26,30
한독사회과학논총,사회과학,지역학,1229-537X,2,28,30
환경철학,인문학,철학,1738-8988,6,24,30
후마니타스 포럼,인문학,기타인문학,2384-0196,26,4,30
국제이해교육연구,복합학,학제간연구,2005-3665,6,23,29
동북아연구,기타,기타,1738-4060,9,20,29
무형유산학,인문학,인문학,2508-3694,20,9,29
미래문화,인문학,기타인문학,2799-9920,26,3,29
사회과학논집,기타,기타,nan,2,27,29
연기예술연구,복합학,감성과학,2093-4289,15,14,29
저스티스,사회과학,법학,1598-8015,3,26,29
지중해지역연구,복합학,학제간연구,1229-7542,7,22,29
특수교육연구,사회과학,교육학,1229-2400,7,22,29
한국정보통신학회논문지,공학,전자/정보통신공학,2234-4772,1,28,29
한국지구과학회지,자연과학,지구과학,1225-6692,1,28,29
한국지도학회지,사회과학,지리학,1598-6160,13,16,29
한자연구,인문학,중국어와문학,2093-6133,22,7,29
노인복지연구,사회과학,사회복지학,1598-1649,2,26,28
문화영토연구,인문학,기타인문학,2765-7477,21,7,28
문화와 예술연구,인문학,철학,2288-4963,21,7,28
백제문화,인문학,역사학,1598-2963,6,22,28
여성연구논총,기타,기타,nan,0,28,28
정보처리학회 논문지,공학,컴퓨터학,nan,0,28,28
중국소설연구회보,기타,기타,1225-9616,0,28,28
차문화산업학,인문학,기타인문학,1975-3268,23,5,28
한국 시베리아연구,사회과학,지역학,1975-0145,15,13,28
한국상고사학보,인문학,역사학,1229-0084,2,26,28
한국한의학연구원논문집,의약학,한의학,1229-3377,2,26,28
The SNU Journal of Education Research,사회과학,교육학,1225-5335,10,17,27
국제.지역연구,사회과학,정치외교학,1226-7317,12,15,27
대구경북연구,사회과학,지역학,2234-6767,18,9,27
방송과 커뮤니케이션,사회과학,신문방송학,1599-953X,5,22,27
북한학연구,사회과학,지역학,1975-0188,9,18,27
사회복지정책,사회과학,사회복지학,1598-7663,4,23,27
새물리,자연과학,물리학,0374-4914,16,11,27
서양사연구,인문학,역사학,1738-7027,1,26,27
실천공학교육논문지,복합학,과학기술학,2288-405X,20,7,27
정보과학회지,공학,컴퓨터학,1229-6821,0,27,27
차세대융합기술학회논문지,복합학,과학기술학,2508-8270,23,4,27
한국경제지리학회지,사회과학,지리학,1226-8968,5,22,27
한국공간디자인학회 논문집,예술체육학,디자인,1976-4405,9,18,27
한국교수불자연합학회지,인문학,불교학,2092-6553,20,7,27
한국교회사학회지,인문학,기독교신학,1598-5229,17,10,27
한국군사학논집,사회과학,군사학,2005-2715,17,10,27
한글판<유교문화연구>,인문학,유교학,1598-1754,5,22,27
교육법학연구,사회과학,교육학,1226-301X,5,21,26
국악교육,예술체육학,음악학,1225-0651,14,12,26
군사연구,인문학,역사학,2093-1557,3,23,26
남명학,인문학,철학,2005-7665,0,26,26
동서사상,인문학,철학,1975-5279,0,26,26
사회연구,복합학,학제간연구,1599-0168,0,26,26
유라시아연구,기타,기타,nan,13,13,26
음악학,예술체육학,음악학,nan,15,11,26
지역문화연구,기타,기타,1598-7973,0,26,26
통합인문학연구,인문학,기타인문학,2005-9353,0,26,26
한국고고학보,인문학,역사학,1015-373X,3,23,26
현대영미시연구,인문학,영어와문학,1598-138X,2,24,26
Asian Perspective,사회과학,정치외교학,0258-9184,9,16,25
경영학연구,사회과학,경영학,1226-1874,3,22,25
고궁문화,예술체육학,미술,1976-6785,16,9,25
공법학연구,사회과학,법학,1598-1304,2,23,25
멀티미디어학회논문지,공학,전자/정보통신공학,1229-7771,9,16,25
민주사회와 정책연구,기타,기타,1598-6373,1,24,25
상품문화디자인학연구,예술체육학,디자인,2765-1568,13,12,25
선교와신학,인문학,기독교신학,1229-2133,11,14,25
세계지역연구논총,사회과학,정치외교학,1598-5946,1,24,25
신학연구,인문학,기독교신학,1738-6683,8,17,25
신학전망,인문학,가톨릭신학,1229-0297,3,22,25
예술경영연구,복합학,학제간연구,1598-3870,4,21,25
인간과 문화연구,인문학,기타인문학,1738-2645,0,25,25
한국자치행정학보,사회과학,행정학,1738-7779,7,18,25
한국장애학,복합학,학제간연구,2635-8530,21,4,25
현대영미드라마,인문학,영어와문학,1226-3397,4,21,25
현장과학교육,사회과학,교육학,2093-7407,7,18,25
호텔경영학연구,사회과학,관광학,1226-8747,8,17,25
가톨릭철학,인문학,철학,1229-2915,0,24,24
미래교육연구,사회과학,교육학,2234-747X,13,11,24
복식문화연구,자연과학,생활과학,1226-0401,8,16,24
영산신학저널,인문학,기독교신학,1738-1509,22,2,24
이순신연구논총,기타,기타,1975-5473,0,24,24
정부학연구,사회과학,행정학,1229-4241,3,21,24
주관성 연구,사회과학,기타사회과학,1229-3318,10,14,24
평화연구,사회과학,정치외교학,1229-4543,0,24,24
한국기술교육학회지,사회과학,교육학,1598-0839,1,23,24
한국민화,예술체육학,미술,2765-0758,16,8,24
한국사회와 행정연구,사회과학,행정학,1225-8652,3,21,24
한국스포츠학회,예술체육학,체육,1738-3250,18,6,24
한국중동학회논총,사회과학,지역학,1225-8865,9,15,24
대한지구과학교육학회지,자연과학,지구과학,2005-5668,9,14,23
동아시아식생활학회지,자연과학,생활과학,1225-6781,1,22,23
문화예술콘텐츠,인문학,기타인문학,1976-9342,0,23,23
북악사론,인문학,역사학,2713-7007,10,13,23
서양미술사학회 논문집,예술체육학,미술,1229-2095,2,21,23
선주논총,기타,기타,1598-3471,0,23,23
유아특수교육연구,사회과학,교육학,1598-4303,4,19,23
이탈리아학,복합학,인지과학,1598-5598,23,0,23
인도철학,인문학,철학,1226-3230,6,17,23
일러스트레이션 포럼,예술체육학,디자인,1738-1541,12,11,23
진주문화,기타,기타,nan,0,23,23
청소년시설환경,복합학,학제간연구,1738-0170,10,13,23
콘텐츠문화,인문학,기타인문학,2287-2264,0,23,23
통일전략,사회과학,정치외교학,1598-5768,2,21,23
한국사회복지질적연구,사회과학,사회복지학,1976-6599,10,13,23
한국일본교육학연구,사회과학,교육학,1229-8581,11,12,23
한국정책과학학회보,사회과학,정책학,1598-5067,0,23,23
한국초등체육학회지,예술체육학,체육,1976-1058,12,11,23
Crisisonomy,사회과학,정책학,2466-1198,5,17,22
HRD연구,사회과학,교육학,1229-5086,4,18,22
Human Ecology Research,자연과학,생활과학,2982-5725,7,15,22
Journal of Humanities Therapy,인문학,기타인문학,2233-7563,21,1,22
광고PR실학연구,사회과학,신문방송학,2005-2618,6,16,22
근대 철학,인문학,철학,1975-907x,0,22,22
상품학연구,사회과학,경영학,1226-6132,9,13,22
안동사학,기타,기타,nan,0,22,22
외대어문논집,기타,기타,2005-1336,0,22,22
인도연구,사회과학,지역학,1229-9790,2,20,22
중국과 중국학,사회과학,지역학,1598-8465,10,12,22
지역과 지리,사회과학,지리학,1226-7392,22,0,22
지역과문화,복합학,학제간연구,2508-6464,14,8,22
지체.중복.건강장애연구,사회과학,교육학,2288-3843,3,19,22
한국보육지원학회지,자연과학,생활과학,1738-9496,7,15,22
한국심리학회지: 소비자·광고,사회과학,심리과학,1229-8778,1,21,22
International Journal of Diaspora & Cultural Criticism,인문학,기타인문학,2005-3037,20,1,21
Journal of Asian Sociology,사회과학,사회학,2671-4574,9,12,21
공법연구,사회과학,법학,1225-4444,5,16,21
교육발전연구,기타,기타,nan,0,21,21
농촌사회,사회과학,사회학,1226-0541,7,14,21
누리와 말씀,기타,기타,1226-4458,0,21,21
민족무용,기타,기타,nan,0,21,21
사회과학연구논총,사회과학,사회과학일반,1975-8987,0,21,21
생명연구,인문학,철학,1976-846X,5,16,21
시민사회와 NGO,사회과학,사회과학일반,1599-8568,1,20,21
이화젠더법학,사회과학,법학,2093-3738,0,21,21
인성교육연구,사회과학,교육학,2508-3554,13,8,21
일본공간,사회과학,지역학,1976-1481,9,12,21
중원인문논총,기타,기타,1225-8415,0,21,21
지역과 세계,사회과학,기타사회과학,2005-0828,14,7,21
초등수학교육,사회과학,교육학,1226-6914,6,15,21
특수교육논총,사회과학,교육학,2466-1872,3,18,21
평생교육 · HRD연구,사회과학,교육학,1738-9224,6,15,21
한국계보연구,인문학,역사학,2093-9825,0,21,21
한국심리학회지:학교,사회과학,심리과학,1738-463X,0,21,21
한국주거학회논문집,자연과학,생활과학,2234-3571,0,21,21
Asian Journal of Women's Studies,복합학,여성학,1225-9276,10,10,20
文湖,기타,기타,1225-8342,0,20,20
進路敎育硏究,사회과학,교육학,1598-9291,1,19,20
경영사연구,사회과학,사회과학일반,2733-4058,5,15,20
공공사회연구,사회과학,사회과학일반,2233-663X,7,13,20
농업사연구,농수해양학,농학,1598-7574,0,20,20
동서문화연구,기타,기타,nan,0,20,20
동서미술문화학회 미술문화연구,예술체육학,미술,2287-8289,13,7,20
러시아학,인문학,러시아어와문학,1738-9208,13,7,20
문화경제연구,복합학,학제간연구,1598-6713,4,16,20
불교철학,인문학,철학,2586-3843,18,2,20
성호학보,인문학,역사학,2093-6613,0,20,20
지방정부연구,사회과학,행정학,1226-9573,4,16,20
학교와 수업 연구,사회과학,교육학,2508-156X,6,14,20
한국무용사학,예술체육학,무용,1598-9933,0,20,20
한국실내디자인학회 논문집,예술체육학,디자인,1229-7992,2,18,20
한국웰니스학회지,복합학,학제간연구,1975-4051,3,17,20
한국이슬람학회논총,인문학,종교학,1226-2811,6,14,20
한국지식정보기술학회 논문지,복합학,학제간연구,1975-7700,6,14,20
현대미술사연구,예술체육학,미술,1598-7728,5,15,20
가족과 가족치료,사회과학,기타사회과학,2384-1516,1,18,19
교육연구와 실천,사회과학,교육학,1226-4636,0,19,19
구약논단,인문학,기독교신학,1229-0521,12,7,19
국제한국학연구,인문학,기타인문학,2233-5013,0,19,19
대한공업교육학회지,사회과학,교육학,1225-4789,1,18,19
동유럽발칸학,복합학,학제간연구,1598-0804,1,18,19
매지논총,기타,기타,1229-8077,0,19,19
미디어와 공연예술 연구,사회과학,신문방송학,1975-8928,11,8,19
미술이론과 현장,예술체육학,미술,1738-1789,12,7,19
법교육연구,사회과학,교육학,1975-4817,8,11,19
법학논집,사회과학,법학,1226-2005,3,16,19
불교문화연구,인문학,불교학,1738-9917,0,19,19
상주문화연구,사회과학,국제/지역개발,1598-0855,0,19,19
소비문화연구,사회과학,사회과학일반,1229-0386,7,12,19
영국연구,인문학,역사학,1226-8135,1,18,19
영남춤학회誌,예술체육학,무용,2289-0440,16,3,19
육아지원연구,사회과학,교육학,1738-9739,5,14,19
융합정보논문지,복합학,문헌정보학,nan,8,11,19
음악이론포럼,예술체육학,음악학,1598-6659,14,5,19
의료커뮤니케이션,의약학,의학일반,1975-888X,7,12,19
인문학술,인문학,인문학,2635-800X,13,6,19
철학과문화,인문학,철학,1975-8405,0,19,19
초등상담연구,사회과학,교육학,2005-3231,10,9,19
학교사회복지,사회과학,사회복지학,2950-9130,4,15,19
한국보훈논총,사회과학,사회학,1738-0804,2,17,19
한국사회체육학회지,예술체육학,체육,1229-358X,12,7,19
한국시민윤리학회보,사회과학,사회과학일반,1738-6497,3,16,19
한국학교수학회논문집,사회과학,교육학,1229-0890,9,10,19
교수논총,기타,기타,nan,0,18,18
강원사학,기타,기타,nan,0,18,18
고려법학,사회과학,법학,1598-1584,0,18,18
국가정책연구,사회과학,정책학,1738-8848,4,14,18
대한경영학회지,사회과학,경영학,1226-2234,4,14,18
문물연구,인문학,역사학,1975-6852,4,14,18
미래청소년학회지,사회과학,기타사회과학,1738-4753,1,17,18
보건과 사회과학,사회과학,사회학,1229-1633,3,15,18
보건사회연구,사회과학,사회과학일반,1226-072X,3,15,18
불어문화권연구,인문학,프랑스어와문학,1975-3284,9,9,18
스페인라틴아메리카연구,인문학,스페인어와문학,2092-4984,8,10,18
언론과 법,사회과학,신문방송학,1976-1996,1,17,18
연세의사학,인문학,역사학,1226-847X,8,10,18
예술과 과학기술,복합학,감성과학,2288-2758,15,3,18
인간이해,사회과학,심리과학,2005-0860,0,18,18
일본연구논총,사회과학,지역학,1598-9518,1,17,18
정신간호학회지,의약학,간호학,1225-8482,0,18,18
조사연구,사회과학,사회학,1229-9219,2,16,18
지리학논총,사회과학,지리학,1226-5888,0,18,18
체육과학연구,예술체육학,체육,1598-8864,8,10,18
콘텐츠와산업,복합학,학제간연구,2765-317X,18,0,18
한국간호교육학회지,의약학,간호학,1225-9578,0,18,18
한국아동복지학,사회과학,사회복지학,1226-2609,3,15,18
한국의류학회지,자연과학,생활과학,1225-1151,4,14,18
한국전통음악학,기타,기타,nan,0,18,18
한국종교사연구,기타,기타,1738-3587,0,18,18
한국콘텐츠학회지,기타,기타,1598-9437,0,18,18
AURA,예술체육학,기타예술체육,1228-503X,3,14,17
PR연구,사회과학,신문방송학,nan,1,16,17
Scripta,인문학,언어학,2092-7215,0,17,17
계간 저작권,사회과학,법학,1226-0967,2,15,17
국제정치연구,사회과학,정치외교학,2671-9398,6,11,17
목회와상담,인문학,기독교신학,2005-1239,8,9,17
미디어 경제와 문화,사회과학,신문방송학,1599-8258,5,12,17
북한학보,사회과학,지역학,1976-8176,4,13,17
서울법학,사회과학,법학,1976-5169,14,3,17
선교신학,인문학,기독교신학,1738-3447,11,6,17
소비자학연구,사회과학,경제학,1226-282X,1,16,17
신라학연구,인문학,역사학,1598-5199,0,17,17
유아교육·보육복지연구,사회과학,사회과학일반,2288-4467,7,10,17
전주사학,기타,기타,nan,0,17,17
중동문제연구,사회과학,지역학,1598-3633,10,7,17
한국기독교상담학회지,인문학,기독교신학,1738-2785,5,12,17
한국기록관리학회지,복합학,문헌정보학,1598-1487,2,15,17
한국도서연구,사회과학,지역학,1738-1592,4,13,17
한국비영리연구,사회과학,사회과학일반,1598-5806,0,17,17
한국여성교양학회지,기타,기타,nan,0,17,17
한국지역개발학회지,사회과학,국제/지역개발,1225-9055,3,14,17
한국지적학회지,사회과학,국제/지역개발,1226-9662,4,13,17
한국체육사학회지,예술체육학,기타예술체육,1226-4105,7,10,17
한국행정논집,사회과학,행정학,1229-4756,3,14,17
한마음연구,인문학,불교학,2635-683X,11,6,17
현대정치연구,사회과학,정치외교학,1976-9466,3,14,17
호남고고학보,인문학,역사학,1229-1994,3,14,17
환경교육,사회과학,교육학,1225-1259,0,17,17
Journal of China Studies,사회과학,지역학,1975-5902,13,3,16
KOREAN 연구와 교육,기타,기타,nan,0,16,16
과학철학,인문학,철학,1598-754X,0,16,16
국방연구,사회과학,정책학,1229-3598,6,10,16
글로벌문화연구,복합학,학제간연구,2234-6414,9,7,16
대한건축학회연합논문집,공학,건축공학,1229-5752,2,14,16
디자인지식저널,예술체육학,디자인,2092-7045,0,16,16
복지와 문화다양성 연구,사회과학,사회복지학,2765-6225,13,3,16
비서·사무경영연구,사회과학,경영학,2671-7379,8,8,16
스칸디나비아 연구,사회과학,지역학,1229-8646,9,7,16
신학과 사회,인문학,기타인문학,1229-5213,6,10,16
외국문화연구,기타,기타,nan,0,16,16
음악이론연구,예술체육학,음악학,1975-3225,10,6,16
의료사회사연구,인문학,역사학,2635-585X,10,6,16
인터넷정보학회논문지,공학,컴퓨터학,1598-0170,0,16,16
장애의재해석,복합학,학제간연구,2734-1275,13,3,16
젠더와 사회,기타,기타,nan,8,8,16
중앙아시아연구,인문학,역사학,1738-0200,5,11,16
지적장애연구,사회과학,사회과학일반,2733-9211,2,14,16
충청학과 충청문화,인문학,역사학,1738-9348,9,7,16
평화와 종교,복합학,학제간연구,2508-3511,13,3,16
한국융합과학회지,예술체육학,기타예술체육,nan,13,3,16
한국조직신학논총,인문학,기독교신학,1226-3656,10,6,16
ECO,사회과학,사회학,1598-3072,2,13,15
Journal of East Asian Studies,사회과학,지역학,1598-2408,0,15,15
T. S. 엘리엇연구,인문학,영어와문학,nan,1,14,15
경제교육연구,사회과학,경제학,1226-7805,4,11,15
공동체문화와 민속 연구,인문학,역사학,2765-6578,13,2,15
교육정치학연구,사회과학,교육학,1226-7856,4,11,15
국제법학회논총,사회과학,법학,1226-2994,0,15,15
남아시아연구,사회과학,지역학,1598-1061,4,11,15
놀이치료연구,사회과학,심리과학,1226-7678,1,14,15
다문화아동청소년연구,사회과학,사회과학일반,2466-1260,0,15,15
동북아관광연구,사회과학,관광학,1738-8929,10,5,15
박물관학보,인문학,역사학,1738-5741,9,6,15
반영과 재현,사회과학,신문방송학,2765-7396,10,5,15
번역비평,기타,기타,nan,0,15,15
법과인권교육연구,사회과학,사회과학일반,2005-9000,6,9,15
불교학리뷰,인문학,불교학,1975-2660,11,4,15
사회과수업연구,사회과학,교육학,2288-3703,5,10,15
소통과 인문학,인문학,기타인문학,2005-2391,0,15,15
신아세아,사회과학,정치외교학,1226-0096,2,13,15
언어유형론 연구,인문학,언어학,2383-5206,0,15,15
영동문화,인문학,역사학,1225-4258,0,15,15
영화교육연구,예술체육학,영화,1738-513X,0,15,15
재활심리연구,사회과학,심리과학,2982-5636,1,14,15
정신전력연구,사회과학,교육학,2586-6788,10,5,15
직업능력개발연구,사회과학,교육학,2586-5048,4,11,15
프랑스사 연구,인문학,역사학,1229-702X,0,15,15
한국공공관리학보,기타,기타,1229-1862,2,13,15
한국사회정책,사회과학,사회학,1226-0525,0,15,15
한국스포츠사회학회지,예술체육학,체육,1226-1920,2,13,15
한국아프리카 학회지,복합학,학제간연구,1225-7311,3,12,15
한국여성체육학회지,예술체육학,체육,1229-6341,6,9,15
한국전자통신학회 논문지,공학,전자/정보통신공학,1975-8170,3,12,15
한국지형학회지,사회과학,지리학,1226-4296,3,12,15
한국체육교육학회지,사회과학,교육학,1229-9685,3,12,15
행정논총,사회과학,행정학,1229-6694,2,13,15
호텔리조트연구,사회과학,관광학,1598-7760,12,3,15
Cross-Currents,인문학,역사학,2158-9666,4,10,14
Culinary Science & Hospitality Research,사회과학,기타사회과학,2466-0752,8,6,14
GRI연구논총,사회과학,국제/지역개발,2005-8349,5,9,14
Oughtopia (오토피아),사회과학,정치외교학,1229-2680,14,0,14
경영교육연구,사회과학,경영학,1598-8651,1,13,14
관광경영연구,사회과학,관광학,2092-528X,7,7,14
관광연구논총,사회과학,관광학,1226-8054,3,11,14
교양교육실천연구,사회과학,교육학,2586-520X,11,3,14
대한화학회지,자연과학,화학,1017-2548,1,13,14
동서연구,사회과학,지역학,1225-8814,7,7,14
미국학,복합학,학제간연구,1229-4381,3,11,14
법조,사회과학,법학,1598-4729,3,11,14
신학과 학문,복합학,학제간연구,2672-0078,14,0,14
아랍어와 아랍문학,인문학,기타동양어문학,1229-0882,6,8,14
역사와 사회,기타,기타,1225-5181,0,14,14
영미어문학연구,기타,기타,nan,0,14,14
움직임의 철학 : 한국체육철학회지,예술체육학,체육,2671-6755,13,1,14
유관순연구,인문학,역사학,1975-9215,1,13,14
유럽연구,사회과학,지역학,1226-895X,3,11,14
응용통계연구,자연과학,통계학,1225-066X,0,14,14
전통문화연구,기타,기타,nan,0,14,14
패션 비즈니스,자연과학,생활과학,1229-3350,7,7,14
한국경찰학회보,사회과학,행정학,1598-6829,4,10,14
한국노년학연구,사회과학,사회과학일반,1226-2641,2,12,14
한국장애인복지학,사회과학,사회복지학,1738-5806,6,8,14
한국정당학회보,사회과학,정치외교학,1598-5008,5,9,14
한중사회과학연구,사회과학,지역학,1738-0456,3,11,14
현대미술학 논문집,예술체육학,예술일반,1738-8295,3,11,14
MICE관광연구,사회과학,관광학,2765-7787,3,10,13
경영연구,기타,기타,9999-999X,0,13,13
경학,인문학,한국어와문학,2713-9638,12,1,13
과학과문화,기타,기타,1738-2386,0,13,13
국제관계연구,사회과학,정치외교학,1738-0154,0,13,13
대학과 선교,인문학,기독교신학,1229-7682,5,8,13
도시설계,사회과학,국제/지역개발,1598-0650,0,13,13
무형문화연구,사회과학,인류학,2799-3868,13,0,13
미래사회,사회과학,기타사회과학,2233-6796,13,0,13
복지행정연구,사회과학,행정학,1229-5442,0,13,13
사회과학담론과 정책,사회과학,사회과학일반,2005-4580,3,10,13
사회과학리뷰,사회과학,기타사회과학,2636-1744,13,0,13
시화학,기타,기타,nan,0,13,13
신약연구,인문학,기독교신학,1975-8448,6,7,13
인간과자연,복합학,학제간연구,2799-7057,11,2,13
일본학논집,인문학,일본어와문학,1225-9659,0,13,13
재활복지,사회과학,사회과학일반,1229-7577,1,12,13
정보과학회 컴퓨팅의 실제 논문지,공학,컴퓨터학,2383-6318,0,13,13
정보디자인학연구,예술체육학,디자인,2092-9633,0,13,13
정보사회와 미디어,사회과학,사회학,2508-7800,0,13,13
정보시스템연구,사회과학,경영학,1229-8476,2,11,13
창의정보문화연구,복합학,학제간연구,2384-2008,3,10,13
통합교육연구,사회과학,교육학,1975-4558,4,9,13
학습과학연구,사회과학,교육학,1976-684X,2,11,13
한국놀이치료학회지,의약학,정신과학,1229-0858,2,11,13
한국데이터정보과학회지,자연과학,통계학,1598-9402,0,13,13
한국정책학회보,사회과학,정책학,1226-5497,2,11,13
한국중세고고학,인문학,역사학,2586-0828,11,2,13
현대사회와 행정,사회과학,사회과학일반,1229-389X,1,12,13
호서고고학,인문학,역사학,1738-7787,0,13,13
Asia Pacific Journal of Teaching and Learning,사회과학,교육학,2982-5512,12,0,12
Asian Women,복합학,감성과학,1225-925X,10,2,12
Journal of International and Area Studies,사회과학,정치외교학,1226-8550,2,10,12
韓國宗敎,인문학,종교학,1738-3617,7,5,12
국제문화예술,예술체육학,예술일반,2733-6654,12,0,12
기업교육과인재연구,사회과학,교육학,3059-0973,0,12,12
단산학지,기타,기타,nan,0,12,12
대학 교수-학습 연구,사회과학,교육학,2635-6295,7,5,12
미술과 교육,예술체육학,미술,1229-747X,3,9,12
비판사회정책,사회과학,사회복지학,1229-280x,3,9,12
서양음악학,예술체육학,음악학,3091-6593,1,11,12
소비자정책교육연구,사회과학,경제학,1738-9194,0,12,12
아동과 권리,사회과학,교육학,1226-5713,2,10,12
열린부모교육연구,사회과학,사회과학일반,2092-5743,6,6,12
유교문화연구,기타,기타,1598-1754,0,12,12
윤리철학교육,사회과학,교육학,1598-6306,0,12,12
이베로아메리카,복합학,학제간연구,1229-9111,1,11,12
정신분석,의약학,정신과학,1226-7503,0,12,12
중국지식네트워크,사회과학,지역학,2233-8497,10,2,12
한국무용학회지,예술체육학,기타예술체육,1975-4477,8,4,12
한국범죄심리연구,사회과학,행정학,1738-8996,3,9,12
한국보육학회지,사회과학,사회복지학,1598-4397,1,11,12
한국사이코드라마학회지,의약학,정신과학,1229-313X,4,8,12
한국이민정책학보,복합학,학제간연구,2508-5182,9,3,12
한국항공경영학회지,사회과학,경영학,1738-1576,1,11,12
헌법학연구,사회과학,법학,1229-3784,4,8,12
현대중국연구,사회과학,지역학,1598-821X,7,5,12
현장수업연구,복합학,학제간연구,2713-685X,7,5,12
형사정책,사회과학,법학,1226-2595,2,10,12
Journal of Pan-Pacific Association of Applied Linguistics,인문학,언어학,1345-8353,4,7,11
NGO연구,사회과학,사회과학일반,1598-9984,4,7,11
PREVIEW : 디지털영상학술지,예술체육학,영화,1738-5539,11,0,11
Pacific Focus,사회과학,정치외교학,1225-4657,8,3,11
The International Journal of Advanced Culture Technology,복합학,과학기술학,2288-7202,10,1,11
人文學志,기타,기타,1229-5841,0,11,11
가족법연구,사회과학,법학,1225-1224,2,9,11
강릉학보,인문학,역사학,1976-5096,0,11,11
고고학,인문학,역사학,1598-9852,2,9,11
국가전략,사회과학,정치외교학,1225-8792,1,10,11
국제중국학연구,인문학,중국어와문학,1229-4888,0,11,11
국토연구,사회과학,국제/지역개발,1229-8638,3,8,11
근대문학,복합학,문헌정보학,2466-0000,0,11,11
글로컬창의문화연구,인문학,인문학,2671-5848,0,11,11
동의생리병리학회지,의약학,한의학,1738-7698,0,11,11
마한백제문화,인문학,역사학,1225-4215,6,5,11
무예연구,복합학,학제간연구,1976-5509,9,2,11
백제학보,인문학,역사학,2005-9469,4,7,11
복음과 실천신학,인문학,기독교신학,1976-5614,9,2,11
복지상담교육연구,사회과학,사회복지학,2287-6030,6,5,11
사회과학연구(Journal of Social Sciences),사회과학,사회과학일반,nan,11,0,11
성균관법학,사회과학,법학,1229-943X,1,10,11
시각장애연구,사회과학,교육학,1229-2486,7,4,11
신약논단,인문학,기독교신학,1228-7326,5,6,11
심리과학,기타,기타,nan,0,11,11
에너지기후변화교육,사회과학,교육학,2234-1994,7,4,11
육아정책연구,사회과학,사회과학일반,1976-6793,6,5,11
융합영어영문학,인문학,영어와문학,2800-020X,8,3,11
인지행동치료,사회과학,심리과학,1976-667X,0,11,11
초등사회과교육,기타,기타,nan,0,11,11
통일교육연구,사회과학,교육학,2635-5590,1,10,11
통일논총,기타,기타,nan,0,11,11
한국음악문화연구,예술체육학,음악학,2093-7202,0,11,11
한국지역사회복지학,사회과학,사회복지학,2093-4270,0,11,11
한국차학회지,사회과학,농업경제학,1225-9640,8,3,11
Asian Communication Research,사회과학,신문방송학,1738-2084,6,4,10
International Journal of Korean Unification Studies,사회과학,정치외교학,1229-6902,1,9,10
Journal of Peace and Unification,사회과학,지역학,2233-9671,6,4,10
e-비즈니스연구,사회과학,무역학,1229-9936,3,7,10
美學(미학),인문학,철학,1225-0732,10,0,10
강원문화사연구,기타,기타,nan,0,10,10
경영과 정보연구,사회과학,경영학,1598-2459,4,6,10
다문화와 디아스포라연구,사회과학,사회학,2287-4453,5,5,10
로고스경영연구,사회과학,경영학,1598-8813,6,4,10
명지사론,기타,기타,nan,0,10,10
문명과 경계,인문학,기타인문학,2636-1868,0,10,10
미술치료연구,사회과학,심리과학,1226-6787,1,9,10
불교와 사회(구 불교사상과 문화),인문학,불교학,2092-9277,10,0,10
산업기술연구논문지,복합학,과학기술학,2671-6321,9,1,10
산업융합연구,복합학,학제간연구,2635-8875,3,7,10
세계헌법연구,사회과학,법학,1226-6825,0,10,10
신학과 세계,인문학,기독교신학,1598-8848,0,10,10
역사와 역사교육,인문학,역사학,1598-2580,0,10,10
연극예술치료연구,예술체육학,연극,2234-6449,10,0,10
영남고고학,인문학,역사학,1226-4547,0,10,10
영유아교육과정연구,사회과학,교육학,nan,8,2,10
예술심리치료연구,사회과학,교육학,1975-759X,2,8,10
인문연구논집,기타,기타,nan,0,10,10
입법정책,사회과학,법학,1976-2445,0,10,10
정보처리학회지,기타,기타,1226-9182,0,10,10
정보화정책,사회과학,정책학,1598-3498,0,10,10
정책분석평가학회보,사회과학,정책학,1226-6841,0,10,10
중한연구학간,인문학,중국어와문학,2799-970X,9,1,10
지역사회간호학회지,의약학,간호학,2983-0648,1,9,10
한국거버넌스학회보,사회과학,행정학,1738-1274,3,7,10
한국독서교육학회지,복합학,문헌정보학,2288-3355,0,10,10
한국식품영양과학회지,농수해양학,식품과학,1226-3311,1,9,10
한국여가레크리에이션학회지,예술체육학,체육,1598-0413,3,7,10
한국지능시스템학회 논문지,공학,전기공학,1976-9172,0,10,10
한국행정연구,사회과학,행정학,1226-797X,6,4,10
한류연구,복합학,학제간연구,nan,9,1,10
한신인문학연구,기타,기타,nan,0,10,10
핵심역량교육연구,사회과학,교육학,nan,5,5,10
Asia Pacific Education Review,사회과학,교육학,1598-1037,1,8,9
EU연구,기타,기타,nan,2,7,9
International Journal of Contents,공학,컴퓨터학,1738-6764,5,4,9
Journal of Cognitive Science,복합학,인지과학,1598-2327,5,4,9
Journal of Confucian Philosophy and Culture,인문학,유교학,1598-267X,6,3,9
Korean Journal of Medical Education,의약학,기타의약학,2005-727X,1,8,9
Korean Social Science Journal,사회과학,사회과학일반,1225-0368,3,6,9
가족자원경영과 정책,복합학,학제간연구,1738-0391,3,6,9
가톨릭신학과사상,인문학,가톨릭신학,1225-4924,0,9,9
간호행정학회지,의약학,간호학,1225-9330,0,9,9
과학교육논총,기타,기타,1976-0922,0,9,9
교육치료연구,사회과학,교육학,2005-7830,2,7,9
국제교류와 융합교육,사회과학,교육학,2765-7779,8,1,9
기본간호학회지,의약학,간호학,1225-9012,2,7,9
대만연구(臺灣硏究),사회과학,지역학,2234-067X,9,0,9
대학연구,사회과학,사회과학일반,2951-0716,9,0,9
대한안과학회지,의약학,안과학,0378-6471,0,9,9
대한인간공학회지,공학,산업공학,1229-1684,0,9,9
동서정신과학,인문학,철학,1738-1207,5,4,9
디지털스토리텔링 연구,인문학,기타인문학,2005-3886,0,9,9
문화관광연구,사회과학,사회과학일반,1598-0553,0,9,9
미래음악교육연구,예술체육학,음악학,2508-4402,8,1,9
방송공학회 논문지,공학,전자/정보통신공학,1226-7953,0,9,9
비교민주주의연구,사회과학,정치외교학,1738-7191,3,6,9
비교형사법연구,사회과학,법학,1598-091X,2,7,9
산업혁신연구,사회과학,경영학,2005-2936,1,8,9
생활과학연구논총,복합학,학제간연구,1738-544X,0,9,9
서울국제법연구,사회과학,법학,1226-3508,0,9,9
서울도시연구,사회과학,국제/지역개발,1738-7124,1,8,9
스트레스 硏究,의약학,가정의학,1225-665X,0,9,9
신학과철학,인문학,가톨릭신학,1229-8972,2,7,9
영토해양연구,인문학,역사학,2234-3296,6,3,9
외식경영연구,사회과학,관광학,1229-1838,5,4,9
융합보안 논문지,공학,공학일반,1598-7329,5,4,9
음악교수법연구,예술체육학,음악학,1738-5849,7,2,9
의정연구,사회과학,정치외교학,1226-0789,2,7,9
인문사회논총,인문학,기타인문학,2234-280X,0,9,9
일본학연보,기타,기타,nan,0,9,9
전북학연구,사회과학,지역학,2713-5772,8,1,9
조형디자인연구,예술체육학,미술,1229-1412,2,7,9
중국문학이론,기타,기타,1598-608X,0,9,9
중앙법학,사회과학,법학,1598-558X,0,9,9
지방교육경영,사회과학,교육학,1229-4268,1,8,9
지역발전연구,기타,기타,nan,1,8,9
지역연구,기타,기타,nan,0,9,9
청람사학,인문학,역사학,1226-8259,2,7,9
취업진로연구,사회과학,교육학,2234-1412,0,9,9
코칭능력개발지,예술체육학,체육,1229-6597,3,6,9
통일과 법률,사회과학,법학,2093-1859,2,7,9
프로그램/텍스트,기타,기타,nan,0,9,9
한국교육연구,사회과학,교육학,3059-1694,0,9,9
한국사회복지조사연구,사회과학,사회복지학,1975-0129,1,8,9
한국수학사학회지,자연과학,수학,1226-931X,0,9,9
한국시스템다이내믹스연구,복합학,학제간연구,1229-8085,9,0,9
한국식품영양학회지,농수해양학,식품과학,1225-4339,2,7,9
한국의류산업학회지,자연과학,생활과학,1229-2060,3,6,9
한국패션디자인학회지,예술체육학,의상,1598-3749,2,7,9
한일어문논집,인문학,일본어와문학,2005-2332,1,8,9
형사법연구,사회과학,법학,1598-0979,0,9,9
D.H. 로렌스 연구,인문학,영어와문학,1226-4318,0,8,8
Journal of Information Technology Applications & Management,사회과학,경영학,1598-6284,2,6,8
Korea Business Review,사회과학,경영학,2951-3596,0,8,8
Tourism Research,사회과학,관광학,1229-571x,1,7,8
日本研究,기타,기타,2234-0467,0,8,8
가톨릭신학,인문학,가톨릭신학,1598-9232,0,8,8
강원법학,사회과학,법학,1229-4578,4,4,8
관광진흥연구,사회과학,관광학,2288-7156,2,6,8
글로벌정치연구,사회과학,정치외교학,2005-1352,3,5,8
기독교철학,인문학,철학,2005-1298,6,2,8
다문화교육 연구와 실천,사회과학,교육학,nan,0,8,8
담론201,사회과학,사회학,1598-1118,8,0,8
도시행정학보,사회과학,행정학,1598-8686,0,8,8
동아법학,사회과학,법학,1225-3405,0,8,8
동양학간보,기타,기타,nan,0,8,8
마케팅관리연구,사회과학,경영학,1229-7798,3,5,8
문화예술경영학연구,사회과학,경영학,2234-2532,4,4,8
미래교육학연구,사회과학,교육학,2671-6461,5,3,8
발달장애연구,사회과학,교육학,2288-4289,2,6,8
법제연구,사회과학,법학,1226-3664,0,8,8
부산사학,기타,기타,nan,0,8,8
비폭력연구,기타,기타,2005-9663,0,8,8
사회보장연구,사회과학,사회복지학,1225-5866,0,8,8
사회융합연구,복합학,학제간연구,2586-0399,4,4,8
생활과학연구,기타,기타,nan,0,8,8
성인계속교육연구,사회과학,교육학,2093-6095,0,8,8
스포츠인류학연구,예술체육학,체육,1976-7986,5,3,8
신학과 교회,인문학,기독교신학,2383-4811,0,8,8
심리유형과 인간발달,사회과학,심리과학,2586-4076,1,7,8
여가학연구,복합학,학제간연구,2233-8179,1,7,8
여성건강,기타,기타,1229-9391,0,8,8
융합교육연구,사회과학,교육학,2466-0280,2,6,8
임상사회사업연구,기타,기타,1738-3412,0,8,8
자폐성장애연구,사회과학,교육학,2005-1778,3,5,8
전자불전,기타,기타,1229-6171,0,8,8
정신건강과 사회복지,사회과학,사회복지학,1229-3040,1,7,8
중국고중세사연구,인문학,역사학,2765-7108,1,7,8
중국철학,기타,기타,1229-8190,0,8,8
중세르네상스영문학,인문학,영어와문학,1229-0394,0,8,8
지방자치연구,사회과학,사회과학일반,2288-0134,0,8,8
지방행정연구,사회과학,행정학,1225-6587,0,8,8
지역사회 현안과 담론,사회과학,사회과학일반,2765-222X,8,0,8
질적연구,복합학,학제간연구,1229-8417,1,7,8
청람과학교육연구논총,자연과학,물리학,1738-6462,0,8,8
코칭연구,복합학,감성과학,2005-1166,8,0,8
통상정보연구,사회과학,무역학,1598-7604,3,5,8
피해자학연구,사회과학,법학,1229-2923,0,8,8
학교교육연구,기타,기타,nan,0,8,8
한국공안행정학회보,사회과학,행정학,1229-9952,1,7,8
한국민주시민교육학회보,기타,기타,1229-5817,0,8,8
한국방송통신대학교 논문집,기타,기타,nan,0,8,8
한국복식,예술체육학,의상,2005-3959,4,4,8
한국사회복지행정학,사회과학,사회복지학,1598-5555,1,7,8
한국의상디자인학회지,예술체육학,의상,1229-7240,3,5,8
한국직업건강간호학회지,의약학,간호학,2287-2531,0,8,8
한국청동기학보,인문학,역사학,1976-8338,0,8,8
한국통신학회논문지,공학,전자/정보통신공학,1226-4717,0,8,8
Corpus Linguistics Research,인문학,언어학,2465-812X,4,3,7
International Journal of Buddhist Thought and Culture,인문학,불교학,1598-7914,2,5,7
Journal of Universal Language,인문학,언어학,nan,1,6,7
Korean Journal of Family Medicine,의약학,가정의학,2005-6443,0,7,7
NORTH KOREAN REVIEW,사회과학,지역학,1551-2789,0,7,7
OOH광고학연구,사회과학,신문방송학,1975-9053,0,7,7
Research in Dance and Physical Activity,예술체육학,무용,2951-5904,7,0,7
경영컨설팅연구,사회과학,경영학,1598-172X,2,5,7
경제발전연구,사회과학,경제학,1229-3148,2,5,7
경제학연구,사회과학,경제학,1226-377x,0,7,7
고고학지,인문학,역사학,1229-6643,0,7,7
교육과 학습: Global Creative Leader,사회과학,교육학,2234-7534,7,0,7
글로벌사회복지연구,사회과학,사회복지학,2233-9663,0,7,7
농촌경제,사회과학,농업경제학,1229-8263,0,7,7
농촌지도와 개발,농수해양학,농학,1976-3107,1,6,7
대한후두음성언어의학회지,의약학,이비인후과학,2508-268X,3,4,7
동북아법연구,사회과학,법학,1976-5037,4,3,7
동서사학,기타,기타,1229-3156,0,7,7
동양미술사학,예술체육학,미술,2287-4399,4,3,7
바둑학연구,사회과학,사회과학일반,1738-3730,0,7,7
방송과 미디어,기타,기타,1226-7961,0,7,7
사법,사회과학,법학,1976-3956,3,4,7
사회경제평론,사회과학,경제학,1229-0092,0,7,7
사회발전연구,기타,기타,1229-5744,0,7,7
생물치료정신의학,의약학,정신과학,1225-9454,0,7,7
생태환경과 역사,인문학,역사학,2466-0310,4,3,7
생활과학논집,기타,기타,nan,0,7,7
소비자문제연구,사회과학,사회과학일반,1738-9003,1,6,7
수행인문학,기타,기타,1975-7859,0,7,7
식공간융합연구,복합학,감성과학,2983-3728,3,4,7
아동부모학회지,사회과학,교육학,2465-9940,7,0,7
아시아민족조형학보,인문학,역사학,1976-6688,0,7,7
아프리카학연구,사회과학,지역학,2765-3420,7,0,7
안암법학,사회과학,법학,1226-6159,2,5,7
에피스테메,인문학,기타인문학,1976-9660,0,7,7
여성신학논집,기타,기타,nan,0,7,7
영어평가,인문학,영어와문학,1976-491X,4,3,7
외법논집,사회과학,법학,1226-0886,0,7,7
원광법학,사회과학,법학,1598-429X,0,7,7
유럽헌법연구,사회과학,법학,1976-4383,4,3,7
융복합지식학회논문지,공학,컴퓨터학,2287-8920,2,5,7
의학교육논단,의약학,의학일반,2092-5603,1,6,7
인간행동과 음악연구,예술체육학,음악학,2288-2774,4,3,7
인권연구,사회과학,법학,2635-4632,3,4,7
인문사회연구,인문학,기타인문학,nan,0,7,7
인적자원관리연구,사회과학,경영학,1598-2637,1,6,7
일감법학,사회과학,법학,1975-9789,1,6,7
재활과학연구,의약학,재활의학,1225-9799,0,7,7
정신신체의학,의약학,정신과학,1225-6471,0,7,7
정책과학연구,사회과학,정책학,1598-740X,0,7,7
정치와 공론,사회과학,사회과학일반,1976-6920,6,1,7
주거환경,사회과학,국제/지역개발,1738-0316,1,6,7
지식경영연구,사회과학,경영학,1229-9553,1,6,7
지질학회지,자연과학,지질학,0435-4036,0,7,7
차세대컨버전스정보서비스기술논문지,복합학,학제간연구,2384-101X,1,6,7
청소년보호지도연구,기타,기타,1598-544X,0,7,7
커뮤니케이션 과학,기타,기타,2093-1549,0,7,7
학부모연구,사회과학,사회과학일반,2383-8892,7,0,7
한국 스포츠 리서치,예술체육학,체육,1228-4289,1,6,7
한국HCI학회 논문지,복합학,학제간연구,1976-0671,1,6,7
한국경찰연구,사회과학,행정학,1598-6322,0,7,7
한국군사학논총,사회과학,군사학,2287-1373,1,6,7
한국군사회복지학,사회과학,사회복지학,2005-6214,3,4,7
한국미용학회지,예술체육학,미용,1229-4349,2,5,7
한국사회과학,기타,기타,1226-7325,0,7,7
한국산업정보학회논문지,공학,공학일반,1229-3741,1,6,7
한국스포츠산업경영학회지,예술체육학,체육,1229-8514,1,6,7
한국종교연구,기타,기타,1229-3407,0,7,7
한국중독범죄학회보,사회과학,사회과학일반,2234-4519,4,3,7
한국지적정보학회지,사회과학,국제/지역개발,1738-3560,0,7,7
한양법학,사회과학,법학,1226-8062,1,6,7
해양관광학연구,복합학,학제간연구,2005-5382,6,1,7
현대사진영상학회 논문집,예술체육학,사진,1229-3512,1,6,7
홍익법학,사회과학,법학,1975-9576,2,5,7
화이트헤드 연구,인문학,철학,1229-1501,1,6,7
환경정책,사회과학,정책학,1598-835X,6,1,7
21세기정치학회보,사회과학,정치외교학,1229-5167,6,0,6
Andragogy Today: Interdisciplinary Journal of Adult & Continuing Education (IJACE),사회과학,교육학,1229-3075,6,0,6
Audiology and Speech Research,사회과학,교육학,2635-5019,1,5,6
International Journal of Intangible Heritage,인문학,역사학,1975-3586,4,2,6
International Journal of Multicultural Education,사회과학,교육학,1934-5267,0,6,6
Journal of Asia TEFL,인문학,영어와문학,1738-3102,0,6,6
Journal of Integrated Design Research,예술체육학,디자인,2765-2793,1,5,6
KEDI Journal of Educational Policy,사회과학,교육학,1739-4341,3,3,6
Korean Journal of Acupuncture,의약학,한의학,2287-3368,0,6,6
Robotics & AI Ethics,복합학,학제간연구,2435-3345,6,0,6
The Korean Journal of International Studies,사회과학,정치외교학,2233-470X,2,4,6
고객만족경영연구,사회과학,경영학,1229-859X,1,5,6
과학영재교육,사회과학,교육학,2005-9698,3,3,6
교류분석상담연구,사회과학,심리과학,2234-4764,2,4,6
교육재정경제연구,사회과학,교육학,1226-2781,1,5,6
교정담론,사회과학,법학,1976-9121,2,4,6
국기원 태권도연구,예술체육학,체육,2093-6753,4,2,6
근현대사강좌,기타,기타,1027-867X,0,6,6
기술혁신학회지,복합학,기술정책,1598-2912,0,6,6
김동명문학연구,인문학,한국어와문학,2465-8421,0,6,6
논리연구,인문학,철학,1598-7493,0,6,6
대한안전경영과학회지,공학,안전공학,1229-6783,0,6,6
디자인융복합연구(구.인포디자인이슈),예술체육학,디자인,2287-4089,6,0,6
디지털문화아카이브지,복합학,문헌정보학,2635-6856,6,0,6
마음공부,인문학,기타인문학,2733-4783,3,3,6
마케팅연구,사회과학,경영학,1229-456X,0,6,6
무역연구,사회과학,무역학,1738-8112,4,2,6
미국헌법연구,사회과학,법학,1225-4746,0,6,6
미래연구,복합학,복합학,2508-5336,0,6,6
민족발전연구,기타,기타,nan,0,6,6
법과정책,사회과학,법학,1738-2467,1,5,6
보건교육건강증진학회지,의약학,예방의학,1229-4128,1,5,6
보존과학회지,자연과학,자연과학일반,1225-5459,0,6,6
불교학밀교학연구,인문학,불교학,2951-0449,6,0,6
산업교육연구,사회과학,교육학,2093-3444,0,6,6
생명과학회지,자연과학,기타자연과학,1225-9918,0,6,6
생애학회지,자연과학,생활과학,2234-0904,4,2,6
서양고대사연구,인문학,역사학,1229-4837,1,5,6
성경과 신학,인문학,기독교신학,1229-330X,3,3,6
세무학연구,사회과학,회계학,1225-1399,1,5,6
스마트미디어저널,공학,컴퓨터학,2287-1322,2,4,6
신학과 목회,기타,기타,1739-3434,0,6,6
언어논총,기타,기타,nan,0,6,6
예술문화,기타,기타,nan,0,6,6
유라시아문화,인문학,기타인문학,2799-4147,5,1,6
음악연구,예술체육학,음악학,1229-1919,4,2,6
이벤트컨벤션연구,사회과학,관광학,1738-7981,4,2,6
인적자원개발연구,사회과학,경영학,1598-1835,1,5,6
인터넷전자상거래연구,사회과학,경영학,1598-1983,0,6,6
자연과학,자연과학,자연과학일반,2234-2737,0,6,6
지역사회학(Korean Regional Sociology),사회과학,사회학,1598-7000,6,0,6
지역산업연구,기타,기타,nan,5,1,6
평생교육인적자원개발연구,사회과학,교육학,2951-0457,6,0,6
한국IT서비스학회지,사회과학,경영학,1975-4256,0,6,6
한국농촌건축학회논문집,공학,건축공학,1229-2532,0,6,6
한국무용과학회지,예술체육학,무용,1229-7836,1,5,6
한국문화공간건축학회논문집,예술체육학,기타예술체육,1738-818X,4,2,6
한국비교정부학보,사회과학,행정학,1598-964X,3,3,6
한국사회학연구,사회과학,사회학,2093-1905,0,6,6
한국식품조리과학회지,자연과학,생활과학,2287-1780,0,6,6
한국심리학회지: 산업 및 조직,사회과학,심리과학,1229-0696,1,5,6
한국정책연구,사회과학,행정학,1598-7817,0,6,6
한국지방자치학회보,사회과학,정치외교학,2713-7244,0,6,6
한국지역사회생활과학회지,자연과학,생활과학,1229-8565,1,5,6
한국차세대컴퓨팅학회 논문지,공학,컴퓨터학,1975-681X,0,6,6
한국학교보건학회지,의약학,예방의학,1225-9608,0,6,6
한중관계연구,사회과학,지역학,2384-1214,5,1,6
행정판례연구,사회과학,법학,1599-7413,1,5,6
현대사회과학연구,사회과학,사회과학일반,1225-858X,0,6,6
현대사회와 문화,기타,기타,1976-5657,0,6,6
호텔관광연구,사회과학,관광학,1229-3482,2,4,6
(사)디지털산업정보학회 논문지,공학,컴퓨터학,1738-6667,5,0,5
18세기영문학,인문학,영어와문학,1976-0930,5,0,5
19세기 영어권 문학,인문학,영어와문학,1598-3269,5,0,5
ACTS 신학저널,인문학,기독교신학,2383-4943,5,0,5
Asian Journal of Physical Education and Sport Science,예술체육학,체육,1598-5679,2,3,5
Canon&Culture(캐논앤컬처),인문학,종교학,1976-0590,5,0,5
Journal of Sport and Dance Science,예술체육학,체육,2799-2918,4,1,5
Korean Journal of Health Promotion,자연과학,기타자연과학,2234-2141,2,3,5
The Korean Journal of Defense Analysis,사회과학,정치외교학,1016-3271,0,5,5
尤庵論叢,기타,기타,2005-6125,0,5,5
應用地理,기타,기타,2093-4033,0,5,5
沽山中國學報,사회과학,지역학,2713-8356,5,0,5
개혁논총,인문학,기독교신학,1738-768X,4,1,5
경남사학,기타,기타,nan,0,5,5
경남지역연구,기타,기타,nan,0,5,5
경제규제와 법,사회과학,법학,2005-0372,1,4,5
경제논집,사회과학,경제학,1738-1150,0,5,5
경제연구,기타,기타,nan,2,3,5
고등교육연구,사회과학,교육학,1225-0708,0,5,5
교과와 교과서연구,사회과학,교육학,2799-7227,2,3,5
교수논문집,기타,기타,nan,0,5,5
국제문제연구,기타,기타,nan,0,5,5
국제학논총,사회과학,지역학,2092-5239,0,5,5
군사논단,기타,기타,1229-1609,0,5,5
기계저널,기타,기타,1226-7287,0,5,5
기업경영연구,기타,기타,1226-105X,0,5,5
노인간호학회지,의약학,간호학,2384-1877,0,5,5
다문화와 인간,사회과학,사회과학일반,2287-3287,0,5,5
대학생활연구,기타,기타,nan,0,5,5
대한무도학회지,예술체육학,체육,1738-1231,2,3,5
대한의사협회지,의약학,기타의약학,1975-8456,0,5,5
도덕교육학연구,기타,기타,nan,0,5,5
동덕여성연구,기타,기타,nan,0,5,5
동서의학,의약학,한의학,1225-9535,0,5,5
동양학연구,기타,기타,1226-1270,0,5,5
동의신경정신과학회지,의약학,한의학,1226-6396,1,4,5
디자인 연구,예술체육학,디자인,nan,0,5,5
리버럴아츠,사회과학,교육학,2799-7790,5,0,5
미래사회복지연구,사회과학,사회복지학,2093-937X,3,2,5
미술사와 문화유산,예술체육학,미술,2287-6367,0,5,5
법이론실무연구,사회과학,법학,2288-1840,4,1,5
법학논고,사회과학,법학,1738-5903,1,4,5
복음과 선교,인문학,기독교신학,2005-1875,3,2,5
산업경제연구,사회과학,경제학,1229-201X,1,4,5
산업재산권,사회과학,법학,1598-6055,0,5,5
생명윤리,복합학,학제간연구,1598-0324,2,3,5
서비스경영학회지,사회과학,경영학,1598-1150,1,4,5
서애연구,사회과학,사회학,2733-4228,3,2,5
서양중세사연구,인문학,역사학,1229-4454,0,5,5
신학과 선교,인문학,기독교신학,1738-0138,3,2,5
심리운동연구,사회과학,심리과학,2465-8766,4,1,5
아시아마케팅저널,사회과학,경영학,nan,5,0,5
연구보고서,사회과학,사회과학일반,nan,0,5,5
연구원논집,기타,기타,nan,0,5,5
웰빙융합연구,사회과학,경제학,nan,5,0,5
음악문헌학,예술체육학,음악학,2093-7490,0,5,5
인권과 정의,사회과학,법학,1225-6854,0,5,5
인지발달중재학회지,사회과학,심리과학,2093-9833,0,5,5
임상간호연구,의약학,간호학,1598-9186,0,5,5
입법과 정책,사회과학,정책학,2093-0321,0,5,5
전자공학회논문지 - IE,공학,공학,1975-2377,0,5,5
정보법학,사회과학,법학,1598-5911,2,3,5
정신건강연구,의약학,정신과학,1015-6410,0,5,5
조직신학연구,인문학,기독교신학,1738-4508,1,4,5
창조교육논총,기타,기타,nan,0,5,5
캐나다연구,기타,기타,nan,0,5,5
토지법학,사회과학,법학,1226-2927,0,5,5
통합유럽연구,사회과학,지역학,2233-5587,3,2,5
트랜스-,사회과학,신문방송학,2508-3309,3,2,5
특수·영재교육저널,사회과학,교육학,2383-5591,3,2,5
포르투갈-브라질 연구,사회과학,지역학,1975-5805,3,2,5
학습전략중재연구,사회과학,교육학,2093-2073,0,5,5
한국디자인리서치,예술체육학,디자인,2508-2817,2,3,5
한국사회복지교육,사회과학,사회복지학,1738-706X,3,2,5
한국사회연구,기타,기타,1976-3050,0,5,5
한국아동심리치료학회지,자연과학,생활과학,1975-9290,0,5,5
한국예다학,인문학,역사학,2465-860X,0,5,5
한국외식산업학회지,사회과학,관광학,1738-8244,2,3,5
한국응용과학기술학회지,자연과학,자연과학일반,1225-9098,4,1,5
한국의 언어와 문학,기타,기타,2092-8947,0,5,5
한국인체미용예술학회지,예술체육학,미용,1229-6775,3,2,5
한국전통공연예술학,인문학,철학,2288-6346,0,5,5
한국치안행정논집,사회과학,행정학,1738-5032,0,5,5
한국항만경제학회지,농수해양학,해상운송학,1225-3855,1,4,5
한국환경복원기술학회지,농수해양학,임학,1229-3032,0,5,5
한양일본학,기타,기타,1226-198X,0,5,5
한중경제문화연구,사회과학,경제학,2288-4556,0,5,5
해양유산,인문학,역사학,2713-5144,4,1,5
현대교육연구,사회과학,교육학,2671-4884,0,5,5
협상 연구,사회과학,신문방송학,1598-639X,0,5,5
형사정책연구,사회과학,법학,1225-7559,0,5,5
회당학보,기타,기타,1229-5639,0,5,5
Asian Journal of African Studies,사회과학,지역학,2466-1821,0,4,4
Brain & Learning,사회과학,교육학,2233-9930,0,4,4
Infection and Chemotherapy,의약학,내과학,2093-2340,3,1,4
International Journal of Knowledge Content Development & Technology,복합학,문헌정보학,2234-0068,4,0,4
Journal of Global and Area Studies,사회과학,지역학,2586-0305,4,0,4
OMNES : Journal of Multicultural Society,사회과학,사회과학일반,2093-5498,4,0,4
法學論文集,사회과학,법학,1225-5726,0,4,4
가족학논집,기타,기타,nan,0,4,4
가천법학,사회과학,법학,2713-8151,0,4,4
경계연구,사회과학,사회과학일반,2951-0589,4,0,4
경상논총,사회과학,경제학,1226-2625,0,4,4
경희법학,사회과학,법학,1229-2478,0,4,4
과학과 교육,복합학,학제간연구,1738-723X,0,4,4
국가안보와 전략,사회과학,정치외교학,2466-2259,3,1,4
국정관리연구,사회과학,행정학,1975-8324,0,4,4
국제과학영재학회지,사회과학,교육학,1976-2224,0,4,4
국제사법연구,사회과학,법학,1738-6306,1,3,4
근관절건강학회지,의약학,간호학,1975-9398,1,3,4
글로벌경영학회지,사회과학,경영학,2713-8941,1,3,4
기업경영리뷰,사회과학,경영학,2636-1779,1,3,4
남명학보,기타,기타,1598-5660,0,4,4
노동경제논집,사회과학,경제학,1229-6651,0,4,4
대한교통학회지,공학,공학일반,1229-1366,0,4,4
대한내과학회지,의약학,내과학,1738-9364,0,4,4
대한미용학회지,예술체육학,미용,2508-8009,2,2,4
대한보건연구,의약학,예방의학,1738-3897,1,3,4
대한산업공학회지,공학,산업공학,1225-0988,0,4,4
대한신경과학회지,의약학,신경과학,1225-7044,0,4,4
대한의료기공학회지,의약학,한의학,1229-6198,0,4,4
대한치과의사협회지,의약학,치의학,0376-4672,0,4,4
대한피부과학회지,의약학,피부과학,0494-4739,2,2,4
대한한의학회지,의약학,한의학,1010-0695,0,4,4
독서아카고라연구,인문학,기타인문학,2672-1309,0,4,4
독일학연구,기타,기타,nan,0,4,4
동북아경제연구,사회과학,경제학,1225-4363,0,4,4
러시아유라시아연구,인문학,러시아어와문학,2671-6054,3,1,4
만화웹툰연구,예술체육학,예술일반,nan,3,1,4
문화·경영·기술,인문학,기타인문학,2799-5615,4,0,4
미용예술경영연구,예술체육학,미용,2765-7132,1,3,4
번역∙언어∙기술,인문학,통역번역학,nan,2,2,4
번역문학,기타,기타,nan,0,4,4
벤처창업연구,사회과학,경영학,1975-7557,1,3,4
보건과학 논집,의약학,예방의학,1598-687X,0,4,4
복음과 상담,인문학,기독교신학,1739-0745,2,2,4
부모교육연구,사회과학,사회복지학,1738-4133,1,3,4
북한법연구,사회과학,법학,1738-0189,0,4,4
비교중국연구,사회과학,사회과학일반,2713-7341,1,3,4
사회과학논문집,기타,기타,1225-2558,0,4,4
사회법연구,사회과학,법학,1738-1118,1,3,4
사회적경제와 정책연구,복합학,학제간연구,2466-1732,1,3,4
사회통합연구,사회과학,기타사회과학,2713-556X,2,2,4
산업연구,기타,기타,1225-9403,0,4,4
산업진흥연구,복합학,학제간연구,2466-1139,3,1,4
상담평가연구,기타,기타,nan,0,4,4
생사학연구,복합학,학제간연구,2733-6271,4,0,4
세무회계연구,사회과학,회계학,1226-1947,3,1,4
셀메드,의약학,의학일반,3022-6805,3,1,4
수학교육철학연구,사회과학,교육학,2765-6381,4,0,4
신뢰연구,기타,기타,1598-4346,0,4,4
아동복지연구,기타,기타,1598-7884,1,3,4
아동연구,기타,기타,2233-7504,0,4,4
아주법학,사회과학,법학,1976-3115,0,4,4
언론연구,기타,기타,nan,0,4,4
에니어그램연구,의약학,정신과학,1738-4788,0,4,4
역사신학논총,인문학,기독교신학,1229-7593,1,3,4
영유아교육: 이론과 실천,사회과학,교육학,2508-1942,3,1,4
예술논집,사회과학,경영학,1975-3675,0,4,4
이주문화연구,기타,기타,nan,0,4,4
인사조직연구,사회과학,경영학,1598-8740,1,3,4
인삼문화,인문학,기타인문학,2671-5503,3,1,4
재무관리연구,사회과학,경영학,1225-0759,0,4,4
전자공학회논문지,공학,전자/정보통신공학,2287-5026,0,4,4
제도와 경제,사회과학,경제학,1976-3697,1,3,4
종교문화학보,인문학,종교학,1975-3594,0,4,4
주택연구,사회과학,경제학,1226-2676,0,4,4
중앙고고연구,인문학,역사학,2233-6230,1,3,4
직업과 자격 연구,사회과학,교육학,2287-2906,0,4,4
철학실천과 상담,인문학,철학,2093-9477,0,4,4
첨단문화기술연구,기타,기타,2005-4904,0,4,4
초기문해력교육,사회과학,교육학,2672-0019,0,4,4
컴퓨터게임및콘텐츠논문지,공학,공학일반,nan,4,0,4
토지공법연구,사회과학,법학,1226-251X,0,4,4
통계연구,사회과학,경제학,1226-8275,0,4,4
통합연구,기타,기타,nan,0,4,4
학생지도연구,기타,기타,nan,0,4,4
한국경관학회지,사회과학,국제/지역개발,2092-9919,1,3,4
한국군사,사회과학,군사학,1228-2804,2,2,4
한국산림휴양학회지,농수해양학,임학,1226-5519,1,3,4
한국스포츠심리학회지,예술체육학,체육,1226-685X,0,4,4
한국예술치료학회지,사회과학,심리과학,1738-8805,1,3,4
한국전통상학연구,기타,기타,nan,0,4,4
한국정보기술학회 영문논문지,공학,전자/정보통신공학,2234-1072,4,0,4
한국정보기술학회지,기타,기타,1738-0847,0,4,4
한국정보전자통신기술학회 논문지,공학,전자/정보통신공학,2005-081X,1,3,4
한국정원디자인학회지,농수해양학,조경학,2465-8146,1,3,4
한국조직학회보,사회과학,행정학,1738-3595,1,3,4
한국지리정보학회지,공학,기타공학,1226-9719,0,4,4
한국창업학회지,사회과학,경영학,2092-8068,3,1,4
한국체육정책학회지,예술체육학,체육,1598-8376,4,0,4
한국평생교육,사회과학,교육학,2288-6230,0,4,4
한국화예디자인학 연구,예술체육학,기타예술체육,1598-1223,2,2,4
한국환경과학회지,자연과학,지구과학,1225-4517,0,4,4
한국환경생태학회지,농수해양학,조경학,1229-3857,0,4,4
한성인문학,기타,기타,1738-2706,0,4,4
한일경상논집,사회과학,경영학,1226-3877,2,2,4
해양문화연구,기타,기타,nan,0,4,4
해운물류연구,농수해양학,해상운송학,1598-8538,1,3,4
형사법의 신동향,사회과학,법학,1976-5789,2,2,4
Asian Journal of Peacebuilding,사회과학,사회과학일반,2288-2693,2,1,3
BMB Reports,자연과학,화학,1976-6696,0,3,3
Child Health Nursing Research,의약학,간호학,2287-9110,0,3,3
Entrue Journal of Information Technology,사회과학,경영학,1598-6330,0,3,3
Journal of Christian Education & Information Technology,인문학,기독교신학,1229-9871,3,0,3
Journal of Hospice and Palliative Care,의약학,방사선과학,2765-3072,0,3,3
Journal of Information Science Theory and Practice,복합학,문헌정보학,2287-9099,0,3,3
Journal of Korean Medical Science,의약학,의학일반,1011-8934,0,3,3
Korea TESOL Journal,인문학,영어와문학,1598-0464,0,3,3
Multicultural Education Review,사회과학,교육학,2005-615X,1,2,3
Public Value,복합학,학제간연구,2435-3337,3,0,3
TechArt,예술체육학,영화,2288-9248,3,0,3
宗學硏究,인문학,불교학,2671-8065,3,0,3
경상논집,기타,기타,nan,0,3,3
경영정보학연구,사회과학,경영학,1229-5078,0,3,3
경제분석,사회과학,경제학,1226-7570,0,3,3
경찰학논총,사회과학,행정학,1976-0205,0,3,3
경찰학연구,사회과학,법학,1598-3714,1,2,3
고전 르네상스 영문학,인문학,영어와문학,1226-8798,1,2,3
공공정책연구,기타,기타,nan,0,3,3
공공정책연구(구 법정리뷰),사회과학,사회과학일반,2384-0439,3,0,3
과학교육연구,사회과학,교육학,2233-6907,0,3,3
과학기술법연구,사회과학,법학,1226-4148,0,3,3
교육과 문화,사회과학,교육학,2713-5020,3,0,3
교육시설,공학,건축공학,1227-7258,0,3,3
교육정책연구,기타,기타,2383-8922,0,3,3
교정복지연구,복합학,학제간연구,1738-7671,1,2,3
교정연구,사회과학,법학,1226-6809,0,3,3
국제상학,사회과학,무역학,1229-3393,2,1,3
국제회계연구,사회과학,사회과학일반,1598-3919,1,2,3
근대한국학연구,기타,기타,2466-0868,0,3,3
난청과 언어장애,기타,기타,1226-2714,0,3,3
노동법논총,사회과학,법학,1229-4314,0,3,3
노동연구,사회과학,사회학,2005-3967,0,3,3
노인정신의학,의약학,정신과학,1226-6329,0,3,3
농업경제연구,사회과학,농업경제학,0549-6047,0,3,3
농촌계획,농수해양학,농학,1225-8857,1,2,3
대중음악콘텐츠,예술체육학,음악학,2586-0674,2,1,3
대한본초학회지,의약학,한의학,1229-1765,0,3,3
대한불안의학회지,의약학,정신과학,2586-0151,0,3,3
대한소아치과학회지,의약학,치의학,1226-8496,0,3,3
대한이비인후-두경부외과학회지,의약학,이비인후과학,nan,0,3,3
대한작업치료학회지,의약학,작업치료학,1226-0134,0,3,3
대한지역사회작업치료학회지,의약학,작업치료학,2234-0866,3,0,3
대한통합의학회지,의약학,예방의학,2288-1174,3,0,3
대한폐경학회지,의약학,산부인과학,2288-6478,0,3,3
대한한방부인과학회지,의약학,한의학,1229-4292,0,3,3
동서간호학연구지,의약학,간호학,1226-4938,1,2,3
동아시아연구,기타,기타,nan,0,3,3
리더십연구,사회과학,경영학,2383-5230,1,2,3
모드니예술,예술체육학,예술일반,2005-0712,0,3,3
모래놀이상담연구,사회과학,심리과학,2733-5615,2,1,3
무역학회지,사회과학,무역학,1226-2765,1,2,3
문학이후,인문학,문학,2765-785X,0,3,3
문화융복합,사회과학,사회학,2982-9828,3,0,3
민사법학,사회과학,법학,1226-5004,0,3,3
민주평화연구,사회과학,기타사회과학,2635-599X,3,0,3
박물관교육연구,인문학,기타인문학,1976-622X,0,3,3
범죄수사학연구,사회과학,법학,2466-1236,1,2,3
법과정책연구,사회과학,법학,1598-5210,0,3,3
병원경영학회지,사회과학,경영학,1226-6299,0,3,3
보건의료기술평가,의약학,예방의학,2288-5811,0,3,3
보건의료생명과학논문지,공학,의공학,2383-4552,0,3,3
복지행정논총,사회과학,사회과학,1229-3474,0,3,3
부동산연구,사회과학,법학,2092-5395,0,3,3
부부가족상담연구,사회과학,심리과학,2733-564X,2,1,3
분쟁해결연구,사회과학,사회과학일반,1738-365X,1,2,3
비즈니스융복합연구,복합학,과학기술학,2765-401X,1,2,3
사회과학교육,기타,기타,nan,0,3,3
생명윤리정책연구,인문학,철학,1976-3719,0,3,3
생산성연구: 국제융합학술지,사회과학,경영학,1225-3553,2,1,3
생활과학연구논집,기타,기타,nan,0,3,3
서비스 연구,복합학,학제간연구,2234-2850,1,2,3
서비스마케팅저널,사회과학,신문방송학,2005-3207,0,3,3
서사와문학치료,기타,기타,2005-7849,0,3,3
선무학술논집,예술체육학,기타예술체육,1226-7015,0,3,3
성결교회와 신학,기타,기타,1738-0251,0,3,3
세계환단학회지,인문학,역사학,2383-7829,0,3,3
수산경영론집,농수해양학,수산학,1225-1011,1,2,3
시큐리티연구,사회과학,행정학,2671-4299,1,2,3
신라문화제학술발표회논문집,인문학,역사학,1229-1947,0,3,3
아세아여성법학,사회과학,법학,1976-541X,0,3,3
아시아문화학지,인문학,문학,2983-1733,0,3,3
암석학회지,자연과학,지질학,1226-2471,0,3,3
여성경제연구,사회과학,경제학,1738-3978,0,3,3
영남법학,사회과학,법학,1225-6722,0,3,3
영남정치학회보,기타,기타,1738-4176,0,3,3
예술영재교육,예술체육학,예술일반,2671-6305,1,2,3
예술학,기타,기타,nan,0,3,3
원불교학,기타,기타,nan,0,3,3
유럽문화예술학논집,사회과학,인류학,2093-3320,0,3,3
유통경영학회지,사회과학,무역학,2384-0137,1,2,3
유통과학연구,사회과학,경제학,1738-3110,1,2,3
윤리문화연구,기타,기타,2093-2219,0,3,3
의정논총,사회과학,정치외교학,1975-6461,0,3,3
인간교육연구,기타,기타,nan,0,3,3
인권법평론,사회과학,법학,1976-6238,1,2,3
일본문학연구,기타,기타,1229-4918,0,3,3
입법학연구,사회과학,법학,1229-9251,1,2,3
재무관리논총,기타,기타,nan,0,3,3
재무연구,사회과학,경영학,1229-0351,0,3,3
전략경영연구,사회과학,경영학,1226-8437,0,3,3
전문경영인연구,사회과학,경영학,1226-8380,0,3,3
전자공학회논문지 - CI,공학,공학,1229-6376,0,3,3
전자공학회논문지 - SP,공학,공학,1229-6384,0,3,3
전자공학회지,기타,기타,1016-9288,0,3,3
정보통신정책연구,사회과학,사회과학일반,1229-5981,0,3,3
정보화연구,복합학,과학기술학,1738-382x,0,3,3
정책연구,기타,기타,nan,0,3,3
종교와 사회,사회과학,사회학,2093-4556,0,3,3
주역연구,기타,기타,nan,0,3,3
중국현대사연구,기타,기타,nan,0,3,3
중세철학,인문학,철학,1598-9216,0,3,3
증거기반교육연구,사회과학,교육학,2734-1410,3,0,3
춤과 지성,예술체육학,무용,2384-1133,0,3,3
충청학 연구,기타,기타,nan,0,3,3
치안정책연구,사회과학,행정학,1738-2963,1,2,3
특수교육논집,사회과학,교육학,2234-7321,0,3,3
평화들 PEACES,사회과학,사회과학일반,2951-1607,3,0,3
품질경영학회지,복합학,학제간연구,1229-1889,1,2,3
피어선신학논단,인문학,기독교신학,2288-0852,2,1,3
한국경제연구,사회과학,경제학,nan,0,3,3
한국고등직업교육학회 논문집,사회과학,교육학,1229-716X,0,3,3
한국기와학보,인문학,역사학,2733-7499,2,1,3
한국방재학회논문집,공학,기타공학,1738-2424,0,3,3
한국범죄학,사회과학,행정학,1976-0523,0,3,3
한국보건간호학회지,의약학,간호학,1226-0290,0,3,3
한국산림과학회지,농수해양학,임학,2586-6613,0,3,3
한국생산관리학회지,사회과학,경영학,1229-831X,0,3,3
한국심리학회지: 임상심리 연구와 실제,사회과학,심리과학,2466-0787,0,3,3
한국예술종합학교 논문집,기타,기타,1738-0723,0,3,3
한국유체기계학회 논문집,공학,기계공학,2287-9706,0,3,3
한국의료윤리학회지,의약학,의학일반,2005-8284,0,3,3
한국청소년활동연구,자연과학,생활과학,2635-9111,3,0,3
한국체육측정평가학회지,예술체육학,체육,1229-4225,0,3,3
한국통신학회논문지C,공학,전자/정보통신공학,1226-4717,0,3,3
한의학연구소 논문집,의약학,한의학,1225-603X,0,3,3
해양정책연구,농수해양학,해상운송학,1225-0341,2,1,3
행동분석ㆍ지원연구,사회과학,교육학,2383-5435,3,0,3
행정법연구,사회과학,법학,1738-3056,1,2,3
형사판례연구,사회과학,법학,1225-6005,0,3,3
AI와 인간사회,사회과학,사회과학일반,2733-581X,1,1,2
Asian Oncology Nursing,의약학,간호학,2287-2434,0,2,2
Asian Social Work and Policy Review,사회과학,사회복지학,1753-1403,1,1,2
EU학 연구,사회과학,경제학,1226-9514,0,2,2
East Asian Economic Review,사회과학,경제학,2508-1640,0,2,2
East Asian Mathematical Journal,자연과학,수학,1226-6973,0,2,2
Experimental and Molecular Medicine,의약학,생화학,1226-3613,0,2,2
Global Economic Review,사회과학,경제학,1226-508X,0,2,2
Hallym International Journal of Aging,기타,기타,1535-6523,0,2,2
Journal of Astronomy and Space Sciences,자연과학,천문학,2093-5587,1,1,2
Journal of Digital Media & Culture Technology,복합학,학제간연구,2983-0664,2,0,2
Journal of Ginseng Research,의약학,기타의약학,1226-8453,0,2,2
Journal of Korean Art and Archaeology,인문학,역사학,2577-9842,0,2,2
Journal of Korean Law,사회과학,법학,1598-1681,0,2,2
Journal of Multimedia Information System,공학,컴퓨터학,nan,2,0,2
Journal of North Korea Studies,사회과학,지역학,2384-3624,2,0,2
Journal of the Korean Academy of Child and Adolescent Psychiatry,의약학,정신과학,nan,0,2,2
KIEAE Journal,공학,건축공학,2288-968X,0,2,2
Korean Journal of Community Nutrition,자연과학,생활과학,nan,2,0,2
Maxillofacial Plastic Reconstructive Surgery,의약학,치의학,nan,0,2,2
PSYCHIATRY INVESTIGATION,의약학,정신과학,nan,0,2,2
Phoenix,기타,기타,nan,0,2,2
Regulations,사회과학,기타사회과학,2436-3693,2,0,2
Seoul Journal of Economics,사회과학,경제학,1225-0279,0,2,2
Seoul Journal of Japanese Studies,기타,기타,2384-2849,0,2,2
Spatial Information Research,공학,공학일반,2366-3286,0,2,2
"The International Journal of Internet, Broadcasting and Communication",공학,전자/정보통신공학,2288-4920,2,0,2
The Journal of Northeast Asian History,인문학,역사학,1976-3735,0,2,2
The Korean Journal of Security Affairs,사회과학,정치외교학,2671-6860,2,0,2
Visual,기타,기타,nan,0,2,2
산업경영연구,사회과학,경영학,1225-5890,0,2,2
伽山學報,인문학,종교학,1225-7222,0,2,2
地域政策硏究(충북연),사회과학,사회과학일반,1976-2755,2,0,2
敎育問題硏究,사회과학,교육학,2288-7601,0,2,2
經濟硏究,사회과학,사회과학,1226-2153,0,2,2
가톨릭사회과학연구,기타,기타,1229-1420,0,2,2
간호과학,기타,기타,1225-3391,0,2,2
간호학탐구,기타,기타,nan,0,2,2
건축도시환경연구,기타,기타,nan,0,2,2
경영경제연구,사회과학,경영학,2005-4467,0,2,2
경영과학,사회과학,경영학,1225-1100,0,2,2
경영논집,기타,기타,nan,0,2,2
경영법률,사회과학,법학,1229-3261,1,1,2
경제학논집,기타,기타,nan,0,2,2
고등교육,사회과학,교육학,2586-6230,0,2,2
고령자･치매작업치료학회지,의약학,작업치료학,1976-1090,0,2,2
공공외교: 이론과 실천,사회과학,사회과학일반,2765-4338,2,0,2
관광산업연구,사회과학,관광학,2005-0631,0,2,2
관세학회지,사회과학,무역학,1229-7445,0,2,2
교육공동체연구와실천,사회과학,교육학,2671-8812,1,1,2
교육컨설팅코칭연구,사회과학,교육학,2586-3886,1,1,2
교회교육·복지실천 연구,인문학,기독교신학,2635-4225,2,0,2
교회와 법,인문학,가톨릭신학,2288-9205,2,0,2
국가법연구,사회과학,법학,1738-7310,1,1,2
국제거래법연구,사회과학,법학,1229-3822,1,1,2
국제경영리뷰,사회과학,경영학,1598-4869,0,2,2
국제지역정보,기타,기타,1226-4466,0,2,2
글로벌 한국학,복합학,학제간연구,3022-9812,0,2,2
글짜씨,예술체육학,디자인,2093-1166,1,1,2
기독교문화연구,기타,기타,2288-0488,0,2,2
기록과 정보·문화 연구,복합학,문헌정보학,2465-9266,1,1,2
노동법연구,사회과학,법학,1228-2499,0,2,2
노동법학,사회과학,법학,1229-2141,0,2,2
뇌교육연구,기타,기타,1975-8367,0,2,2
다문화건강학회지,복합학,학제간연구,2234-1420,0,2,2
대한기계학회논문집 B,공학,기계공학,1226-4881,0,2,2
대한물리치료학회지,의약학,물리치료학,1229-0475,0,2,2
대한법의학회지,의약학,기타의약학,2383-5702,0,2,2
대한영상의학회지,의약학,방사선과학,nan,0,2,2
대한치위생과학회지,의약학,치의학,2635-456x,2,0,2
대한토목학회 논문집D,공학,공학,1015-6348,0,2,2
도서관학논집,기타,기타,nan,0,2,2
동고학논총,기타,기타,nan,0,2,2
동서문화교류연구,기타,기타,1229-3695,0,2,2
동서언로,사회과학,신문방송학,1598-8805,0,2,2
동아시아비평,기타,기타,1229-0327,0,2,2
디지털경제연구,기타,기타,nan,0,2,2
디지털인문학,인문학,기타인문학,2799-922X,0,2,2
디지털포렌식연구,공학,컴퓨터학,1976-5304,0,2,2
명상심리상담,사회과학,심리과학,2289-0823,0,2,2
무역상무연구,사회과학,무역학,1229-2036,1,1,2
무역전시연구,사회과학,무역학,2287-173X,1,1,2
문화미디어엔터테인먼트법,사회과학,법학,2092-6138,0,2,2
문화연구(Cultural Studies),인문학,기타인문학,2287-9285,2,0,2
문화예술경영,사회과학,경영학,2092-7665,0,2,2
문화예술산업연구,예술체육학,미술,1598-9194,2,0,2
미디어스토리텔링,예술체육학,영화,2383-627X,0,2,2
미디어와 인격권,사회과학,신문방송학,2465-9207,2,0,2
미래교육현장연구,사회과학,교육학,nan,0,2,2
미래융합교육,사회과학,교육학,2765-2939,0,2,2
미래정치연구,사회과학,정치외교학,2233-7148,1,1,2
민사법의 이론과 실무,사회과학,법학,1598-9801,1,1,2
밀교학보,인문학,불교학,1229-5116,0,2,2
박물관기요,인문학,역사학,1223-9683,0,2,2
방과후학교연구,사회과학,교육학,2671-9614,1,1,2
배움학연구,사회과학,교육학,2093-0305,0,2,2
백양인문논집,기타,기타,nan,0,2,2
법제,사회과학,법학,1739-9904,0,2,2
보건경제와 정책연구,사회과학,사회과학일반,nan,1,1,2
보건학 논집,의약학,예방의학,1225-6315,0,2,2
보완대체의사소통연구,사회과학,교육학,2288-7180,0,2,2
북미주학 연구,기타,기타,nan,0,2,2
불교원전연구,기타,기타,1598-2947,0,2,2
비교법연구,사회과학,법학,1598-3285,0,2,2
비교사법,사회과학,법학,1229-5205,0,2,2
사회복지개발연구,기타,기타,1226-4989,0,2,2
산업관계연구,사회과학,경영학,1226-4059,0,2,2
산업디자인학연구,예술체육학,디자인,1976-8745,2,0,2
상징과 모래놀이치료,사회과학,심리과학,2234-0556,2,0,2
생명과말씀,인문학,기독교신학,2093-5218,0,2,2
생물정신의학,의약학,정신과학,1225-8709,0,2,2
생산기술연구소 논문집,기타,기타,1225-8849,0,2,2
생태와 환경,공학,환경공학,2288-1115,0,2,2
생활과학연구논문집,기타,기타,nan,0,2,2
서강법률논총,사회과학,법학,2234-7399,1,1,2
서강법학연구,기타,기타,1229-2958,0,2,2
성균차이나브리프,기타,기타,nan,0,2,2
세계태권도문화학회,예술체육학,체육,2233-453X,1,1,2
숲과 문화,기타,기타,1225-4231,0,2,2
스포츠과학,예술체육학,체육,2234-4411,0,2,2
스포츠사이언스,예술체육학,체육,2093-3363,1,1,2
스포츠엔터테인먼트와 법,사회과학,법학,1598-527X,2,0,2
시민정치연구,사회과학,정치외교학,2765-2270,2,0,2
식품저장과 가공산업,자연과학,생활과학,1598-7418,0,2,2
신라학 리뷰,인문학,역사학,2951-0783,0,2,2
신앙과 삶,인문학,가톨릭신학,2234-6678,0,2,2
심리상담 및 모래놀이치료,사회과학,심리과학,2713-9395,2,0,2
아동가족치료연구,자연과학,생활과학,2234-4276,0,2,2
아시안뷰티화장품학술지,예술체육학,미용,2466-2046,0,2,2
아태경상저널,사회과학,경영학,2733-4309,0,2,2
야외고고학,인문학,역사학,1975-8731,0,2,2
언론학보,기타,기타,1598-5482,0,2,2
역량개발학습연구(구 한국HRD연구),사회과학,교육학,2733-8541,2,0,2
연구방법논총,사회과학,정치외교학,2508-2183,1,1,2
연세경영연구,사회과학,경영학,1226-4792,1,1,2
연세법학,사회과학,법학,1226-8887,2,0,2
예산정책연구,사회과학,경제학,2287-2310,0,2,2
요가학연구,인문학,철학,2005-9213,2,0,2
윤리학,인문학,철학,2234-8115,1,1,2
융합과학기술사회연구,사회과학,사회과학일반,2951-0511,0,2,2
융합관광콘텐츠연구,사회과학,관광학,2508-5646,2,0,2
융합사회와 공공정책,사회과학,정책학,1976-7331,1,1,2
음악응용연구,예술체육학,음악학,2005-4718,0,2,2
응용경제,사회과학,경제학,1229-5426,0,2,2
의료경영학연구,사회과학,경영학,1976-636X,0,2,2
의사결정학 연구,기타,기타,nan,0,2,2
이러닝학회논문지,공학,컴퓨터학,2508-7584,0,2,2
이화체육논집,기타,기타,nan,0,2,2
인격주의 생명윤리,인문학,철학,2234-1455,1,1,2
인문사회과학논총,기타,기타,1225-8644,0,2,2
임상미술심리연구,사회과학,심리과학,2234-2982,1,1,2
자연치유재활복지융합연구,의약학,간호학,2508-4380,2,0,2
자원환경경제연구,사회과학,경제학,1229-9146,0,2,2
장애인평생교육복지연구,사회과학,사회복지학,2384-3330,2,0,2
재산법연구,사회과학,법학,1229-3962,0,2,2
재정학연구,사회과학,경제학,1976-8362,0,2,2
재활복지공학회논문지,공학,의공학,1976-7102,0,2,2
전산회계연구,사회과학,회계학,1598-6896,0,2,2
전자공학회논문지 - SD,공학,공학,1229-6368,0,2,2
정보처리학회논문지. 컴퓨터 및 통신시스템,공학,컴퓨터학,2287-5891,0,2,2
정보통신연구,기타,기타,1598-6640,0,2,2
정신병리학,의약학,정신과학,1225-5300,0,2,2
정치비평,사회과학,정치외교학,1228-1794,0,2,2
제어.로봇.시스템학회 논문지,공학,제어계측공학,1976-5622,0,2,2
젠더법학,사회과학,법학,2005-8071,0,2,2
조세연구,사회과학,법학,2287-1845,0,2,2
조형논총,기타,기타,nan,0,2,2
조형예술학연구,기타,기타,1738-7388,0,2,2
중국법연구,사회과학,법학,1738-7051,1,1,2
중소기업연구,사회과학,경영학,1226-6345,0,2,2
중재연구,사회과학,무역학,1226-3699,0,2,2
지능정보논문지,공학,전자/정보통신공학,3092-4987,2,0,2
지식재산연구,사회과학,법학,1975-5945,0,2,2
지역개발연구,기타,기타,nan,0,2,2
직업재활연구,사회과학,사회과학일반,1226-2498,1,1,2
천문학논총,자연과학,천문학,1225-1534,1,1,2
체육연구,예술체육학,체육,1738-7655,0,2,2
컨설팅융합연구,복합학,학제간연구,2799-8924,2,0,2
컴퓨터정보통신연구,기타,기타,1226-9069,0,2,2
패션과 니트,예술체육학,의상,1738-1177,0,2,2
하인리히 뵐,기타,기타,nan,0,2,2
한국ITS학회 논문지,공학,전자/정보통신공학,1738-0774,1,1,2
한국가금학회지,농수해양학,축산학,1225-6625,0,2,2
한국가정과학회지,기타,기타,1226-9794,0,2,2
한국개혁신학,인문학,기독교신학,1229-1099,0,2,2
한국경영과학회지,사회과학,경영학,1225-1119,1,1,2
한국꽃예술학회지,기타,기타,nan,0,2,2
한국동서경제연구,기타,기타,nan,0,2,2
한국디지털건축인테리어학회 논문집,공학,건축공학,1738-0790,0,2,2
한국리듬운동학회지,예술체육학,체육,2734-066X,2,0,2
한국메이크업디자인학회지,예술체육학,미용,1738-8511,0,2,2
한국모자보건학회지,의약학,예방의학,nan,0,2,2
한국민간경비학회보,사회과학,행정학,1738-866X,2,0,2
한국발육발달학회지,예술체육학,체육,1226-4008,1,1,2
한국방사선학회논문지,공학,원자력공학,1976-0620,0,2,2
한국범죄정보연구,사회과학,사회과학일반,2384-4450,1,1,2
한국사회안전학회지,사회과학,사회과학일반,2234-019x,0,2,2
한국사회와 언론,기타,기타,1227-8211,0,2,2
한국생활과학연구,기타,기타,1738-8058,0,2,2
한국수학논문집,자연과학,수학,1976-8605,0,2,2
한국심리치료학회지,사회과학,심리과학,2005-8640,0,2,2
한국아동가족복지연구,자연과학,생활과학,1229-4713,2,0,2
한국의료법학회지,사회과학,법학,1598-9178,0,2,2
한국인간관계학보,기타,기타,1229-3563,0,2,2
한국인사행정학회보,사회과학,행정학,1976-3891,0,2,2
한국재난정보학회 논문집,자연과학,자연과학일반,1976-2208,0,2,2
한국철도학회논문집,공학,교통공학,1738-6225,0,2,2
한국청소년상담학회지,사회과학,심리과학,2508-2743,0,2,2
한국치위생학회지,의약학,치의학,2287-1705,1,1,2
한국컴퓨터그래픽스학회논문지,공학,컴퓨터학,1975-7883,0,2,2
한국특수체육학회지,예술체육학,체육,1226-5063,1,1,2
한국항해항만학회지,농수해양학,해상운송학,1598-5725,1,1,2
한국행정과 정책연구,기타,기타,nan,0,2,2
한국협동조합연구,사회과학,농업경제학,1598-9941,0,2,2
한방재활의학과학회지,의약학,한의학,1229-1854,0,2,2
항공우주시스템공학회지,공학,항공우주공학,nan,0,2,2
해외한국학평론,기타,기타,nan,0,2,2
헌법연구,사회과학,법학,2383-515X,0,2,2
헌법재판연구,사회과학,법학,2383-8108,0,2,2
혁신기업연구,사회과학,경영학,2713-4172,2,0,2
환경생물,자연과학,생물학,1226-9999,0,2,2
회계정보연구,사회과학,회계학,1225-1402,2,0,2
휴양및경관연구,농수해양학,조경학,2093-3150,1,1,2
Korean Journal of Helicobacter Upper Gastrointestinal Research,의약학,내과학,1738-3331,0,1,1
대한체육학회지,예술체육학,체육,3022-8220,1,0,1
Acta Russiana,사회과학,지역학,2005-5870,0,1,1
Acta Via Serica,인문학,기타인문학,2508-5824,0,1,1
Allergy Asthma & Respiratory Disease,의약학,소아과학,2288-0402,0,1,1
Anatomy and Cell Biology,의약학,해부학,2093-3665,0,1,1
Annals of Clinical Neurophysiology,의약학,신경과학,2508-691X,0,1,1
Annals of Dermatology,의약학,피부과학,1013-9087,0,1,1
Architectural Research,공학,건축공학,1229-6163,0,1,1
Archives of Plastic Surgery,의약학,성형외과학,2234-6163,1,0,1
Asia Pacific Journal of Tourism Research,사회과학,관광학,1094-1665,0,1,1
Asia-Pacific Journal of Canadian Studies,사회과학,지역학,2951-0619,1,0,1
Asia-Pacific Journal of Financial Studies,사회과학,경영학,2041-9945,0,1,1
Asian International Studies Review,사회과학,사회과학일반,1226-8240,1,0,1
Asian Journal of Political Science,사회과학,행정학,0218-5377,0,1,1
Asian Musicology,기타,기타,1229-9413,0,1,1
Asian Nursing Research,의약학,간호학,1976-1317,0,1,1
Bulletin,기타,기타,1229-053X,0,1,1
Business Communication Research and Practice,사회과학,경영학,2586-5293,0,1,1
Child Studies in Asia-Pacific Contexts,자연과학,생활과학,2288-601X,1,0,1
Clinical and Experimental Otorhinolaryngology,의약학,이비인후과학,1976-8710,0,1,1
Culture and the World Review 문화와 세계,인문학,기타인문학,2733-8045,1,0,1
ESG경영연구,사회과학,경영학,2800-0277,1,0,1
Educational Technology International,사회과학,교육학,1598-5776,1,0,1
Endocrinology and Metabolism,의약학,내과학,2093-596X,1,0,1
English Linguistic Science,기타,기타,1229-6570,0,1,1
English Reading and Teaching,인문학,영어와문학,2092-6383,0,1,1
Epidemiology and Health,의약학,예방의학,nan,0,1,1
Food Science and Preservation,농수해양학,식품과학,3022-5477,0,1,1
Forest Science and Technology,농수해양학,임학,2158-0103,0,1,1
Geosciences Journal,자연과학,지질학,1226-4806,0,1,1
"Horticulture, Environment, and Biotechnology",농수해양학,농학,2211-3452,0,1,1
IT와 법연구,사회과학,법학,1975-8766,0,1,1
Integrative Medicine Research,복합학,학제간연구,2213-4220,0,1,1
International Area Studies Review,사회과학,지역학,2233-8659,0,1,1
International Journal of Early Childhood Education,사회과학,교육학,1226-9557,0,1,1
International Journal of Martial Arts,예술체육학,체육,2423-835X,1,0,1
International Journal of Terrorism & National Security,사회과학,정치외교학,2423-8376,1,0,1
International Journal of Tourism Science,사회과학,관광학,1598-0634,0,1,1
International Review of Public Administration,사회과학,행정학,1229-4659,0,1,1
InternationalJournalofHumanEcology,자연과학,생활과학,1598-9593,0,1,1
Jahr – European Journal of Bioethics,인문학,철학,1847-6376,0,1,1
Journal of Acupuncture Research,의약학,한의학,2586-288X,0,1,1
Journal of Asia Pacific Counseling,사회과학,교육학,2233-6710,1,0,1
Journal of Ceramic Processing Research,공학,재료공학,1229-9162,0,1,1
Journal of Economic Integration,사회과학,경제학,1225-651X,0,1,1
Journal of Educational Evaluation for Health Professions,사회과학,교육학,nan,0,1,1
Journal of Eurasian Studies,사회과학,지역학,1879-3665,0,1,1
Journal of Human Subjectivity,복합학,감성과학,1598-8643,0,1,1
Journal of Information and Communication Convergence Engineering,공학,전자/정보통신공학,2234-8255,0,1,1
Journal of Medicinal Food,농수해양학,식품과학,1096-620x,0,1,1
Journal of Nutrition and Health,자연과학,생활과학,2288-3886,0,1,1
Journal of Oriental Culture & Design,예술체육학,디자인,2092-626X,0,1,1
Journal of Platform Technology,공학,컴퓨터학,2289-0181,0,1,1
Journal of Policy Studies,사회과학,정책학,2799-9130,0,1,1
Journal of Radiological Science and Technology,의약학,방사선과학,2288-3509,1,0,1
Journal of Safety and Crisis Management,사회과학,정책학,2234-2214,1,0,1
Journal of Veterinary Science,의약학,수의학,1229-845X,0,1,1
Journal of exercise rehabilitation,사회과학,심리과학,2288-176X,0,1,1
K-Heritage Review,인문학,역사학,3059-0930,1,0,1
KBM Journal,사회과학,경영학,2765-3609,0,1,1
KDI Journal of Economic Policy,사회과학,경제학,2586-2995,0,1,1
KIBIM Magazine,공학,공학일반,2288-1697,0,1,1
KSBB Journal,공학,생물공학,1225-7117,0,1,1
Korea Legislation Research Institute Journal of Law and Legislation,사회과학,법학,2234-7526,1,0,1
Korea Review of International Studies,사회과학,정치외교학,1226-4741,0,1,1
Korean Circulation Journal,의약학,내과학,1738-5520,0,1,1
Korean Journal of Agricultural Science,농수해양학,농학,2466-2402,0,1,1
Korean Journal of Family Practice,의약학,가정의학,2233-9019,1,0,1
Madang: Journal of Contextual Theology,인문학,기독교신학,1738-3196,1,0,1
Muslim-Christian Encounter,인문학,기독교신학,1976-8117,0,1,1
Nuclear Medicine and Molecular Imaging,의약학,방사선과학,1869-3474,0,1,1
Obstetrics & Gynecology Science,의약학,산부인과학,nan,0,1,1
Ocean and Polar Research,자연과학,해양학,1598-141X,0,1,1
"Pediatric Gastroenterology, Hepatology & Nutrition",의약학,소아과학,2234-8646,0,1,1
Pediatric Infection and Vaccine,의약학,소아과학,2384-1079,0,1,1
Protection Convergence,복합학,학제간연구,2436-1151,1,0,1
STI Policy Review,복합학,과학기술학,2093-3053,0,1,1
SUVANNABHUMI,사회과학,지역학,2092-738X,0,1,1
Science Editing,복합학,문헌정보학,2288-8063,1,0,1
Situations: Cultural Studies in the Asian Context,인문학,기타인문학,2288-7822,0,1,1
Swallowing Rehabilitation,의약학,작업치료학,2586-7016,0,1,1
The International Journal of Advanced Smart Convergence,공학,컴퓨터학,2288-2847,1,0,1
The Journal of Education,사회과학,교육학,2635-4640,0,1,1
The Journal of Law & IP,사회과학,법학,2635-5132,0,1,1
The Journal of Transdisciplinary Studies,복합학,학제간연구,2586-5439,1,0,1
The e-Business Studies,기타,기타,1976-7854,0,1,1
Yonsei Medical Journal,의약학,의학일반,0513-5796,0,1,1
國學,사회과학,지역학,3022-6708,0,1,1
比較法硏究,사회과학,법학,1975-9584,0,1,1
韓中哲學,기타,기타,nan,0,1,1
가족과 상담,사회과학,사회과학일반,2233-6699,0,1,1
가톨릭사상,기타,기타,1738-3072,0,1,1
간호와 혁신,의약학,간호학,2983-4422,0,1,1
감사논집,사회과학,행정학,1975-3896,1,0,1
경성법학,사회과학,법학,1225-4088,0,1,1
경영교육 저널,기타,기타,nan,0,1,1
경영논총,기타,기타,nan,0,1,1
경쟁법연구,사회과학,법학,1598-2335,0,1,1
경제경영연구,사회과학,경제학,2765-6691,0,1,1
경제법연구,사회과학,법학,1738-5458,0,1,1
경찰법연구,사회과학,법학,1598-8961,0,1,1
고고광장,인문학,역사학,2005-0968,0,1,1
고전중세르네상스영문학,인문학,영어와문학,1738-2556,0,1,1
공공경제,사회과학,경제학,1229-8530,0,1,1
공연예술연구,예술체육학,예술일반,2465-7727,0,1,1
공학기술연구소논문집,공학,공학일반,nan,0,1,1
과학과 과학교육 논문지,자연과학,자연과학일반,0254-5926,0,1,1
과학과 수학교육 논문집,사회과학,교육학,2005-0089,0,1,1
과학교육논문집,기타,기타,nan,0,1,1
과학교육연구논총,기타,기타,1229-229X,0,1,1
과학기술과 사회,복합학,과학기술학,2799-7669,0,1,1
과학수사학회지,복합학,과학기술학,2466-1422,0,1,1
관광정보연구,기타,기타,nan,0,1,1
관광지리학,기타,기타,1226-4164,0,1,1
관리회계연구,사회과학,회계학,1598-978X,0,1,1
괴향문화,기타,기타,nan,0,1,1
교사와 교육,사회과학,교육학,2288-0534,0,1,1
교육과정개발연구,사회과학,교육학,2951-1054,0,1,1
교육교회,인문학,기독교신학,1225-3367,0,1,1
교정상담학연구,사회과학,심리과학,2508-3287,0,1,1
교통연구,사회과학,국제/지역개발,1738-4028,0,1,1
교회와 사회복지,인문학,기타인문학,2092-5425,0,1,1
구성주의유아교육연구,사회과학,교육학,2384-0048,1,0,1
구약논집,인문학,기독교신학,2233-7474,0,1,1
국가와 정치,사회과학,지역학,2093-4785,0,1,1
국궁논문집,인문학,역사학,1975-0331,0,1,1
국방정책연구,사회과학,정책학,1598-6101,0,1,1
국사연구,기타,기타,nan,0,1,1
국제개발협력,사회과학,국제/지역개발,2093-212X,0,1,1
국제관광연구,기타,기타,1975-2857,0,1,1
국제군사안보연구,사회과학,정책학,2713-704X,1,0,1
국제문제논총,기타,기타,nan,0,1,1
국제법무,사회과학,법학,2005-9973,0,1,1
국제법무연구,사회과학,법학,3092-1406,0,1,1
국제법평론,사회과학,법학,1226-7880,0,1,1
국제보건미용학회지,예술체육학,미용,2005-369X,1,0,1
국제한국학저널,인문학,철학,nan,0,1,1
규제연구,사회과학,행정학,1738-7132,0,1,1
금융소비자연구,사회과학,경제학,2233-9892,0,1,1
금융지식연구,사회과학,경제학,2093-4610,0,1,1
기독교교육연구,인문학,기독교신학,nan,0,1,1
기독교와 통일,인문학,종교학,1976-0736,1,0,1
기술혁신연구,복합학,기술정책,1598-1347,0,1,1
기업법연구,사회과학,법학,1598-3722,0,1,1
기후연구,사회과학,지리학,1975-6151,0,1,1
노년교육연구,사회과학,교육학,2384-2504,1,0,1
노동정책연구,사회과학,사회과학일반,1598-270X,0,1,1
농업과학연구,농수해양학,농학,1976-040X,0,1,1
농업생명과학연구,자연과학,자연과학일반,1598-5504,0,1,1
대기,자연과학,대기과학,1598-3560,0,1,1
대학과 복음,인문학,종교학,1598-3838,0,1,1
대학교육연구,사회과학,교육학,2713-8585,0,1,1
대한감각통합치료학회지,의약학,작업치료학,1738-0405,0,1,1
대한건축학회논문집 구조계,공학,공학,1226-9107,0,1,1
대한고령친화산업학회지,사회과학,사회과학일반,2288-3606,1,0,1
대한금속·재료학회지,공학,재료공학,1738-8228,1,0,1
대한물리의학회지,의약학,물리치료학,1975-311X,0,1,1
대한상한금궤의학회지,의약학,한의학,2287-8696,1,0,1
대한수의학회지,의약학,수의학,2466-1384,0,1,1
대한예방한의학회지,의약학,한의학,1226-7066,0,1,1
대한외상학회지,의약학,의학일반,2799-4317,1,0,1
대한응급의학회지,의약학,응급의학,1226-4334,0,1,1
대한조선학회 논문집,공학,조선공학,1225-1143,0,1,1
대한질적연구학회지,의약학,기타의약학,2508-2116,0,1,1
대한치과기공학회지,의약학,치의학,1229-3954,1,0,1
대한토목학회 논문집B,공학,공학,1015-6348,0,1,1
대한한의진단학회지,의약학,한의학,1226-5241,0,1,1
대한화장품학회지,의약학,피부과학,1226-2587,0,1,1
데이타베이스연구,공학,컴퓨터학,1598-9798,0,1,1
동국의학,기타,기타,1225-682X,0,1,1
동력시스템공학회지,공학,기타공학,2713-8429,0,1,1
동물자원연구,농수해양학,축산학,1225-2964,0,1,1
동아시아 브리프,기타,기타,nan,0,1,1
동아시아 비교문화,기타,기타,nan,0,1,1
동아시아문화와 예술,기타,기타,1738-4850,0,1,1
디지털예술공학멀티미디어논문지,복합학,학제간연구,2508-9099,1,0,1
로봇학회 논문지,공학,제어계측공학,1975-6291,0,1,1
모래상자치료연구,사회과학,심리과학,2093-9809,0,1,1
무용동작심리치료연구,예술체육학,무용,2586-2626,1,0,1
문화예술융합연구,사회과학,경영학,2733-7898,1,0,1
문화와 예술,인문학,철학,2713-4636,0,1,1
문화재과학기술,기타,기타,1598-5709,0,1,1
물류학회지,사회과학,경영학,1598-0111,0,1,1
미래교육통합연구,사회과학,교육학,2713-9409,0,1,1
미래문화연구,인문학,기타인문학,2005-8675,0,1,1
미래융합연구논문지,사회과학,경영학,2799-4627,1,0,1
미래의료인문사회과학,의약학,예방의학,2635-4314,0,1,1
미션 네트워크,인문학,기독교신학,2234-8069,0,1,1
미술교육,기타,기타,1229-4438,0,1,1
민사법연구,기타,기타,nan,0,1,1
민사판례연구,사회과학,법학,1225-4894,0,1,1
박물관보존과학,자연과학,자연과학일반,1229-5191,0,1,1
발달지원연구,사회과학,심리과학,2288-4270,0,1,1
발도르프교육연구,사회과학,교육학,2093-1271,0,1,1
밝은사회 연구,기타,기타,1229-2362,0,1,1
변호사,사회과학,법학,1975-4493,0,1,1
병원약사회지,의약학,약학,1226-640X,0,1,1
보건과학연구소보,기타,기타,1229-6732,0,1,1
보건의료과학연구,의약학,의약학,2950-9947,0,1,1
보건의료산업학회지,의약학,예방의학,2093-5986,0,1,1
보건정보통계학회지,의약학,예방의학,2465-8014,1,0,1
보건행정학회지,의약학,예방의학,1225-4266,0,1,1
보존과학연구,자연과학,자연과학일반,1976-3077,0,1,1
보험학회지,사회과학,경영학,1229-8611,0,1,1
보호관찰,사회과학,법학,1598-7558,1,0,1
복음과 교회,인문학,기독교신학,1738-1673,0,1,1
복음과신학,기타,기타,nan,0,1,1
복음과학문,기타,기타,nan,0,1,1
부동산학보,사회과학,국제/지역개발,1598-4567,0,1,1
부동산학연구,사회과학,경제학,1229-4403,0,1,1
부모자녀건강학회지,의약학,간호학,1229-263X,0,1,1
부패방지법연구,사회과학,법학,2635-702X,0,1,1
북방문화연구,인문학,역사학,2093-0399,0,1,1
분석과 대안,사회과학,사회과학일반,2508-822X,0,1,1
비교경제연구,사회과학,경제학,1229-0629,0,1,1
비교과교육연구,사회과학,교육학,2714-0741,0,1,1
비교사회,기타,기타,nan,0,1,1
사목연구,인문학,가톨릭신학,1739-0559,0,1,1
사물인터넷융복합논문지,공학,컴퓨터학,2466-0078,0,1,1
사이버교육연구,사회과학,교육학,2005-4505,0,1,1
사회복지법제연구,사회과학,사회복지학,2093-8667,0,1,1
사회복지실천과 연구,사회과학,사회복지학,2093-4130,1,0,1
산경연구논집,사회과학,경제학,nan,0,1,1
산림경제연구,농수해양학,임학,1225-8172,1,0,1
산업과 경영,사회과학,경영학,1225-2379,0,1,1
산업과학연구,기타,기타,2234-2559,0,1,1
산업기술연구,기타,기타,1598-7019,0,1,1
산학경영연구,기타,기타,1738-0669,0,1,1
삶과 교육,기타,기타,nan,0,1,1
상경연구,사회과학,경영학,1225-4126,0,1,1
상담심리교육복지,사회과학,심리과학,2383-8736,0,1,1
상담학연구: 사례및실제,사회과학,교육학,2508-5360,0,1,1
상사법연구,사회과학,법학,1226-3362,0,1,1
상사판례연구,사회과학,법학,1225-0392,0,1,1
상업경영연구,사회과학,경영학,3059-1198,1,0,1
"생명, 윤리와 정책",복합학,학제간연구,2508-8750,0,1,1
생약학회지,의약학,약학,0253-3073,0,1,1
서비스산업연구,사회과학,경제학,1976-5061,0,1,1
선거연구,사회과학,정치외교학,2287-5212,1,0,1
설교한국,인문학,기독교신학,2092-8289,1,0,1
성경과 상담,인문학,기독교신학,1598-5644,0,1,1
성균차이나포커스,기타,기타,nan,0,1,1
성암사상연구,인문학,철학,2005-1506,0,1,1
소년보호연구,사회과학,법학,1598-8163,0,1,1
수면정신생리,의약학,정신과학,1225-7354,0,1,1
스마트융합콘텐츠논문지,복합학,학제간연구,nan,1,0,1
스토리콘텐츠,인문학,기타인문학,2982-4958,0,1,1
스포츠와 윤리,예술체육학,체육,2765-5776,1,0,1
시민정치학회보,기타,기타,1598-2696,0,1,1
식물분류학회지,자연과학,생물학,1225-8318,0,1,1
식품과학과 산업,농수해양학,식품과학,0257-2397,0,1,1
신학지평,인문학,기독교신학,1229-7747,0,1,1
실천경영연구,사회과학,경영학,1975-5759,1,0,1
쌀·삶·문명연구,인문학,기타인문학,2005-6400,0,1,1
아동보호연구,사회과학,사회복지학,nan,0,1,1
아태공법연구,기타,기타,nan,0,1,1
아태비즈니스연구,사회과학,경영학,2233-5900,0,1,1
아태지역동향,기타,기타,nan,0,1,1
안동문화연구,기타,기타,nan,0,1,1
어린이와 박물관 연구,인문학,역사학,2093-9426,1,0,1
에너지공학,공학,기계공학,1598-7981,0,1,1
에니어그램심리역동연구,사회과학,심리과학,2383-9659,0,1,1
여가관광연구,사회과학,관광학,2234-0351,1,0,1
여행학연구,기타,기타,1229-6236,0,1,1
역사와 책임,인문학,역사학,2233-9833,0,1,1
연구총서,기타,기타,nan,0,1,1
연세사회과학연구,기타,기타,nan,0,1,1
영유아교육지원연구,사회과학,교육학,2508-4712,1,0,1
예방수의학회지,의약학,수의학,2287-7991,0,1,1
예방의학회지,의약학,예방의학,1975-8375,0,1,1
예술논총,기타,기타,nan,0,1,1
예술문화융합연구,예술체육학,예술일반,2384-0390,0,1,1
옛한글문화연구,인문학,한국어와문학,2765-2963,0,1,1
외국어연구,기타,기타,nan,0,1,1
외식산업경영연구,사회과학,관광학,1738-9518,0,1,1
운동학 학술지,예술체육학,체육,2092-6308,1,0,1
유통연구,사회과학,경영학,1226-9263,0,1,1
융합경영연구,사회과학,경영학,nan,1,0,1
의공학회지,공학,의공학,1229-0807,0,1,1
의료법학,사회과학,법학,1229-8069,0,1,1
이화사회복지연구,기타,기타,nan,0,1,1
인간생활환경연구소 논집,기타,기타,1598-8120,0,1,1
인간식물환경학회지,자연과학,자연과학일반,2508-7673,1,0,1
인공지능윤리연구,인문학,철학,2982-4923,0,1,1
인권복지연구,복합학,복합학,1976-0973,0,1,1
인문-IT융합논총,인문학,언어학,2713-5381,0,1,1
인문비평,기타,기타,nan,0,1,1
인문사회교육논총,인문학,언어학,2799-8215,0,1,1
인문학저널,인문학,기타인문학,1738-5474,0,1,1
인천법학논총,사회과학,법학,nan,0,1,1
인형치료연구,사회과학,심리과학,2465-8618,0,1,1
일본근대문학 - 연구와 비평 -,기타,기타,nan,0,1,1
일본문화논총,인문학,일본어와문학,nan,0,1,1
임상미술치료학연구,예술체육학,예술일반,1975-3012,0,1,1
자연과학연구,기타,기타,nan,0,1,1
자연과학연구논문집,자연과학,자연과학일반,2093-8624,0,1,1
자원환경지질,자연과학,지질학,1225-7281,0,1,1
장기요양연구,사회과학,사회학,2288-8691,1,0,1
장애와 고용,사회과학,사회복지학,1976-4871,1,0,1
재무와 회계정보저널,사회과학,회계학,1738-7094,0,1,1
재향군인회 안보전략연구,사회과학,정치외교학,2672-040X,0,1,1
적정기술,기타,기타,2287-6707,0,1,1
전략연구,사회과학,정치외교학,1599-9319,0,1,1
전법학 연구,인문학,불교학,2234-6821,0,1,1
전시디자인연구,예술체육학,디자인,2093-114X,1,0,1
전자공학회논문지 - SC,공학,공학,1229-6392,0,1,1
전자공학회논문지 - TC,공학,공학,1229-635X,0,1,1
전자상거래학회지,사회과학,경영학,1598-1169,0,1,1
전통미술융합연구,예술체육학,미술,2983-0524,0,1,1
정보기술융합공학논문지,공학,컴퓨터학,2234-3326,1,0,1
정보보호학회논문지,공학,컴퓨터학,1598-3986,0,1,1
정보처리학회논문지C,공학,공학,1598-2858,0,1,1
정부행정,사회과학,행정학,1598-1029,0,1,1
정신분석심리상담,의약학,정신과학,2713-7902,0,1,1
정책개발연구,사회과학,정책학,1598-4087,0,1,1
조직과 인사관리연구,사회과학,경영학,2733-4341,0,1,1
조형연구,기타,기타,nan,0,1,1
중국학 논집,기타,기타,nan,0,1,1
중독정신의학,의약학,정신과학,1226-6035,0,1,1
중앙행정논집,기타,기타,1229-1862,0,1,1
지능정보융합과 미래교육,사회과학,교육학,2951-4762,1,0,1
지방자치법연구,사회과학,법학,1598-6128,0,1,1
지성의 현장,기타,기타,1228-033x,0,1,1
지역사회발전학회논문집,사회과학,국제/지역개발,1229-0416,0,1,1
지역학연구,기타,기타,1738-219X,0,1,1
지적과 국토정보,사회과학,국제/지역개발,2508-3384,0,1,1
직업과 고용서비스 연구,기타,기타,1975-7131,0,1,1
진리와 학문의 세계,기타,기타,nan,0,1,1
창작과 권리,사회과학,법학,1226-0509,0,1,1
창조와 혁신,사회과학,경영학,2005-2421,0,1,1
철학교육,인문학,철학,2233-8209,0,1,1
철학논고,인문학,철학,2713-4644,0,1,1
청람수학교육,기타,기타,1225-1844,0,1,1
청소년행동연구,자연과학,생활과학,2383-9740,0,1,1
청운대학교 건설환경연구소 논문집,공학,건축공학,2005-0666,0,1,1
체육학 논문집,예술체육학,체육,1226-914X,0,1,1
충남연구,사회과학,지역학,2765-0006,0,1,1
충남의대잡지,기타,기타,0253-6307,0,1,1
충북의대 학술지,의약학,의학일반,1225-6846,0,1,1
코리아뷰티디자인학회지,예술체육학,기타예술체육,1738-9704,0,1,1
콘크리트학회 논문집,공학,토목공학,1229-5515,0,1,1
콘텐츠문화연구,복합학,학제간연구,2713-3729,0,1,1
터널과 지하공간,공학,자원공학,1225-1275,0,1,1
통합치료연구,사회과학,심리과학,2005-6117,0,1,1
판례연구,기타,기타,nan,0,1,1
펄프종이기술,농수해양학,임학,0253-3200,1,0,1
표준인증안전학회지,복합학,기술정책,2635-9464,0,1,1
한국IT정책경영학회 논문지,복합학,기술정책,2234-0564,1,0,1
한국간호시뮬레이션학회지,의약학,간호학,2288-6087,0,1,1
한국간호연구학회지,의약학,간호학,2586-2057,0,1,1
한국건설관리학회 논문집,공학,건축공학,2005-6095,0,1,1
한국경영공학회지,공학,산업공학,2005-7776,1,0,1
한국경제포럼,사회과학,경제학,2005-8608,1,0,1
한국구강보건과학회지,의약학,치의학,2288-6079,0,1,1
한국균형발전연구,기타,기타,nan,0,1,1
한국도자학연구,예술체육학,미술,1738-8473,0,1,1
한국디지털산업학회지,공학,컴퓨터학,3092-5258,1,0,1
한국로봇학회지 로봇과 인간,기타,기타,1738-4796,0,1,1
한국마린엔지니어링학회지,공학,기계공학,2234-7925,0,1,1
한국방재안전학회논문집,공학,공학일반,2466-1147,0,1,1
한국빅데이터학회 학회지,공학,산업공학,2508-1829,0,1,1
한국생활환경학회지,복합학,학제간연구,1226-1289,0,1,1
한국선비연구,기타,기타,2288-8373,0,1,1
한국성곽학보,인문학,역사학,1738-6594,0,1,1
한국소음진동공학회논문집,공학,기계공학,1598-2785,0,1,1
한국수자원학회 논문집,공학,토목공학,2799-8746,0,1,1
한국습지학회지,자연과학,기타자연과학,1229-6031,0,1,1
한국시베리아 학보,기타,기타,nan,0,1,1
한국식품과학회지,농수해양학,식품과학,0367-6293,0,1,1
한국식품위생안전성학회지,농수해양학,식품과학,1229-1153,0,1,1
한국신석기연구,인문학,역사학,2983-2551,0,1,1
한국안광학회지,자연과학,물리학,1226-5012,0,1,1
한국암각화연구,기타,기타,nan,0,1,1
한국육종학회지,농수해양학,농학,0250-3360,0,1,1
한국음악치료학회지,예술체육학,음악학,1598-916X,0,1,1
한국응용곤충학회지,농수해양학,농학,1225-0171,0,1,1
한국이민행정학회보,사회과학,국제/지역개발,2951-0414,1,0,1
한국정신과학학회지,기타,기타,1226-217X,0,1,1
한국조류학회지,자연과학,생물학,1225-9179,0,1,1
한국증권학회지,사회과학,경영학,2005-8187,0,1,1
한국지방자치연구,사회과학,행정학,1598-0960,0,1,1
한국지방행정학보,사회과학,행정학,1738-6098,1,0,1
한국지역정보화학회지,사회과학,사회과학일반,1229-134X,0,1,1
한국진로창업경영학회지,사회과학,경영학,2586-5242,1,0,1
한국측량학회지,공학,토목공학,1598-4850,0,1,1
한국케어매니지먼트 연구,사회과학,사회복지학,2005-5684,0,1,1
한국퍼실리티매니지먼트학회지,사회과학,기타사회과학,1229-2230,0,1,1
한국학교·지역보건교육학회지,사회과학,교육학,1975-7697,0,1,1
한국항공운항학회지,공학,항공우주공학,1225-9705,1,0,1
한국항행학회논문지,공학,항공우주공학,1226-9026,0,1,1
한국해안·해양공학회논문집,공학,토목공학,1976-8192,0,1,1
한국화장품미용학회지,예술체육학,미용,2234-330X,0,1,1
한국화재소방학회 논문지,공학,안전공학,2765-060X,0,1,1
한국환경보건학회지,공학,환경공학,1738-4087,0,1,1
한국휴먼이미지디자인,복합학,감성과학,2636-1736,0,1,1
한반도 미래연구,사회과학,정치외교학,2586-4521,0,1,1
한일법학,기타,기타,1229-5914,0,1,1
한자한문응용연구,인문학,한국어와문학,2982-4737,0,1,1
항공우주정책 ·법학회지,사회과학,법학,1598-8988,1,0,1
해람인문,기타,기타,1738-9585,0,1,1
해양비즈니스,사회과학,경영학,1598-9208,1,0,1
핵의학기술,의약학,방사선과학,1229-9901,0,1,1
행정법학,사회과학,법학,2287-5778,1,0,1
헬스커뮤니케이션연구,사회과학,신문방송학,2093-2707,1,0,1
현대가톨릭사상,기타,기타,nan,0,1,1
현장중심 초등교육연구,사회과학,교육학,2713-6272,0,1,1
형사소송 이론과 실무,사회과학,법학,nan,1,0,1
환경법과 정책,사회과학,법학,1976-3743,0,1,1
환경법연구,사회과학,법학,1225-116X,0,1,1
환경분석과 독성보건,자연과학,화학,2672-0175,0,1,1
환경영향평가,공학,환경공학,1225-7184,0,1,1
회계와 정책연구,사회과학,회계학,2635-8611,1,0,1
회생법학,사회과학,법학,2093-6923,0,1,1
金融工學硏究,사회과학,경영학,1738-124X,0,1,1
