journal,들어오는인용(피인용),나가는인용,합계
國語學,181,367,548
국어국문학,70,238,308
한국어학,65,191,256
한국어 의미학,65,162,227
한글,41,169,210
형태론,40,139,179
한국어교육,27,138,165
어문학,47,105,152
한국현대문학연구,38,110,148
이중언어학,24,120,144
국어학,0,143,143
새국어생활,0,134,134
민족문학사연구,22,112,134
어문론집,79,49,128
구결연구,28,94,122
한국언어문학,40,79,119
국제어문,46,71,117
국어교육,12,103,115
국어교육연구,30,83,113
고소설연구,38,75,113
한말연구,64,46,110
언어학,38,70,108
우리말글,41,67,108
국어사연구,56,48,104
우리어문연구,31,72,103
현대소설연구,20,82,102
한국문학이론과 비평,27,74,101
새국어교육,26,74,100
반교어문연구,39,60,99
어문논집,10,82,92
한국시가연구,42,49,91
한국문화,15,76,91
상허학보,15,73,88
고전문학연구,21,67,88
배달말,22,63,85
국문학연구,51,33,84
한국학연구,34,47,81
국어교육학연구,19,61,80
한국시학연구,26,53,79
진단학보,9,70,79
韓國古典硏究,42,36,78
현대문학의 연구,23,52,75
대동문화연구,13,61,74
한국근대문학연구,14,58,72
한국고전여성문학연구,18,53,71
언어,13,57,70
우리문학연구,35,35,70
漢字漢文敎育,15,55,70
한민족문화연구,22,45,67
인문논총,19,46,65
관악어문연구,0,65,65
한국한문학연구,18,46,64
우리말연구,26,36,62
구보학보,21,41,62
비평문학,21,40,61
漢文敎育論集,6,55,61
여성문학연구,14,47,61
외국어로서의 한국어교육,20,40,60
한중인문학연구,27,33,60
열상고전연구,17,43,60
동방한문학,14,43,57
어학연구,6,51,57
현대문학이론연구,19,36,55
민족문화연구,19,36,55
동방학지,5,48,53
언어와 정보 사회,35,18,53
방언학,33,20,53
어문론총,21,32,53
작문연구,7,44,51
한민족어문학,0,50,50
언어사실과 관점,27,23,50
문학교육학,15,35,50
인문학연구,18,32,50
한국문학논총,14,35,49
한국문예비평연구,17,32,49
국어문학,24,25,49
동악어문학,23,25,48
한국문학연구,6,42,48
문화와융합,40,7,47
청람어문교육,15,31,46
한국언어문화,12,34,46
언어와 문화,17,29,46
고전문학과 교육,13,31,44
학습자중심교과교육연구,31,12,43
인문과학연구,22,21,43
국어연구,0,43,43
동양고전연구,22,20,42
판소리연구,10,32,42
텍스트언어학,8,33,41
담화와 인지,12,29,41
한국어 교육,0,41,41
한국언어문화학,14,25,39
한국학논집,18,21,39
문법 교육,24,15,39
국어생활,0,39,39
영주어문,27,11,38
화법연구,13,25,38
고전과 해석,19,19,38
언어과학연구,10,26,36
동남어문논집,20,15,35
論文集,0,34,34
이화어문논집,13,21,34
교양교육연구,19,14,33
리터러시 연구,25,8,33
한국극예술연구,10,22,32
Journal of korean Culture,19,13,32
藏書閣,14,18,32
대중서사연구,11,20,31
한민족어문학(구 영남어문학),31,0,31
한국어문교육,15,16,31
동양학,3,28,31
震檀學報,0,31,31
온지논총,15,15,30
대동한문학,0,30,30
한국사전학,14,16,30
논문집,0,29,29
서강인문논총,13,16,29
겨레어문학,11,18,29
한국민족문화,16,13,29
문학치료연구,18,10,28
지명학,14,14,28
춘원연구학보,22,6,28
구비문학연구,8,20,28
독서연구,6,22,28
사회언어학,8,19,27
돈암어문학,9,18,27
현대문법연구,9,17,26
Language,0,26,26
비교문화연구,12,13,25
서지학연구,12,13,25
한국학보,0,24,24
한국학,11,13,24
정신문화연구,0,24,24
한국문화연구,5,19,24
國語硏究,0,24,24
인문과학,4,19,23
시학과 언어학,4,19,23
口訣硏究,0,23,23
漢文學報,6,17,23
역사비평,1,22,23
漢文古典硏究,9,14,23
동양한문학연구,10,13,23
생성문법연구,13,10,23
언어연구,5,17,22
시조학논총,4,18,22
Linguistic Inquiry,0,22,22
동아시아고대학,14,8,22
선청어문,0,21,21
사이間SAI,6,15,21
현대문학,0,20,20
인문사회 21,20,0,20
인문연구,9,11,20
규장각,4,16,20
문헌과 해석,0,20,20
한국한시연구,6,13,19
일어일문학연구,2,17,19
코기토,10,9,19
중국어문학논집,6,13,19
어문논총,0,19,19
한국초등국어교육,3,16,19
언어학 연구,13,5,18
동아시아문화연구,7,11,18
한국문학과 예술,11,7,18
열린정신 인문학 연구,12,6,18
비교한국학 Comparative Korean Studies,11,7,18
韓國文化,0,17,17
한국사상과 문화,4,13,17
비교문학,3,14,17
한어문교육,9,8,17
개신어문연구,2,15,17
동방학,6,11,17
Foreign Languages Education,0,16,16
문학과 언어,0,16,16
冠嶽語文硏究,0,16,16
애산학보,0,16,16
한국문예창작,5,11,16
언어와언어학,8,8,16
한국고전연구,0,16,16
국제한인문학연구,6,9,15
한국시가문화연구,13,2,15
일본학보,3,12,15
연세어문학,0,15,15
開闢,0,15,15
주시경학보,0,15,15
한국어문학연구,0,15,15
나라사랑,0,14,14
日本語文學,2,12,14
아동청소년문학연구,7,7,14
영남학,7,7,14
일본문화연구,1,12,13
한문학논집(漢文學論集),13,0,13
日本語敎育,8,5,13
漢文敎育硏究,0,13,13
국학연구,6,7,13
동북아 문화연구,4,9,13
일본연구,6,7,13
대동한문학(大東漢文學),13,0,13
중국언어연구,10,2,12
개념과 소통,6,6,12
작가세계,0,12,12
朝鮮學報,0,12,12
한성어문학,7,5,12
한국언론학보,1,11,12
동아인문학,6,6,12
한문학논집,0,12,12
민족문화,2,10,12
언어과학,4,8,12
한국근현대사연구,1,10,11
중국어문논총,5,6,11
語學硏究,0,11,11
민족문화논총,3,8,11
東亞文化,0,11,11
국학연구론총,2,9,11
중국소설논총,3,8,11
한국민속학,0,11,11
사고와표현,5,6,11
韓國文集叢刊,0,11,11
석당논총,4,7,11
南冥學硏究,5,6,11
서울학연구,1,10,11
동아문화,0,10,10
교양학 연구,9,1,10
기호학 연구,5,5,10
철학논총,2,8,10
國語國文學,0,10,10
독도연구,6,4,10
문학과 종교,4,6,10
인문언어,4,6,10
아시아문화연구,4,6,10
인문사회과학연구,8,2,10
김양진,10,0,10
언어학연구,1,9,10
외국문학연구,2,8,10
牛溪學報,0,10,10
용봉인문논총,8,2,10
역사학보,3,6,9
동악어문논집,0,9,9
교육문화연구,3,6,9
인문과학연구논총,3,6,9
東洋學,0,9,9
근대서지,1,8,9
통일인문학,3,6,9
先淸語文,0,9,9
유학연구,4,5,9
Lingua,0,9,9
영화연구,1,8,9
한국교육사학,2,6,8
개벽,0,8,8
國語學叢書,0,8,8
중어중문학,4,4,8
地名學,0,8,8
한자한문교육,0,8,8
한국어교육론,0,8,8
대학작문,0,8,8
포은학연구,4,4,8
조선문단,0,8,8
역사문화연구,3,5,8
철학∙사상∙문화,3,5,8
전농어문연구,0,8,8
한자한문연구,0,8,8
연민학지,3,5,8
문학동네,0,8,8
숭실어문,0,8,8
韓國言語文學,0,8,8
문학예술,0,8,8
일어일문학,2,6,8
외국어교육연구,3,5,8
중국조선어문,0,8,8
문화역사지리,2,6,8
정선희,8,0,8
한신논문집,0,8,8
사림,4,4,8
이선웅,8,0,8
한국아동문학연구,3,5,8
문학과 영상,4,4,8
역사와 현실,2,6,8
문화과학,0,8,8
한국실학연구,2,6,8
아세아연구,2,6,8
성곡논총,0,8,8
우리말교육현장연구,3,5,8
朝鮮学報,0,8,8
한국어문화교육,2,6,8
순천향 인문과학논총,2,5,7
철학과 현실,0,7,7
비교민속학,0,7,7
다문화콘텐츠연구,2,5,7
여봉수,7,0,7
문학과환경,5,2,7
중국학논총,3,4,7
일본언어문화,4,3,7
문장,0,7,7
국제언어문학,4,3,7
문학사상,0,7,7
한국민족운동사연구,1,6,7
세계문학비교연구,2,5,7
어문학논총,0,7,7
공연문화연구,3,4,7
사회와역사,0,7,7
인문콘텐츠,2,5,7
冠岳語文硏究,0,7,7
Studies in Language,0,7,7
김용현,7,0,7
중국어문학지,1,6,7
동서철학연구,1,6,7
유아특수교육연구,2,5,7
서지학보,0,7,7
아시아여성연구,3,4,7
한국무속학,1,6,7
한국민요학,2,5,7
사상계,0,7,7
인문과학논총,0,6,6
한문교육연구,0,6,6
TESOL Quarterly,0,6,6
음성음운형태론연구,1,5,6
한국연극학,2,4,6
인문학지,0,6,6
Journal of Pragmatics,0,6,6
문학과 사회,0,6,6
글로컬 어문학 문화 연구,6,0,6
어린이문학교육연구,2,4,6
東方學志,0,6,6
日本文化學報,2,4,6
동광,0,6,6
시대와 철학,1,5,6
人文科學論叢,0,6,6
전남대 어문논총,4,2,6
김정남,6,0,6
韓國史學報,0,6,6
Journal of Phonetics,0,6,6
고시가연구,0,6,6
한국여성학,0,6,6
日本學硏究,0,6,6
중국문학연구,2,4,6
語文學,0,6,6
文學思想,0,6,6
한국문집총간,0,6,6
한국출판학연구,2,4,6
인문과학논집,0,6,6
불어불문학연구,1,5,6
어문학교육,0,6,6
주세형,6,0,6
숭실사학,3,3,6
교회사연구,4,2,6
人文學硏究,2,4,6
중국문학,2,4,6
周時經學報,0,6,6
중국학연구,3,3,6
문법연구,0,6,6
교육사학연구,1,5,6
동양철학연구,1,5,6
현대유럽철학연구,1,5,6
한국사연구,0,6,6
한국사회학,0,6,6
한국어문,0,6,6
Korean Language Education,0,6,6
한문학보,0,6,6
외국문학,0,5,5
사회와 역사,0,5,5
한국학논총,2,3,5
한국동양정치사상사연구,0,5,5
여성학논집,1,4,5
문예중앙,0,5,5
孤山硏究,0,5,5
韓民族語文學,0,5,5
韓國語硏究,0,5,5
세대,0,5,5
문학한글,0,5,5
국문학논집,0,5,5
조선지광,0,5,5
인문사회,0,5,5
성심어문논집,0,5,5
日本思想,2,3,5
서강어문,0,5,5
문학과사회,0,5,5
이주영,5,0,5
알타이학보,0,5,5
응용언어학,0,5,5
한국정치외교사논총,2,3,5
프랑스학연구,1,4,5
다문화교육연구,1,4,5
철학연구,0,5,5
이상리뷰,5,0,5
어문학연구,0,5,5
한국문화기술,4,1,5
Natural Language and Linguistic Theory,0,5,5
Linguistics and Philosophy,0,5,5
조선시대사학보,3,2,5
역사와경계,2,3,5
역사연구,2,3,5
중국학,3,2,5
비교일본학,3,2,5
독일어문학,0,5,5
문헌과해석,0,5,5
語文論叢,0,5,5
語文學論叢,0,5,5
영어영문학연구,0,5,5
서정시학,0,5,5
역사문제연구,0,5,5
오늘의 문예비평,0,5,5
일본어학연구,3,2,5
만주연구,2,3,5
말소리,0,5,5
이은경,5,0,5
중국어문학,0,5,5
창작과 비평,0,5,5
퇴계학논총,4,1,5
泮橋語文硏究,0,5,5
통번역교육연구,4,1,5
한국독립운동사연구,0,5,5
중등교육연구,1,4,5
니체연구,0,5,5
國譯燕行錄選集,0,5,5
어린이,0,5,5
한중언어문화연구,5,0,5
韓國學報,0,5,5
남도문화연구,0,5,5
한국사상사학,1,4,5
언어와 정보,0,5,5
중국인문과학,2,2,4
동화와 번역,0,4,4
語文生活,0,4,4
독어교육,0,4,4
김정은,4,0,4
창작과비평,0,4,4
Linguistics,0,4,4
다문화와 평화,0,4,4
교육학연구,0,4,4
한국프랑스학논집,1,3,4
중국연구,3,1,4
연보와 평전,0,4,4
학술원논문집,0,4,4
이화사학연구,2,2,4
정하정,4,0,4
朝光,0,4,4
韓日民族問題硏究,1,3,4
번역학연구,2,2,4
역사민속학,0,4,4
특수교육저널:이론과 실천,1,3,4
동서인문학,4,0,4
한국언론정보학보,0,4,4
서울과 역사,1,3,4
世代,0,4,4
비교한국학,0,4,4
韓國漢文學硏究,0,4,4
亞細亞硏究,0,4,4
신라문화,0,4,4
현대영화연구,2,2,4
대순사상논총,0,4,4
독어독문학,1,3,4
새얼어문논집,0,4,4
민속연구,0,4,4
현상과 인식,0,4,4
Written Communication,0,4,4
朝鮮文化硏究,0,4,4
종교연구,0,4,4
황해문화,0,4,4
인문학 연구,0,4,4
한국초등교육,3,1,4
일본어문학,3,1,4
문학과 지성,0,4,4
민족무용,0,4,4
목원어문학,0,4,4
중국문화연구,1,3,4
古典文學硏究,0,4,4
동서비교문학저널,0,4,4
언론과학연구,0,4,4
단국어문논집,0,4,4
兒童文學評論,0,4,4
신학전망,0,4,4
백정옥,4,0,4
목정수,4,0,4
大東文化硏究,0,4,4
연구보고서,0,4,4
구민지,4,0,4
國語國文學論文集,0,4,4
역사학연구,1,3,4
사회와 이론,0,4,4
철학논집,0,4,4
國語文學,0,4,4
지방사와 지방문화,0,4,4
신동아,0,4,4
Circ J,0,4,4
동양문화연구,2,2,4
강원문화연구,0,4,4
기초조형학연구,0,4,4
영상예술연구,0,4,4
The Korean of Bilingualism,0,4,4
우리말 연구,0,4,4
中國語文,0,4,4
歷代韓國文法大系,0,4,4
하윤섭,4,0,4
범한철학,0,4,4
조재형,4,0,4
인지과학,0,4,4
국어사 연구,0,4,4
박동호,4,0,4
동북아역사논총,1,3,4
漢城語文學,0,4,4
日本學報,0,4,4
영남어문학,0,4,4
철학,0,4,4
건지인문학,3,1,4
白山學報,0,4,4
특수교육연구,0,4,4
국제정치논총,0,3,3
이민우,3,0,3
한국기독교와 역사,0,3,3
고인쇄문화,0,3,3
삼천리,0,3,3
Journal of Korean Linguistics,0,3,3
Linguistic Typology,0,3,3
이정희,3,0,3
전영근,3,0,3
문학사와 비평,0,3,3
사이,0,3,3
한불연구,0,3,3
Journal of Positive Behavior Interventions,0,3,3
독서연구 -,0,3,3
문법교육,0,3,3
漢字漢文硏究,0,3,3
한국심리학회지: 인지 및 생물,0,3,3
글로벌문화콘텐츠,2,1,3
음성과학,0,3,3
三千里,0,3,3
국어교과교육연구,0,3,3
대구어문논총,0,3,3
공존의 인간학,3,0,3
국어사자료연구,0,3,3
인간연구,0,3,3
語文論集,0,3,3
中央大學校論文集,0,3,3
국어학회,0,3,3
불교어문논집,0,3,3
한국도서관·정보학회지,2,1,3
지역과 역사,1,2,3
만화애니메이션연구,1,2,3
언론정보연구,0,3,3
실천문학,0,3,3
시민인문학,3,0,3
융합인문학,1,2,3
미학예술학연구,0,3,3
김은성,3,0,3
Poetics Today,0,3,3
사학연구,0,3,3
민족연구,1,2,3
드라마연구,3,0,3
韓國漢詩硏究,0,3,3
페미니즘연구,0,3,3
청람어문학,0,3,3
대동철학,0,3,3
신성환,3,0,3
서울대학교 논문집,0,3,3
철학사상,0,3,3
Korean Linguistics,0,3,3
Natural Language Semantics,0,3,3
교육과학연구,1,2,3
동학학보,1,2,3
Language Research,0,3,3
엄홍준,3,0,3
『도서문화』,2,1,3
대구사학,0,3,3
특수교육,1,2,3
한힌샘주시경연구,0,3,3
영어교과교육,0,3,3
한글+漢字문화,0,3,3
조현용,3,0,3
한국콘텐츠학회 논문지,0,3,3
윤여탁,3,0,3
헤겔연구,0,3,3
方言,0,3,3
김인균,3,0,3
한남어문학,0,3,3
Journal of Linguistics,0,3,3
배달말교육,0,3,3
국어 국문학,0,3,3
교육과정연구,0,3,3
교과 교육 연구,0,3,3
허방신,3,0,3
청소년학연구,0,3,3
現代文學,0,3,3
서예학연구,2,1,3
Linguistic and Philosophy,0,3,3
오규환,3,0,3
한국철학논집,1,2,3
음악과 현실,2,1,3
경제사학,0,3,3
허인영,3,0,3
씨네포럼,2,1,3
어문생활,0,3,3
Circulation,0,3,3
계명논총,0,3,3
Journal of East Asian Linguistics,0,3,3
남명학연구,0,3,3
한국어의미학,0,3,3
Journal of Korean Medical Science,0,3,3
텍스트 언어학,0,3,3
배영환,3,0,3
The Modern Language Journal,0,3,3
하성운,3,0,3
Journal of Korean Culture,0,3,3
이상희,3,0,3
우리말 글,0,3,3
Comparative Korean Studies,0,3,3
윤나영,3,0,3
새벽,0,3,3
교육과정평가연구,1,2,3
동양음악(구 민족음악학),3,0,3
지식과 교양,3,0,3
강남욱,3,0,3
교육공학연구,0,3,3
러시아어문학연구논집,0,3,3
漢字敎育新講,0,3,3
충청문화연구,0,3,3
다문화사회연구,2,1,3
김만태,3,0,3
學術院論文集,0,3,3
특수교육재활과학연구,2,1,3
현대시,0,3,3
국사관논총,0,3,3
정서·행동장애연구,1,2,3
박주연,3,0,3
문화와 융합,0,3,3
프랑스어문교육,1,2,3
사전편찬학 연구,0,3,3
문학정신,0,3,3
현대시문학,0,3,3
Gwanak journal of Korean literature and language,0,3,3
영어영문학,0,3,3
동양예술,2,1,3
한국연극,0,3,3
신여성,0,3,3
滿族硏究,0,3,3
고전과해석,0,3,3
남도민속연구,1,2,3
전북사학,2,1,3
퇴계학과 유교문화,0,3,3
古印刷文化,0,3,3
미술사연구,1,2,3
명지어문학,0,3,3
울산어문논집,0,3,3
국민대논문집,0,3,3
영어교육연구,1,2,3
태서문예신보,0,3,3
東光,0,3,3
이명현,3,0,3
김진해,3,0,3
언론과 사회,0,3,3
법학연구,2,1,3
Language Sciences,0,3,3
특수교육학연구,1,2,3
한국어와 문화,0,3,3
칸트연구,0,3,3
문동규,2,0,2
韓國學論集,0,2,2
조진수,2,0,2
Korean Journal of Health Promotion,2,0,2
세계한국어문학,0,2,2
당대비평,0,2,2
음악논단,2,0,2
안태형,2,0,2
民族文化論叢,0,2,2
Literary and Linguistic Computing,0,2,2
백은희,2,0,2
日本語学,0,2,2
커뮤니케이션디자인학연구,0,2,2
한국예술연구,1,1,2
원우론집,0,2,2
한일관계사연구,1,1,2
학지광,0,2,2
문한별,2,0,2
東洋學報,0,2,2
서혁,2,0,2
불교학보,0,2,2
강현화,2,0,2
SaeKukeoSaenghwal,0,2,2
박명진,2,0,2
영상문화콘텐츠연구,0,2,2
슬라브어 연구,1,1,2
시와 사상,0,2,2
한국콘텐츠학회논문지,0,2,2
기독교와 문화,1,1,2
한국근현대미술사학,0,2,2
조선어문,0,2,2
韓國文集叢刊 續集,0,2,2
眞檀學報,0,2,2
사대논문집,0,2,2
한민족공영체,0,2,2
동남아시아연구,0,2,2
박재연,2,0,2
일본어교육연구,1,1,2
국제문화연구,2,0,2
ELT Journal,0,2,2
한국말글학,0,2,2
한국심리학회지:여성,0,2,2
카프카 연구,0,2,2
대한건축학회논문집 계획계,0,2,2
미술사학연구,0,2,2
중국소설연구회보,0,2,2
古文書硏究,0,2,2
커뮤니케이션학 연구,0,2,2
방언,0,2,2
율곡학연구,1,1,2
문교월보,0,2,2
강원민속학,0,2,2
SaeKukeo-Saenghwal,0,2,2
최은지,2,0,2
중국현대문학,0,2,2
로고스경영연구,0,2,2
김재욱,2,0,2
日本學(일본학),2,0,2
전남대학교 한국어문학연구소 학술지 어문논총,0,2,2
제임스조이스저널,1,1,2
Seoul Journal of Korean Studies,1,1,2
행동분석ㆍ지원연구,2,0,2
유아교육연구,0,2,2
노진아,2,0,2
朝鮮時代史學報,0,2,2
International Review of Applied Linguistics in Language Teaching,0,2,2
양명학,1,1,2
한국교원교육연구,0,2,2
신희성,2,0,2
東岳語文論集,0,2,2
노어노문학,2,0,2
강한,2,0,2
한국시문학,0,2,2
백록어문,0,2,2
사회와 철학,0,2,2
명정희,2,0,2
Diabetes Res Clin Pract,0,2,2
萬海學報,0,2,2
睡蓮語文論集,0,2,2
정유남,2,0,2
성우계사상연구논총,0,2,2
국제한국어교육,0,2,2
해양정책연구,1,1,2
사림어문연구,0,2,2
文理大學報,0,2,2
교육원리연구,0,2,2
프랑스문화예술연구,0,2,2
인문사회논문집,0,2,2
신학과 교회,0,2,2
시학과언어학,0,2,2
외국어교육,0,2,2
홍종선,2,0,2
Acta Koreana,2,0,2
사회와역사(구 한국사회사학회논문집),2,0,2
國際語文,0,2,2
이지양,2,0,2
Mal,0,2,2
大東漢文學,0,2,2
공간과 사회,0,2,2
語文생활,0,2,2
실천민속학 연구,1,1,2
漢文學論集,0,2,2
PMLA,0,2,2
이해영,2,0,2
충북사학,0,2,2
이경수,2,0,2
學風,0,2,2
한국불교학,1,1,2
Phonology,0,2,2
English Language and Linguistics,0,2,2
민주주의와 인권,0,2,2
朝鮮語硏究,0,2,2
장신논단,0,2,2
김재호,2,0,2
교육사상연구,0,2,2
國外語言學,0,2,2
로컬리티 인문학,0,2,2
백산학보,0,2,2
한영균,2,0,2
종교학연구,0,2,2
어문집,0,2,2
김유미,2,0,2
미술사학,0,2,2
민족사상,1,1,2
누리와 말씀,0,2,2
남신혜,2,0,2
佛敎學論叢,0,2,2
최연식,2,0,2
말소리와 음성과학,0,2,2
채영희,2,0,2
世界漢語敎學,0,2,2
고고학,2,0,2
Foundations of Language,0,2,2
여성과 역사,2,0,2
아태연구,0,2,2
한국문화연구원논총,0,2,2
역사와 경계,0,2,2
정진강,2,0,2
語文學敎育,0,2,2
진보평론,0,2,2
오승영,2,0,2
지리학,0,2,2
The Journal of Philosophy,0,2,2
東方學,0,2,2
판소리 연구,0,2,2
이준규,2,0,2
漢語學習,0,2,2
특수아동교육연구,0,2,2
문예미학,0,2,2
Modern Language Journal,0,2,2
김현주,2,0,2
省谷論叢,0,2,2
신우봉,2,0,2
연구논문집,0,2,2
작가연구,0,2,2
라깡과 현대정신분석,0,2,2
국민어문연구,0,2,2
신민,0,2,2
별건곤,0,2,2
Australian Journal of Linguistics,0,2,2
인문사회과학논문집,0,2,2
關大論文集,0,2,2
国語学,0,2,2
김종희,2,0,2
牛岩斯黎,0,2,2
新生,0,2,2
Linguistische Berichte,0,2,2
역사교육,1,1,2
동서인문,2,0,2
프랑스 문화 연구,1,1,2
고전번역연구,1,1,2
러시아연구,0,2,2
헤세연구,0,2,2
노명희,2,0,2
Natural Language & Linguistic Theory,0,2,2
현대시학,0,2,2
최은경,2,0,2
新興大學校 論文集,0,2,2
여성이론,0,2,2
KOREAN LITERATURE EDUCATION RESEARCH,0,2,2
호남학보,0,2,2
대학교육,0,2,2
한국고대사연구,0,2,2
A Gubo study,0,2,2
태동고전연구,0,2,2
陶南學報,0,2,2
국어학논집,0,2,2
동국사학,0,2,2
전한성,2,0,2
교양논총,0,2,2
박형진,2,0,2
유교사상문화연구,1,1,2
한국지역지리학회지,0,2,2
산청어문,0,2,2
American Speech,0,2,2
내일을 여는 역사,0,2,2
황화상,2,0,2
인간.환경.미래,0,2,2
드라마 연구,0,2,2
仙道文化,1,1,2
김규훈,2,0,2
언어와 언어학,0,2,2
TRAN THI BICH PHUONG,2,0,2
독어학,1,1,2
소현수,2,0,2
한일민족문제연구,0,2,2
국어국문학연구,0,2,2
괴테연구,0,2,2
김문기,2,0,2
동아시아 문화연구,0,2,2
김지현,2,0,2
마효림,2,0,2
역사와교육,0,2,2
한국문헌정보학회지,0,2,2
아시아연구,1,1,2
한양어문연구,0,2,2
新天地,0,2,2
향토문학연구,0,2,2
畿甸文化硏究,0,2,2
Lexicology,0,2,2
횡단인문학,1,1,2
文藝,0,2,2
이선영,2,0,2
문학춘추,0,2,2
중국근현대사연구,1,1,2
인문평론,0,2,2
스피치와 커뮤니케이션,0,2,2
Foreign Language Annals,0,2,2
중국조선 어문,0,2,2
한국고지도연구,2,0,2
시안,0,2,2
구영산,2,0,2
한국정보기술학회논문지,0,2,2
사전편찬학연구,0,2,2
Research on Language and Social Interaction,0,2,2
Advances in Neural Information Processing Systems,0,2,2
한국음악연구,0,2,2
이수진,2,0,2
한신대논문집,0,2,2
Philosophical Review,0,2,2
한국문학,0,2,2
東方學誌,0,2,2
김건영,2,0,2
음악과 문화,2,0,2
조윤경,2,0,2
중국학보,1,1,2
대동학회월보,0,2,2
서양사연구,0,2,2
대전어문학,0,2,2
탈경계인문학Trans-Humanities,2,0,2
교육연구,0,2,2
최규발,2,0,2
語文論集,0,2,2
Korean Language,0,2,2
Language Learning,0,2,2
Psychological Review,0,2,2
열린교육연구,0,2,2
한국방송학보,0,2,2
東洋古典硏究,0,2,2
한국한시작가연구,0,2,2
Journal of Memory and Language,0,2,2
Journal of Memory & Language,0,2,2
태릉어문연구,0,2,2
경영사연구,0,2,2
독일문학,0,2,2
論文集,0,2,2
예술세계,0,2,2
金起林 全集,0,2,2
경제와 사회,0,2,2
겨레문화,0,2,2
當代語言學,0,2,2
관대논문집,0,2,2
중소연구,1,1,2
한국국어교육연구회논문집,0,2,2
이숙진,2,0,2
이민아,2,0,2
장서각,0,2,2
가족과 커뮤니티,2,0,2
비평과이론,0,2,2
남경완,2,0,2
담화와인지,0,2,2
김바로,2,0,2
호남학,2,0,2
西江語文,0,2,2
Proceedings of Sinn und Bedeutung,0,2,2
미래유아교육학회지,1,1,2
書誌學硏究,0,2,2
송향근,2,0,2
한국종교,0,2,2
문창어문논집,0,2,2
加羅文化,0,2,2
人文科學硏究,1,1,2
일본역사연구,0,2,2
朝鮮文壇,0,2,2
슬라브硏究,2,0,2
다산학,2,0,2
신학사상,0,2,2
International Language and Literature,0,2,2
청대학술논집,0,2,2
역사와 실학,1,1,2
사회과학연구,1,1,2
다산과현대,0,2,2
공학교육,0,2,2
주시경 학보,0,2,2
경주사학,0,2,2
東洋禮學,0,2,2
통역과 번역,2,0,2
한문고전연구,0,2,2
中國學硏究,0,2,2
초등도덕교육,1,1,2
지역문학연구,0,2,2
미술사학보,1,1,2
신학논단,0,2,2
蘭台世界,0,2,2
도산법연구,0,2,2
선사와 고대,1,1,2
김호정,2,0,2
Word,0,2,2
史叢(사총),2,0,2
역사와현실,0,2,2
서양미술사학회 논문집,0,2,2
韓國史論,0,2,2
新東亞,0,2,2
최수연,2,0,2
김낭예,2,0,2
의철학연구,0,2,2
박종희,2,0,2
인문학논총,0,2,2
최연화,2,0,2
남북문화예술연구,0,2,2
교육평가연구,0,2,2
한문교육,0,2,2
교과교육학연구,0,2,2
International Journal of Lexicography,0,2,2
조형미디어학,0,2,2
人文論叢,0,2,2
이승은,2,0,2
저스티스,0,2,2
開新語文硏究,0,2,2
조선문학,0,2,2
PR연구,0,1,1
Noûs,0,1,1
현대사회와 다문화,0,1,1
열린정신 인문학연구,0,1,1
The Review of Korean Studies,1,0,1
退溪學報,0,1,1
中語中文學,0,1,1
School Psychology Quarterly,0,1,1
Effects of Distributed Retrieval Practice Over a Semester: Cumulative Tests as a Way to Facilitate Second Language Vocabulary Learning,0,1,1
다문화사회와 교육연구,1,0,1
別乾坤,0,1,1
관학어문연구,0,1,1
한국소설문학의탐구,0,1,1
School Psychology International,0,1,1
정미혜,1,0,1
Folia Linguistica,0,1,1
학술원논문집 인문․사회과학편,0,1,1
국문학과 도교,0,1,1
今天,0,1,1
독일현대문학,0,1,1
언어학논집,0,1,1
현대 영미어문학,0,1,1
靜岡縣近代史硏究,0,1,1
최윤곤,1,0,1
湘潭师范学院学报,0,1,1
임주탁,1,0,1
심리연구,0,1,1
개신어문학,0,1,1
한국산업정보학회논문지,0,1,1
철학탐구,1,0,1
교육철학연구,1,0,1
유춘동,1,0,1
동악어문,0,1,1
직업교육연구,0,1,1
인도철학,0,1,1
김태훈,1,0,1
한국지리환경교육학회지,0,1,1
김택윤,1,0,1
박정아,1,0,1
사네치카마리,1,0,1
정태식,1,0,1
이경철,1,0,1
朝鮮,0,1,1
國文學論集,0,1,1
German linguistics and literature,0,1,1
전통 화법과 화법교육,0,1,1
교육혁신연구,1,0,1
敎育科學硏究,0,1,1
신흥,0,1,1
부동산연구,0,1,1
QUAN WENHUA,1,0,1
김지오,1,0,1
Communication Research,0,1,1
Print Magazine,0,1,1
Quar.Rev. of Film & Video,0,1,1
일본학연보,0,1,1
Journal of English Linguistics,0,1,1
박명관,1,0,1
국어 교육 연구,0,1,1
인문논집,0,1,1
한국 전후실존주의 소설연구,0,1,1
한국산학기술학회논문지,0,1,1
한국정치학회보,0,1,1
권도형,1,0,1
진가연,1,0,1
이미혜,1,0,1
라인정,1,0,1
민족과 문학,0,1,1
美學,0,1,1
주간경향,0,1,1
國語敎育硏究,0,1,1
한국교육논단,0,1,1
곽지영,1,0,1
고황논집,0,1,1
國文學硏究,0,1,1
가톨릭철학,0,1,1
College Com- position and Communication,0,1,1
언어정보개발연구,0,1,1
최보선,1,0,1
한국현대문학,0,1,1
판전,0,1,1
嶺南語文學,0,1,1
梨花語文論集,0,1,1
DORJ ULZIIBAT,1,0,1
東方漢文學,0,1,1
Cog- nitive Psychology,0,1,1
中国语文,0,1,1
北韓學硏究,0,1,1
송인섭,1,0,1
김건희,1,0,1
인문사회연구,0,1,1
노인복지연구,0,1,1
회생법학,0,1,1
한국고대사탐구,0,1,1
史學集刊,0,1,1
近代서지,0,1,1
한국어문학,0,1,1
이수정,1,0,1
한국디자인포럼,0,1,1
유아교육학논집,0,1,1
이진,1,0,1
한길문학,0,1,1
코리안이마고,0,1,1
민족과 문화,0,1,1
Studies of Korean Publishing Science,0,1,1
광장,0,1,1
농업교육과 인적자원개발,0,1,1
오민석,1,0,1
이성준,1,0,1
연세교육과학,0,1,1
Journal of Verbal Learning and Verbal Behavior,0,1,1
Discourse Studies,0,1,1
김형복,1,0,1
음성·음운·형태론연구,0,1,1
서양사론,0,1,1
논총,0,1,1
許昌師範學報,0,1,1
宗敎學硏究,0,1,1
전영은,1,0,1
소인호,1,0,1
이은홍,1,0,1
유나,1,0,1
불교평론,0,1,1
송소연,1,0,1
Am J Clin Nutr,0,1,1
이화논집,0,1,1
한국문화대계,0,1,1
문화재사랑,0,1,1
Ural-Altaische Jahrbücher,0,1,1
정보과학지,0,1,1
이중언어학회지,0,1,1
韓國史硏究,0,1,1
敎育哲學,0,1,1
언어정보,0,1,1
/ 한국지명총람,0,1,1
김숙정,1,0,1
白山學會,0,1,1
仏語仏文学硏究,0,1,1
Language & Linguistics Compass,0,1,1
hye won wang,1,0,1
움직임의 철학,0,1,1
민족문제연구,0,1,1
한남어문학회,0,1,1
김도훈,1,0,1
임우열,1,0,1
韓國文學論集,0,1,1
Studia Neofilologiczne,0,1,1
京畿語文,0,1,1
Licensing WH-In-Situ In: Syntax,0,1,1
Human Communication Research,0,1,1
홍나영,1,0,1
기독교윤리사회,0,1,1
Scientific Studies of Reading,0,1,1
人文科學 論文集,0,1,1
북한연구학회보,0,1,1
한국색채학회논문집,0,1,1
이희영,1,0,1
日本語学校論集,0,1,1
Cognitive Psychology,0,1,1
Atherosclerosis,0,1,1
/ 한국학중앙연구원 장서각 소장,0,1,1
한신어문연구,0,1,1
황종배,1,0,1
황경수,1,0,1
숙명어문논집,0,1,1
신문연구,0,1,1
예술과 과학기술,0,1,1
Sci. Adv,0,1,1
한글교육,0,1,1
Central Asiatic Journal,0,1,1
월간 샘터,0,1,1
윤리교육연구,1,0,1
한중관계연구,1,0,1
Obes Res,0,1,1
신학과 사회,1,0,1
강남어문,0,1,1
현대 영미시 연구,0,1,1
太極學報,0,1,1
이재규,1,0,1
일본어문학보,0,1,1
현대문학연구,0,1,1
士林語文硏究,0,1,1
강범모,1,0,1
열린전북,0,1,1
박문,0,1,1
Korean Journal of Speech Science,0,1,1
東南アジア研究,0,1,1
춤ㆍ지성,0,1,1
Applied Psychology: An International Review,0,1,1
불교학연구,0,1,1
배건준,1,0,1
國語と國文學,0,1,1
北大法学論集,0,1,1
한국음반학,0,1,1
文湖,0,1,1
복식,0,1,1
한양어문,0,1,1
홍소라,1,0,1
社科縱橫,0,1,1
靑丘學術論集,0,1,1
역사와 세계,0,1,1
同德語文論集,0,1,1
유아교육논총,0,1,1
고궁문화,1,0,1
세계정치,0,1,1
Diabetes Care,0,1,1
西洋古典學硏究,0,1,1
동서문화,0,1,1
교육 한글,0,1,1
문순희,1,0,1
孔子學,1,0,1
가라문화,0,1,1
동명,0,1,1
목원대 논문집,0,1,1
교육월보,0,1,1
김지혜,1,0,1
東南亞硏究,0,1,1
정옥현,1,0,1
한담,1,0,1
김영란,1,0,1
야담문학의 현단계,0,1,1
聖心女子大學校 論文集,0,1,1
ドルメン,0,1,1
文學界,0,1,1
말과글,0,1,1
수여성기설박사환갑기념논총,0,1,1
長安論叢,0,1,1
Semiotics,0,1,1
朝鮮語研究,0,1,1
최신인,1,0,1
立命館産業社會論集,0,1,1
김진호,1,0,1
한국사학,0,1,1
Annual Review of Applied Linguistics,0,1,1
아세아 연구,0,1,1
한국어문연구,0,1,1
東亞論叢,0,1,1
The Canadian Modern Language Review,0,1,1
국어교육론,0,1,1
한국 근대문학연구,0,1,1
한국 예이츠 저널,1,0,1
대한가정학회지,0,1,1
충주대학교 논문집,0,1,1
영산신학저널,1,0,1
Literature-film Quartly,0,1,1
韓國漢字語辭典,0,1,1
哈爾濱敎堂寺院一覽,0,1,1
ソシオサイエンス,0,1,1
<語文硏究>,0,1,1
이성우,1,0,1
정보관리학회지,0,1,1
사이버커뮤니케이션학보,0,1,1
매지논총,0,1,1
韓國學 論叢,0,1,1
漢學硏究集刊,0,1,1
러시아학,1,0,1
이준희,1,0,1
이희수,1,0,1
형사정책연구,0,1,1
파주문화,0,1,1
韓國音響學會誌,0,1,1
龍鳳論叢,0,1,1
이재준,1,0,1
朝鮮学会,0,1,1
서울市立大 論文集,0,1,1
Memory and Cognition,0,1,1
실천공학교육논문지,1,0,1
言語文化硏究,0,1,1
希望,0,1,1
문학과 비평,0,1,1
박성호,1,0,1
종교연구 통권,0,1,1
라틴아메리카연구,0,1,1
南冥學硏究論叢,0,1,1
北韓,0,1,1
윤리연구,0,1,1
Zentralblantt fur Didaktik der Mathematik,0,1,1
김범진,1,0,1
考古美術,0,1,1
IJCCS,0,1,1
이지안,1,0,1
김연종,1,0,1
유형동,1,0,1
나랏말쌈,0,1,1
ILHA DO DESTERRO,0,1,1
김강희,1,0,1
神學世界,0,1,1
한국종교사연구,0,1,1
황은하,1,0,1
鹽城師專學報,0,1,1
한국사학보,0,1,1
김대용,1,0,1
言語の科学,0,1,1
천년의시작,0,1,1
박상욱,1,0,1
"of HSK, de Gruyter",0,1,1
디지털콘텐츠학회논문지,0,1,1
최아라,1,0,1
順天鄕語文論集,0,1,1
한국인터넷방송통신학회 논문지,0,1,1
계명어문학,0,1,1
西友,0,1,1
공혜림,1,0,1
new media & mass communication,0,1,1
임현열,1,0,1
임총인,1,0,1
Typological Studies in Languages,0,1,1
Korean Journal of Clinical Psychology,0,1,1
경남어문논집,0,1,1
淸大學術論集,0,1,1
Exceptional children,0,1,1
영상문화,0,1,1
한애라,1,0,1
Chicago Linguistic Society,0,1,1
경희법학,0,1,1
건국대학교 대학원 정치학과 논집,0,1,1
미국소설,0,1,1
허예인,1,0,1
Journal of Machine Learning Research,0,1,1
임보연,1,0,1
人文科學,0,1,1
현대비평과 이론,0,1,1
青丘学叢,0,1,1
조지형,1,0,1
북한학연구,1,0,1
프랑스사 연구,0,1,1
문학과 경계,0,1,1
파주연구,0,1,1
Journal of International and Area Studies,0,1,1
중앙대논문집,0,1,1
Language and Cognitive Processes,0,1,1
Studies in Lexicography,0,1,1
토지법학,0,1,1
韓日言語文化硏究,0,1,1
호서문화연구,0,1,1
아세아 여성 연구,0,1,1
인문과학논문집,0,1,1
병원경영학회지,0,1,1
한국항만경제학회지,0,1,1
硏究論集,0,1,1
Applied Measurement in Education,0,1,1
語學研究所論集,0,1,1
이온순,1,0,1
지중해지역연구,0,1,1
문학․선,0,1,1
한국 언어문학,0,1,1
사학지,0,1,1
커뮤니케이션과학,0,1,1
北方傳媒研究,0,1,1
Yonsei Medical Journal,0,1,1
강우규,1,0,1
동양철학,0,1,1
동아시아한국학입문,0,1,1
ICKL XIV Inquiries into Korean Linguistics,0,1,1
연세대학교 국학연구원 동방학지,0,1,1
한국음악사학보,0,1,1
이숭녕박사 송수기념논총,0,1,1
양영모,1,0,1
젠더와 문화,0,1,1
Lexicography,0,1,1
기호학연구,0,1,1
박은혜,1,0,1
韓國民俗學,0,1,1
동리문학연구-서라벌문학,0,1,1
JIN XUEYAN,1,0,1
시민과 세계,0,1,1
학생생활연구,0,1,1
정지수,1,0,1
정보화연구,0,1,1
안동어문학,0,1,1
김홍균,1,0,1
서울대학교 법학,0,1,1
교육한글,0,1,1
韓國音樂學論集,0,1,1
美術史學,0,1,1
바른 영어교육,0,1,1
"미디어, 젠더 & 문화",0,1,1
명청사연구,1,0,1
안양대학교 논문집,0,1,1
재산법연구,0,1,1
한국어문문학,0,1,1
Critical Inquiry,0,1,1
서울여자대학 논문집,0,1,1
글짜씨,0,1,1
한국문학평론,0,1,1
안진산,1,0,1
New Korean Language Life,0,1,1
풍림,0,1,1
강아름,1,0,1
Canadian Journal Criminology,0,1,1
사람과 글,0,1,1
Organizational Research Methods,0,1,1
語文學論叢,0,1,1
박미혜,1,0,1
한국공안행정학회보,0,1,1
김용진,1,0,1
광고정보,0,1,1
한국심리학회지: 상담 및 심리치료,0,1,1
조선어연구,0,1,1
전병운,1,0,1
사총,0,1,1
문학과지성,0,1,1
김남호,1,0,1
Artificial Intelligence,0,1,1
김남미,1,0,1
韓國佛敎學,0,1,1
다시올문학,0,1,1
月刊 地域づくり,0,1,1
정치사상연구,0,1,1
Child development,0,1,1
Communication Education,0,1,1
중세국어 연결어미와 보조사의 통합,0,1,1
Korean Chinese Literature Study,0,1,1
문화와 사회,0,1,1
성균관법학,0,1,1
영산논총,0,1,1
교육개발,0,1,1
대한정치학회보,0,1,1
淸大漢林,0,1,1
학술지,0,1,1
震壇學報,0,1,1
산업과 경영,0,1,1
한힌샘 연구,0,1,1
월간중앙,0,1,1
최도식,1,0,1
한국가족관계학회지,0,1,1
독일언어문학,1,0,1
반재유,1,0,1
정재찬,1,0,1
박현진,1,0,1
시문학,0,1,1
Honors Theses,0,1,1
歷史地理,0,1,1
교육심리연구,0,1,1
임영상,1,0,1
홍윤기,1,0,1
대한그리스도인회보,0,1,1
송광한,1,0,1
改修捷解新語,0,1,1
박희숙,1,0,1
문학수첩,0,1,1
한국철사학사연구,0,1,1
김도경,1,0,1
Journal of English for Academic Purposes,0,1,1
역사교육연구,0,1,1
새한영어영문학,0,1,1
박혜진,1,0,1
서양고대사연구,0,1,1
中國學 論叢,0,1,1
韓國傳統音樂學,0,1,1
임수진,1,0,1
青年文學家,0,1,1
김유리,1,0,1
김하라,1,0,1
고전여성문학연구,0,1,1
"Mind, Culture, and Activity",0,1,1
청람사학,0,1,1
안과밖:영미문학연구,0,1,1
학예지,0,1,1
허예슬,1,0,1
강보선,1,0,1
문화와 비평,0,1,1
성심여자대학교 논문집,0,1,1
中国边疆史地研究,0,1,1
장윤미,1,0,1
臺大歷史學報,0,1,1
新朝鮮,0,1,1
捷解新語의 改修 分析,0,1,1
박융배,1,0,1
中國散文硏究集刊,0,1,1
敎育論叢,0,1,1
朝鮮文化研究,0,1,1
韓國語學,0,1,1
여성연구논집,0,1,1
Child & Family Behavior Therapy,0,1,1
Computers and the Humanities,0,1,1
ARIMA J.,0,1,1
Public Culture,0,1,1
경남문학,0,1,1
감성연구,0,1,1
이성혜,1,0,1
美術資料,0,1,1
남길임,1,0,1
World Patent Information,0,1,1
월간문학,0,1,1
박종원,1,0,1
박소영,1,0,1
정신문화,0,1,1
방정환연구,1,0,1
韓國文化硏究院論叢,0,1,1
Reading Research Quarterly,0,1,1
인천저널,0,1,1
The Philosophical Review,0,1,1
仁荷大學校 師範大學,0,1,1
청소년문화포럼,0,1,1
明知語文學,0,1,1
國文學言語語と文藝,0,1,1
김경희,1,0,1
동방학보,0,1,1
東國史學,0,1,1
J Epidemiol,0,1,1
임채훈,1,0,1
드라마논총,0,1,1
한국정책과학학회보,0,1,1
Journal of Experimental Psychology: Learning Memory &Cognition,0,1,1
Gwanak Language and Literature Research,0,1,1
Topics in Early Childhood Special Education,0,1,1
이현실,1,0,1
국어의 연결 어미 연구,0,1,1
書誌學報,0,1,1
고은아,1,0,1
한국전통문화연구,0,1,1
국가정책연구,0,1,1
Literature therapy research,0,1,1
사대논총,0,1,1
수원대학교 국어국문학회,0,1,1
古小說硏究,0,1,1
이혜용,1,0,1
오영식,1,0,1
韓國初等敎育,0,1,1
한국아프리카 학회지,0,1,1
한국사론,0,1,1
문학비평용어사전,0,1,1
정연희,1,0,1
성나경,1,0,1
학술원 논문집,0,1,1
한국심리학회지 인지 및 생물,0,1,1
草堂大論文集,0,1,1
영어권문화연구,0,1,1
남영자,1,0,1
상명여대 어문학연구소,0,1,1
民族文化硏究,0,1,1
정한별,1,0,1
인공지능인문학연구,0,1,1
신문과 방송,0,1,1
예술교육연구,1,0,1
곽승철,1,0,1
교양교육과 시민,1,0,1
국토지리학회지,0,1,1
권설아,1,0,1
가톨릭신학과 사상,0,1,1
김혜지,1,0,1
홍경수,1,0,1
비교사법,0,1,1
소학생,0,1,1
김연희,1,0,1
교육연구와 실천,0,1,1
藝術硏究,0,1,1
성대문학,0,1,1
강현주,1,0,1
成煥甲,0,1,1
Linguistic Research,0,1,1
신경림 문학의 세계,0,1,1
鶴見大学紀要. 第,0,1,1
정인기,1,0,1
李箱리뷰,0,1,1
경희어문학,0,1,1
연구논집,0,1,1
韓南語文學,0,1,1
초등교육연구,0,1,1
아시아영화연구,1,0,1
東岳語文論集,0,1,1
우리극연구,0,1,1
제임스조이스 저널,0,1,1
Biomed Environ Sci,0,1,1
Studia Angelica Posnaniensia,0,1,1
한국문화인류학,1,0,1
/ 근대서지,0,1,1
Journal of Business & Economics Research,0,1,1
픽션과 논픽션,1,0,1
한힌샘 주 시경 연구,0,1,1
티안밍,1,0,1
International Journal of Multilingualism,0,1,1
국학연구논총,0,1,1
용연어문논집,0,1,1
奎章閣,0,1,1
韓國開化期에 있어 일본 번역한자어의 수용과 유입: 『혈의누』,0,1,1
泰西文藝新報,0,1,1
문화와 정치,0,1,1
이충우,1,0,1
전통문화연구,0,1,1
한국여성교양학회지,0,1,1
박성실,1,0,1
최현정,1,0,1
煙臺大學學報,0,1,1
杉本 加代子,1,0,1
세계의 문학,0,1,1
헤리티지:역사와 과학,1,0,1
한국어 연구,0,1,1
허윤,1,0,1
韓國傳統文化硏究,0,1,1
이창희,1,0,1
김동근,1,0,1
안보연구,0,1,1
Japanese/Korean Linguistics,0,1,1
The Encyclopedia of Philosophy,0,1,1
강승혜,1,0,1
장정룡,1,0,1
박승원,1,0,1
김성주,1,0,1
교육부,0,1,1
한국학 연구,0,1,1
Psychological Sci-ence,0,1,1
황영미,1,0,1
구비문학,0,1,1
神奈川大學 大學院經濟硏究科硏究論集,0,1,1
문학 한글,0,1,1
한국엔터테인먼트산업학회논문지,0,1,1
사상,0,1,1
English Specific Purposes,0,1,1
동유럽발칸학,0,1,1
Journal of Speech Lang Hear Res,0,1,1
전명남,1,0,1
Journal of Huzhou University,0,1,1
BMC Public Health,0,1,1
Cognitive Linguistics,0,1,1
도원,1,0,1
월간조선,0,1,1
이정애,1,0,1
Computer,0,1,1
교회사학,0,1,1
이용훈,1,0,1
文學春秋,0,1,1
민족학연구,0,1,1
韓国文化,0,1,1
심지연,1,0,1
건축 도시환경연구,0,1,1
English Language Teaching,0,1,1
Journal of Memory an Language,0,1,1
/ 한국어학,0,1,1
예술인문사회 융합 멀티미디어 논문지,0,1,1
박종호,1,0,1
京都産業大學 國際言語科學硏究所 所報,0,1,1
주역철학과 문화,0,1,1
SUGIYAMAYUTAKA,1,0,1
Cognition,0,1,1
인문과 예술,0,1,1
김주덕,1,0,1
정상우,1,0,1
신중진,1,0,1
유홍빈,1,0,1
유우식,1,0,1
현대영어영문학,0,1,1
이경화,1,0,1
The Journal of Asian Studies,0,1,1
한국현대소설학회,0,1,1
정흥모,1,0,1
東北亞 시대와 漢字ㆍ漢字敎育,0,1,1
홍성호,1,0,1
하호빈,1,0,1
서설비,1,0,1
나혜석연구,0,1,1
하채현,1,0,1
배달말 교육,0,1,1
Chunmei Miao,1,0,1
박덕유,1,0,1
영미연구,0,1,1
國語學論叢,0,1,1
구기보,1,0,1
韓國語文學硏究,0,1,1
English for Specific Purpose,0,1,1
주현하,1,0,1
강신항 박사 정년퇴직기념 국어국문학논총,0,1,1
김참이,1,0,1
College Composition and Communication,0,1,1
김중수,1,0,1
신정애,1,0,1
出版學硏究,0,1,1
과학사상,0,1,1
Leisure and Society,0,1,1
교육과학연구 백록논총,0,1,1
이금희,1,0,1
인권과 정의,0,1,1
Multilingual Education for Social Justice,0,1,1
한국행정사학지,1,0,1
독서치료연구,1,0,1
IEEE Transactions on Electronic Computers,0,1,1
일본학,0,1,1
한국어사연구,0,1,1
Scandinavian journal of caring sciences,0,1,1
표시연,1,0,1
중국어교육과 연구,1,0,1
최홍열,1,0,1
Aesan-Hakbo,0,1,1
새국어새활,0,1,1
사목,0,1,1
경기어문학,0,1,1
當代韓國,0,1,1
역사와 융합,1,0,1
域外漢文學與漢籍,0,1,1
인문예술논총,0,1,1
송현정,1,0,1
조형FORM,0,1,1
홍경임,1,0,1
김정민,1,0,1
한국사회복지조사연구,0,1,1
문준혜,1,0,1
웅연,1,0,1
Psychological Bulletin,0,1,1
韓國史 市民講座,0,1,1
한국한시학회,0,1,1
Cross-Cultural Studies,0,1,1
오지은,1,0,1
충남대학교 인문대학 논문집,0,1,1
课外语文,0,1,1
초등수학교육,0,1,1
American Psychologist,0,1,1
김려원,1,0,1
한국민요집,0,1,1
장충덕,1,0,1
문예운동,0,1,1
Modernism/Modernity,0,1,1
퇴계학과 한국문화,0,1,1
세계 역사와 문화 연구,1,0,1
과학과 문화,0,1,1
Bilingua- lism: Language and Cognition,0,1,1
Korean Journal of Family Medicine,0,1,1
문학과경계,0,1,1
禪文化硏究,1,0,1
語文周刊,0,1,1
총니,1,0,1
Munhakdongnae,0,1,1
한남대학교 인문과학 논문집,0,1,1
권순희,1,0,1
Journal of Applied Learning and Teaching,0,1,1
엄태웅,1,0,1
外大論叢,0,1,1
인하,0,1,1
순천대학교논문집,0,1,1
한국여성철학,0,1,1
대학교양교육연구,1,0,1
Australian Journal of Education,0,1,1
조용기,1,0,1
隣語大方 해제,0,1,1
PREVIEW,0,1,1
Aksam Yassin,1,0,1
강효경,1,0,1
문창어문연구,0,1,1
김은호,1,0,1
대우학술총서,0,1,1
전북사회학,0,1,1
김미자,1,0,1
西南大學學報,0,1,1
Collection of Papers,0,1,1
Learning and individual differences,0,1,1
육영주,1,0,1
Korean Literature Criticism Study,0,1,1
성균어문연구,0,1,1
김태수,1,0,1
신용식,1,0,1
이상현,1,0,1
文章社,0,1,1
국제고려학회 서울지회 논문집,0,1,1
상아탑,0,1,1
東疆學刊,0,1,1
The American Journal of Sociology,0,1,1
세계의 신학,0,1,1
羅惠錫硏究,0,1,1
국어교육연구회논문집,0,1,1
音声研究,0,1,1
人文評論,0,1,1
Proceedings of the North East Linguistic Society,0,1,1
어휘 자료 처리를 위한 파생 접사 연구,0,1,1
한국조경학회지,1,0,1
이종영,1,0,1
최용,1,0,1
The Chin-Tan Society,0,1,1
진영학,1,0,1
교회와 법,1,0,1
名古屋大学教育学部附属中高等学校紀要,0,1,1
亞細亞學報,0,1,1
도솔어문,0,1,1
방영심,1,0,1
韓國文學理論과 批評,0,1,1
Journal of Second Language Writing,0,1,1
European Journal of Social Psychology,0,1,1
Portics Today,0,1,1
한국과 세계,1,0,1
Mi Hee Cho,1,0,1
슬라브학보,0,1,1
Psy- chological Review,0,1,1
國語學會,0,1,1
지식처리연구,0,1,1
南洋問題硏究,0,1,1
파라,0,1,1
國語敎育學硏究,0,1,1
한성사학,0,1,1
민진영,1,0,1
역사와 담론,1,0,1
Quarterly Journal of Speech,0,1,1
퇴계학보,0,1,1
김영희,1,0,1
Foreign Lan- guages Education,0,1,1
Study in Higher Education,0,1,1
한글 한자 문화,0,1,1
實踐國文學,0,1,1
시오야 모에,1,0,1
정보과학회 컴퓨팅의 실제 논문지,0,1,1
재외한인연구,0,1,1
정길순,1,0,1
Prevention School Failure,0,1,1
진저,1,0,1
우계학보,0,1,1
Quarterly Progress and Status Report,0,1,1
Mosaic-A Journal for The Interdisciplinary Study of Literature,0,1,1
中國學報,0,1,1
Lancet,0,1,1
신승용,1,0,1
현대 국어 사용 빈도 조사: 한국어 학습용 어휘 선정을 위한 기초 조사,0,1,1
김금내,1,0,1
이인화,1,0,1
심상,0,1,1
번역비평,0,1,1
방언학과 국어학,0,1,1
The Electronic Journal for English as a Second Langage,0,1,1
한국유아교육연구,0,1,1
이은섭,1,0,1
통번역학연구,1,0,1
열린유아교육연구,0,1,1
國史館論叢,0,1,1
진무위,1,0,1
전수진,1,0,1
이영제,1,0,1
동양한문학,0,1,1
東亞硏究,0,1,1
영어교육,0,1,1
최성학,1,0,1
동아시아 고대학,0,1,1
아카데미論叢,0,1,1
Annals of Association of American Geographers,0,1,1
國際交流硏究>,0,1,1
고서,0,1,1
平安文学研究,0,1,1
인간발달연구,0,1,1
안동문화,0,1,1
백제연구,0,1,1
한자ㆍ한자어 편람,0,1,1
論集,0,1,1
소년,0,1,1
비교교육연구,0,1,1
文化史學,0,1,1
미학,0,1,1
語言硏究,0,1,1
이은선,1,0,1
이다슴,1,0,1
言語文化研究,0,1,1
人文科學論集,0,1,1
外大語文論集,0,1,1
두류국어교육,0,1,1
Journal of Ewha Korean Language & Literature,0,1,1
경쟁법연구,0,1,1
차세대 인문사회연구,1,0,1
韓民族文化硏究,0,1,1
Arch Gerontol Geriatr,0,1,1
Can J Cardiol,0,1,1
연세의사학,0,1,1
서보영,1,0,1
Functionalism and Chinese Grammar,0,1,1
民族文化,0,1,1
Korea Journal,1,0,1
東洋哲學硏究,0,1,1
국어국문학 논문집,0,1,1
광업조선,0,1,1
정경미,1,0,1
조광순,1,0,1
平北方言辭典,0,1,1
허계형,1,0,1
Semantics,0,1,1
청주대학교 논문집,0,1,1
오현아,1,0,1
임다영,1,0,1
역량개발학습연구,0,1,1
복음과 학문,0,1,1
Language research,0,1,1
한국가정관리학회지,0,1,1
東南語文論集,0,1,1
심지수,1,0,1
集成,0,1,1
编辑学刊,0,1,1
Issues in Applied Lin- guistics,0,1,1
Linguistic Analysis,0,1,1
Linguistics and Education,0,1,1
탐라문화,1,0,1
韓日語學論叢,0,1,1
한국현대문학회,0,1,1
화법교육의 이해,0,1,1
박석준,1,0,1
중대 어문논집,0,1,1
조경선,1,0,1
만해학보,0,1,1
특수교육저널: 이론과 실천,0,1,1
인격교육연구,0,1,1
Journal of Asian Studies,0,1,1
구활자본 고소설전집,0,1,1
문학 사학 철학,0,1,1
경산문화연구,0,1,1
석주연,1,0,1
경북대학교논문집,0,1,1
문명연지,0,1,1
아시아문화,0,1,1
斯道文庫論集,0,1,1
Korean 연구와 교육,0,1,1
국어학총서,0,1,1
미술자료,0,1,1
김진웅,1,0,1
문학사와 비평학회,0,1,1
초등국어교육,0,1,1
이병인,1,0,1
Text & Talk,0,1,1
이대사원,0,1,1
스토리앤이미지텔링,0,1,1
조난희,1,0,1
지방행정,0,1,1
二重言語學,0,1,1
동국어문학,0,1,1
民俗研究,0,1,1
The Korean Cultural Studies,0,1,1
중국어문논역총간,1,0,1
재무와회계정보저널,0,1,1
東アジアと日本：交流と変容,0,1,1
부인,0,1,1
语言科学,0,1,1
辭典編纂學硏究,0,1,1
윤미소,1,0,1
International Journal of Humanities and Arts Computing,0,1,1
The Heritage Language Journal,0,1,1
국립국어연구원,0,1,1
한국현대비평의 이념과 성격,0,1,1
외대논총,0,1,1
통일한국,0,1,1
東京成徳短期大学紀要,0,1,1
Research in the Teaching of English,0,1,1
언어문학연구,0,1,1
제주대학교 교육과학연구,1,0,1
세기 중국조선족문학사료전집,0,1,1
Information Retrieval,0,1,1
Korean Journal of Academic Information,0,1,1
기억과 전망,1,0,1
언어치료연구,0,1,1
譯學과 譯學書,0,1,1
브레히트와 현대연극,0,1,1
고산연구,0,1,1
박진욱,1,0,1
The Journal of the Institute for East Asian Studies Sogang University,0,1,1
비평과 이론,0,1,1
아동문학,0,1,1
일본비평,1,0,1
영토해양연구,1,0,1
중동유럽한국학회지,0,1,1
漢文大系,0,1,1
朝鮮文學 紹介と硏究,0,1,1
도시행정학보,0,1,1
김금수,1,0,1
문학과 창작,0,1,1
간호행정학회지,0,1,1
송봉운,1,0,1
문학과언어,0,1,1
디자인학연구,0,1,1
Eun Hui Bae,1,0,1
Transactions of the Philogogical Society,0,1,1
한국지능시스템학회 논문지,0,1,1
Journal of linguistic Anthropology,0,1,1
한국고전산문연구,0,1,1
隣語大方 解題ㆍ索引ㆍ原文,0,1,1
조남민,1,0,1
京都大学歴史文化社会論講座紀要,0,1,1
南川朴甲洙先生 華甲紀念論文集 國語學硏究,0,1,1
이주미,1,0,1
강원인문논총,0,1,1
Digital Humanities,0,1,1
정음,0,1,1
서우,0,1,1
김중섭,1,0,1
청대학술논총,0,1,1
홍익어문,0,1,1
생활미술,0,1,1
Chamjoeunchin’gu,0,1,1
内蒙古电大学刊,0,1,1
동학연구,0,1,1
김혜진,1,0,1
권경근,1,0,1
김대영,1,0,1
時調學論叢,0,1,1
교원교육,0,1,1
국회도서관보,0,1,1
國際交流硏究,0,1,1
韓國社會學,0,1,1
여성동아,0,1,1
內蒙古大學學報,0,1,1
현대미술연구소 논문집,0,1,1
저널리즘 비평,0,1,1
김상화,1,0,1
淵民學志,0,1,1
조서희,1,0,1
곽부모,1,0,1
문사철,0,1,1
陕西师范大学学报,0,1,1
Journal of Acosutic Society of America,0,1,1
현대성,1,0,1
조세연,1,0,1
김경연,1,0,1
최인자,1,0,1
Baedalmal,0,1,1
書誌學,0,1,1
内蒙古自治区北方文化研究院,0,1,1
畿甸語文學,0,1,1
Endocrinology and Metabolism,1,0,1
김경수,1,0,1
한국말교육,0,1,1
이정민,1,0,1
Discourse Process,0,1,1
응용지리,0,1,1
한국지구과학회지,0,1,1
美術史論壇,0,1,1
Gifted Child Quarterly,0,1,1
언론정보 연구,0,1,1
語言研究,0,1,1
한국과 국제정치,0,1,1
Journal of African Languages and Linguistics,0,1,1
이종혁,1,0,1
러시아소비에트문학,0,1,1
韓國文學論叢,0,1,1
HAN-GEUL,0,1,1
보호관찰,1,0,1
探索与争鸣,0,1,1
연극평론,0,1,1
北京第,0,1,1
명지대학교 개교,0,1,1
寶雞文理學院學報,0,1,1
김영한,1,0,1
김보현,1,0,1
人文硏究,0,1,1
영 레이디,0,1,1
Linguistica Pragensia,0,1,1
현대평론,0,1,1
한국미용학회지,0,1,1
閔泰植 博士 古稀記念 儒敎學論叢,0,1,1
JL,0,1,1
종교와 문화,0,1,1
여학생,0,1,1
Frontiers in Psychology,0,1,1
정경옥,1,0,1
홍연정,1,0,1
語文學硏究,0,1,1
예술과 현상학,0,1,1
東洋文化研究,0,1,1
조철우,1,0,1
Brain & Learning,0,1,1
한국국어교육연구회 논문집,0,1,1
한국어 형태소 및 어휘 사용 빈도의 분석,0,1,1
문예연구,0,1,1
한국불교사연구,1,0,1
우리미래춤학회연구논문집,0,1,1
Language and Linguistics Compass,0,1,1
신라학연구,0,1,1
한국교육문제연구,0,1,1
成大中文學報,0,1,1
Poetics,0,1,1
韓國國語敎育硏究會,0,1,1
Hanminjok Emunhak,0,1,1
韓國史學史學報,0,1,1
대한보건연구,1,0,1
비판,0,1,1
영화교육연구,0,1,1
청파문학,0,1,1
모산학보,0,1,1
김문주,1,0,1
Modernism/ Modernity,0,1,1
대한지리학회지,0,1,1
Journal of Germanic Linguistics,0,1,1
正音,0,1,1
도재학,1,0,1
최동주,1,0,1
고문화,0,1,1
Language in Society,0,1,1
홍영호,1,0,1
독일연구 - 역사·사회·문화,0,1,1
Psycholigial Review,0,1,1
청계사학,1,0,1
The Chin-Tan Hakbo,0,1,1
教育教学论坛,0,1,1
Le JOURNAL des Chercheurs,0,1,1
한국과 국제사회,1,0,1
마케팅논집,0,1,1
张璐璟,1,0,1
김태식,1,0,1
博文,0,1,1
이태상,1,0,1
신지영,1,0,1
한국소통학보,0,1,1
이금화,1,0,1
법조,0,1,1
靑山語文,0,1,1
최예진,1,0,1
이화진,1,0,1
서울국제법연구,0,1,1
言語와 言語學,0,1,1
인문학보,0,1,1
한국웰니스학회지,0,1,1
ELTJ,0,1,1
경희대 현대미술연구소 논문집,0,1,1
임혜원,1,0,1
민현식,1,0,1
Analysis,0,1,1
조형디자인연구,0,1,1
上海社會科學院學術季刊,0,1,1
한국교육문제연구소논문집,0,1,1
고혜정,1,0,1
동의대학교 새얼어문회집,0,1,1
명지 어문학,0,1,1
한국논단,0,1,1
中國廣播影視,0,1,1
뷔히너와 현대문학,0,1,1
在外韓人硏究,0,1,1
Journal of Integrated Design Research,0,1,1
Social Text,0,1,1
김윤희,1,0,1
竹筍,0,1,1
한국초등체육학회지,1,0,1
Scientific American,0,1,1
才智,0,1,1
한국기독교역사연구소소식,0,1,1
경기대학교대학원 논문집,0,1,1
聖心語文論叢,0,1,1
초등교육학연구,0,1,1
LSO Working Papers in Linguistics,0,1,1
이혜은,1,0,1
Dongseomunhwa,0,1,1
서울女子大學論文集,0,1,1
신학연구,0,1,1
데위 실비아 리아디나,1,0,1
김종회,1,0,1
리토피아,0,1,1
이유경,1,0,1
毅菴先生文集,0,1,1
韓國語敎育硏究,0,1,1
震檀 學報,0,1,1
신인수,1,0,1
금성,0,1,1
정지현,1,0,1
과학기술학연구,0,1,1
국민대학교 어문학연구소,0,1,1
現代外語,0,1,1
Harvard WOKL,0,1,1
史學雜誌,0,1,1
임영길,1,0,1
Heritage Language Journal,0,1,1
한국의 민속과 문화,0,1,1
韓國現代作家論,0,1,1
가뎡잡지,0,1,1
평생교육학연구,0,1,1
국어의 시대별 변천 연구,0,1,1
이주현,1,0,1
古小說 硏究,0,1,1
Topics in Cognitive Science,0,1,1
韓國詩歌硏究,0,1,1
실학연구,0,1,1
日本語と日本文學,0,1,1
中國語硏究,0,1,1
고전문학과교육,0,1,1
장혜진,1,0,1
박경은,1,0,1
朴好熙,1,0,1
Korean Journal of Information,0,1,1
고소설 연구,0,1,1
종교교육연구,0,1,1
브랜드디자인학연구,0,1,1
신의종,1,0,1
東京外国語大学論集,0,1,1
초등영어교육,0,1,1
명지대학교 논문집,0,1,1
조선어문연구,0,1,1
상담학연구,0,1,1
시민사회와 NGO,0,1,1
미술세계,0,1,1
新しい漢字漢文教育,0,1,1
지역문화연구,0,1,1
西江人文論叢,0,1,1
미국사연구,0,1,1
김은혜,1,0,1
이탈리아학,1,0,1
한국학대학원논문집,0,1,1
Review of General Psychology,0,1,1
韓國民族文化,0,1,1
언어 정보,0,1,1
한국동서정신과학회지,0,1,1
문화/과학,0,1,1
함태영,1,0,1
이석재,1,0,1
동국어문론집,0,1,1
문학논총,0,1,1
곽창,1,0,1
Journal of AI,0,1,1
Literature/Film Quarterly,0,1,1
한국어연구,0,1,1
순천향인문과학논총,0,1,1
Jouranl of Pragmatics,0,1,1
Eun-Yeong Shin,1,0,1
Liver Int,0,1,1
白民,0,1,1
Proceedings of the IEEE,0,1,1
조영혜,1,0,1
수학교육연구,0,1,1
Worri Literature Research,0,1,1
문학,0,1,1
성심어문론집,0,1,1
중앙문화,0,1,1
영미문학연구,1,0,1
初等敎育硏究,0,1,1
태학사,0,1,1
北東アジア文化研究,0,1,1
한경도,1,0,1
동아시아 문화와 사상,0,1,1
양혜정,1,0,1
주선,1,0,1
學林,0,1,1
한국외국어대논문집,0,1,1
사회비평,0,1,1
Romanica Olomucensia,0,1,1
박종배,1,0,1
Kritika Kultura,0,1,1
북한,0,1,1
Journal of Applied Social Psychology,0,1,1
조경순,1,0,1
동양사학연구,1,0,1
방송문화연구,1,0,1
Linguistic Society of America,0,1,1
문학과영상,0,1,1
新女性,0,1,1
고구려발해연구,0,1,1
논문집: 인문사회과학,0,1,1
이용,1,0,1
안기정,1,0,1
漢語學報,0,1,1
최정숙,1,0,1
全南史學,0,1,1
이관식,1,0,1
한국연극연구,0,1,1
月刊朝鮮,0,1,1
독서문화연구,0,1,1
교회와 역사,0,1,1
姜信沆敎授回甲紀念 國語學論文集,0,1,1
동아시아 문화연구 논집,0,1,1
방송과 우리말,0,1,1
批評文學,0,1,1
심재경,1,0,1
문창어문학회,0,1,1
Systems Computers Controls,0,1,1
현대정신분석,0,1,1
특수·영재교육저널,1,0,1
Journal of Social Issue,0,1,1
高句麗硏究,0,1,1
International Journal Learning,0,1,1
韓國文學硏究,0,1,1
동양정치사상사,0,1,1
예술연구,0,1,1
시대와철학,0,1,1
Brain and Language,0,1,1
신청년,0,1,1
Papers in Language Testing,0,1,1
华东师范大学学报：哲学社会科学版,0,1,1
한국근현대미술사학(구 한국근대미술사학),1,0,1
사회이론,0,1,1
어문교육논집,0,1,1
김소영,1,0,1
동아연구,0,1,1
Journal of Educational and Psychological Consultation,0,1,1
국어연구회,0,1,1
김용재,1,0,1
송인성,1,0,1
한국고전문학전집,0,1,1
문화정책논총,0,1,1
/ 한국불교전서,0,1,1
조사연구,0,1,1
외국어로서의 한국어교육-말,0,1,1
国文学,0,1,1
호남문화연구,0,1,1
민사법의 이론과 실무,0,1,1
김길동,1,0,1
Pattern Recognition,0,1,1
東洋文化,0,1,1
진우현,1,0,1
과학기술정책,0,1,1
전상욱,1,0,1
Journal of The Korean Data Analysis Society,0,1,1
기호흥학회월보,0,1,1
조윤정,1,0,1
總合政策論叢,0,1,1
유동환,1,0,1
牧園語文學,0,1,1
현대문학의연구,0,1,1
Linguistic Discovery,0,1,1
박진하,1,0,1
Languages Edu- cation,0,1,1
김지원,1,0,1
滿洲詩人集,0,1,1
심상민,1,0,1
강원법학,0,1,1
Proverbium,0,1,1
이래호,1,0,1
북방사논총,0,1,1
현대 비평과 이론 봄․여름,0,1,1
백영선,1,0,1
나윤주,1,0,1
방상호,1,0,1
조성은,1,0,1
早稲田日本語研究,0,1,1
현대批評과 理論,0,1,1
한국협동조합연구,0,1,1
송원찬,1,0,1
우암어문논집,0,1,1
韓國史市民講座,0,1,1
상품문화디자인학연구,0,1,1
語文學論集,0,1,1
한국과학사학회지,0,1,1
원광한문학,0,1,1
수시아,1,0,1
유석,1,0,1
이선윤,1,0,1
한국컴퓨터정보학회논문지,1,0,1
윤리 연구,0,1,1
The Transaction of the Asiatic Society of Japan,0,1,1
韓國民族語文學,0,1,1
음악교육공학,0,1,1
국문학과 문화,0,1,1
東京大学言語学論集,0,1,1
禪學(선학),1,0,1
차재은,1,0,1
한국인물사연구,0,1,1
상명대 논문집,0,1,1
Journal of Korean classical literature and education,0,1,1
김미지,1,0,1
전자공학회논문지,0,1,1
Text,0,1,1
황민아,1,0,1
創作과 批評,0,1,1
Journal of Foreign Languages,0,1,1
"Journal of Chinese Linguistics, Monograph Series",0,1,1
디아스포라연구,0,1,1
이영철,1,0,1
김양지,1,0,1
최선희,1,0,1
문화교류와 다문화교육,0,1,1
鄭日男,1,0,1
박향란,1,0,1
超域的日本文化研究,0,1,1
장향실,1,0,1
민족어문학회,0,1,1
ACTS 신학과 선교,0,1,1
방명애,1,0,1
Language Teaching,0,1,1
UCLA Working Papers in Phonetics,0,1,1
철학과 현상학 연구,0,1,1
조선학연구,0,1,1
우암사려,0,1,1
박용식,1,0,1
Journal of Verbal Learning & Verbal Behavior,0,1,1
Journal of Korean Language Education,0,1,1
문화영토연구,1,0,1
Journal of Semantics,0,1,1
월간북한,0,1,1
哈爾濱學院學報,0,1,1
언론연구논집,0,1,1
노지윤,1,0,1
인천교육대학교 논문집,0,1,1
어문학보,0,1,1
장가혜,1,0,1
Korean Culture,0,1,1
Journal of Applied Learning &Teaching,0,1,1
대진논총,0,1,1
국어사 자료 연구,0,1,1
Italian Journal of Linguistics,0,1,1
한국민족문화대백과사전,0,1,1
문학과 그 이해,0,1,1
초등교육연구논총,1,0,1
미디어 경제와 문화,1,0,1
한자연구,1,0,1
박미희,1,0,1
Cognition and Instruction,0,1,1
대조,0,1,1
교육논총,0,1,1
지푸름,1,0,1
THE JOURNAL OF LOCALITOLOGY,0,1,1
고혜원,1,0,1
靑春,0,1,1
방송공학회지,0,1,1
"of HSK,. de Gruyter",0,1,1
한국사 시민강좌,0,1,1
Tesol Quarterly,0,1,1
정연주,1,0,1
교육방법연구,0,1,1
SAI,0,1,1
CEO Information,0,1,1
아시아민족조형학보,0,1,1
Educational Studies in Mathematics,0,1,1
Andragogy Today: Interdisciplinary Journal of Adult & Continuing Education,0,1,1
서양음악학,0,1,1
BMJ,0,1,1
전패영,1,0,1
건국어문학,0,1,1
Revue de l' Association Française de Linguistique Cognitive,0,1,1
Asian Studies,0,1,1
상업교육연구,0,1,1
신영어영문학,0,1,1
한하림,1,0,1
한국차세대컴퓨팅학회 논문지,0,1,1
문화원형을 중심으로 한 스토리텔링 마스터 플랜,0,1,1
漳州師院學報,0,1,1
The Korean Review,0,1,1
김연숙,1,0,1
한국어 교육 연구,1,0,1
수사학,1,0,1
실천민속학연구,0,1,1
Bilingual- ism: language and cognition,0,1,1
문영은,1,0,1
페미니즘 연구,0,1,1
報徳学,0,1,1
김영규,1,0,1
Polyglossia,0,1,1
北岳史論,0,1,1
역사과학,0,1,1
檀山學志,0,1,1
최윤정,1,0,1
윤지원,1,0,1
이성주,1,0,1
원광법학,0,1,1
정보과학회지,0,1,1
Research in Higher Education,0,1,1
근대사조,0,1,1
黃帝醫學,0,1,1
Language Variation and Change,0,1,1
고객만족경영연구,0,1,1
啓明語文學,0,1,1
TESOL Quar- terly,0,1,1
도남학보,0,1,1
Culinary Science & Hospitality Research,1,0,1
한민족문학연구,0,1,1
도시인문학연구,1,0,1
Journal Of Marketing: AMA/MSI Special Issue,0,1,1
Asia Pacific Journal of Teaching and Learning,1,0,1
신학세계,0,1,1
亞細亞 硏究,0,1,1
관악어문硏究,0,1,1
왕영,1,0,1
신생,0,1,1
이은정,1,0,1
한국가정관리학지,0,1,1
교육철학,0,1,1
트랜스토리아,0,1,1
한래희,1,0,1
최형용,1,0,1
한국의 청소년문화,0,1,1
동방문화와 사상,1,0,1
김은경,1,0,1
드라마 논총,0,1,1
대한건축학회논문집,0,1,1
Cognitive Science,0,1,1
KISO Journal,0,1,1
내러티브,0,1,1
조정연,1,0,1
Journal of World Literature,0,1,1
동아한학연구,1,0,1
밀턴과 근세영문학,0,1,1
麗澤大學大學院言語敎育硏究科論集 <言語と文明>,0,1,1
한국고전문학작가론,0,1,1
Journal of English Language Teaching and Learning,0,1,1
국미진,1,0,1
세계의문학,0,1,1
조광,0,1,1
조현준,1,0,1
국어학연구,0,1,1
영어어문교육,0,1,1
자유문학,0,1,1
이찬규,1,0,1
박지수,1,0,1
천혜원,1,0,1
The Research of the Korean Classic,0,1,1
湖南文化硏究,0,1,1
한국지명연구,0,1,1
Korean J Obes,0,1,1
한일어학논총,0,1,1
退溪學,0,1,1
호길,1,0,1
진단학회,0,1,1
한국도서관정보학회지,0,1,1
김형태,1,0,1
System,0,1,1
the study of East Asian and Chinese studies,0,1,1
이화음악논집,1,0,1
교사교육연구,0,1,1
서울대 논문집,0,1,1
아시아교육연구,0,1,1
Grammar Research,0,1,1
글로컬 창의 문화연구,0,1,1
정회란,1,0,1
日語日文学研究,0,1,1
주양희,1,0,1
Journal of the Canadian Association of Applied Linguistics,0,1,1
