source,target
ART001329962,ART001236100
ART001329962,ART001254703
ART001329962,ART001282638
ART001329962,ART001307843
ART001357871,ART001235196
ART001380356,ART001329974
ART001380361,ART001254710
ART001380373,ART001329974
ART001380404,ART001330030
ART001380454,ART001330057
ART001409955,ART001282642
ART001409966,ART001329983
ART001434595,ART001409954
ART001434668,ART001308101
ART001459047,ART001409954
ART001459047,ART001434595
ART001459194,ART001236100
ART001459194,ART001254703
ART001459194,ART001282638
ART001459194,ART001307843
ART001459194,ART001329962
ART001485760,ART001409954
ART001485760,ART001434595
ART001485760,ART001459047
ART001485802,ART001238098
ART001485805,ART001330030
ART001485828,ART001410019
ART001511821,ART001254704
ART001511890,ART001380390
ART001511896,ART001307970
ART001567500,ART001254710
ART001567500,ART001434598
ART001567519,ART001409995
ART001567580,ART001330057
ART001567612,ART001542881
ART001592550,ART001380338
ART001592555,ART001357794
ART001592564,ART001409977
ART001592570,ART001459054
ART001617812,ART001236100
ART001617812,ART001254703
ART001617812,ART001282638
ART001617812,ART001307843
ART001617812,ART001329962
ART001617817,ART001254704
ART001617817,ART001511821
ART001618089,ART001485837
ART001676136,ART001617812
ART001676229,ART001434598
ART001676229,ART001567500
ART001676328,ART001592550
ART001701629,ART001236100
ART001701629,ART001254703
ART001701629,ART001282638
ART001701629,ART001307843
ART001701629,ART001329962
ART001701641,ART001307979
ART001701728,ART001567568
ART001701728,ART001567585
ART001701736,ART001330057
ART001726813,ART001567580
ART001726932,ART001459054
ART001726932,ART001592570
ART001757617,ART001592623
ART001757673,ART001485789
ART001757683,ART001380390
ART001757693,ART001542756
ART001785685,ART001511833
ART001785697,ART001308089
ART001785705,ART001252955
ART001785708,ART001434613
ART001841633,ART001511821
ART001841633,ART001617817
ART001841695,ART001459077
ART001866106,ART001701624
ART001866114,ART001357755
ART001866116,ART001757683
ART001866190,ART001237914
ART001890322,ART001567500
ART001890366,ART001357750
ART001918293,ART001236109
ART001918346,ART001785758
ART001918362,ART001330076
ART001943018,ART001617835
ART001943018,ART001701614
ART001976481,ART001459061
ART001976505,ART001592570
ART001976521,ART001726839
ART001976531,ART001254990
ART002006805,ART001380335
ART002006866,ART001757673
ART002006902,ART001329974
ART002006902,ART001380373
ART002007033,ART001567568
ART002007088,ART001701733
ART002007088,ART001757566
ART002035669,ART001252955
ART002035669,ART001785705
ART002035673,ART001811317
ART002035721,ART001785758
ART002035725,ART001592683
ART002064346,ART001511821
ART002064346,ART001841633
ART002064412,ART001357794
ART002095064,ART001511821
ART002095064,ART001841633
ART002095157,ART001976525
ART002095160,ART001918332
ART002122060,ART001618046
ART002122126,ART002007046
ART002151410,ART001943018
ART002151436,ART002006849
ART002151445,ART001757673
ART002151451,ART001890263
ART002181512,ART001649007
ART002181576,ART001757577
ART002210205,ART002006811
ART002210228,ART002095074
ART002210228,ART002095170
ART002210228,ART002151426
ART002239131,ART001380390
ART002239140,ART001434601
ART002239149,ART001976534
ART002267145,ART001726958
ART002267160,ART002151456
ART002267268,ART001701725
ART002267279,ART001592658
ART002296989,ART001841701
ART002296994,ART001649005
ART002297025,ART002239160
ART002297059,ART001459194
ART002331182,ART001866114
ART002331192,ART001409957
ART002331201,ART001254710
ART002331222,ART001726820
ART002360442,ART001976511
ART002360450,ART002095074
ART002360450,ART002210228
ART002360461,ART001329992
ART002360471,ART002006805
ART002388092,ART001329974
ART002388115,ART001485789
ART002388115,ART001757673
ART002388115,ART002151445
ART002388190,ART001890299
ART002420261,ART001236102
ART002420348,ART002122064
ART002424075,ART002122113
ART002424075,ART002267311
ART002451509,ART001238097
ART002451526,ART002210228
ART002451529,ART001617854
ART002451555,ART001618031
ART002477682,ART001409957
ART002506695,ART001757673
ART002506695,ART002151445
ART002506710,ART002064510
ART002506853,ART001701725
ART002507087,ART002420419
ART002543234,ART001255395
ART002543280,ART002331193
ART002543289,ART001701641
ART002543289,ART002388139
ART002572921,ART002331189
ART002572987,ART001785801
ART002600349,ART002360461
ART002600386,ART001542756
ART002600386,ART001757693
ART002600440,ART002006974
ART002629036,ART001434601
ART002665911,ART002477682
ART002665911,ART002506680
ART002666159,ART002507016
ART002666268,ART002361944
ART002666399,ART002506695
ART002666657,ART002477715
ART002700733,ART001330127
ART002700733,ART001866114
ART002700877,ART001237914
ART002700877,ART001459061
ART002700877,ART001976481
ART002733829,ART002210353
ART002733829,ART002360587
ART002733829,ART002629146
ART002733848,ART002296976
ART002733854,ART002122037
ART002733855,ART001567503
ART002733875,ART002543549
ART002759550,ART001542756
ART002759550,ART001757693
ART002759550,ART002600386
ART002790575,ART002210217
ART002790635,ART001459061
ART002790635,ART002701031
ART002790745,ART002297059
ART002790745,ART002388092
ART002790745,ART002733815
ART002790745,ART002733844
ART002825911,ART002151410
ART002853546,ART001890366
ART002853546,ART002331201
ART002915477,ART002733854
ART002945156,ART002915113
ART002945230,ART002733859
ART002973203,ART002853588
ART002973486,ART002915564
ART003000585,ART001238098
ART003000585,ART001485802
ART003028656,ART002451526
ART003028656,ART002477696
ART003029128,ART001485843
ART003029128,ART001542864
ART003062886,ART001890263
ART003062897,ART002035714
ART003062897,ART002945205
ART003090926,ART001890229
ART003119598,ART002973296
ART003119605,ART001307888
ART003119607,ART002973232
ART003119609,ART003029128
ART003149760,ART002095111
ART003150268,ART002451526
