name,sere_id,insi_id,article_count
어문연구(語文硏究),000452,INS000001435,1051
새국어교육,001209,INS000001366,1002
한국문학이론과 비평,000665,INS000001775,990
어문론집,SER000009652,INS000001380,985
한국사상과 문화,000697,INS000001764,978
우리문학연구,001473,INS000001720,958
한중인문학연구,000248,INS000001733,946
국제어문,000774,INS000001397,944
한국언어문학,000390,INS000001438,891
우리어문연구,001387,INS000001414,868
우리말글,001206,INS000001399,853
비평문학,001210,INS000001429,851
현대소설연구,000571,INS000001467,850
민족문학사연구,000519,INS000068291,840
동방한문학,000973,INS000001405,792
국어국문학 우수등재,000019,INS000001396,775
열상고전연구,001858,INS000001409,765
한민족문화연구,001650,INS000001575,752
한국어교육,000597,INS000001360,751
청람어문교육,001465,INS000000267,742
국어교육,000315,INS000000473,728
어문론총,001631,INS000000385,727
한민족어문학(구 영남어문학),001066,INS000001410,702
한국현대문학연구,001493,INS000001469,697
상허학보,000769,INS000001705,696
한국어학,000626,INS000001383,670
國語學 우수등재,000064,INS000001359,663
언어와 문화,SER000008906,INS000000478,656
한국문예비평연구,001096,INS000001544,651
한국문학논총,000592,INS000001424,645
현대문학의 연구,000952,INS000001457,642
한국언어문화,001057,INS000001709,631
한국시학연구,001014,INS000002001,610
국어교육학연구,001205,INS000001358,600
여성문학연구,001380,INS000001825,588
한말연구,001495,INS000001548,587
문학교육학,000342,INS000001756,586
한국한문학연구,000273,INS000001449,582
한국어 의미학,001001,INS000001827,581
대동한문학(大東漢文學),001498,INS000001400,555
Korea Journal,000482,INS000000006,554
韓國古典硏究,001831,INS000001829,551
국어교육연구,002038,INS000002312,548
반교어문연구,001785,INS000001404,531
영주어문,SER000010594,INS000002543,521
우리말연구,001207,INS000000234,499
독서연구,001476,INS000000354,496
한국문학연구,001857,INS000004500,492
어문논집,000917,INS000001972,491
언어사실과 관점,SER000003237,INS000004847,480
한글,000020,INS000001376,478
한국초등국어교육,001287,INS000000845,476
동악어문학,001999,INS000001402,464
작문연구,SER000010273,INS000002050,448
동양한문학연구,001663,INS000001406,445
구보학보,SER000003940,INS000002206,444
한문학논집(漢文學論集),SER000008636,INS000000091,441
외국어로서의 한국어교육,SER000010512,INS000002363,437
구비문학연구,000283,INS000001456,435
漢文學報,001598,INS000000235,432
The Review of Korean Studies,000775,INS000000006,426
고전과 해석,SER000010566,INS000002504,418
문법 교육,SER000010255,INS000002022,416
배달말,000768,INS000001363,410
漢文古典硏究,002001,INS000002097,409
漢文敎育論集,000655,INS000001448,405
漢字漢文敎育 구),001732,INS000000945,404
한국근대문학연구,001524,INS000000324,389
한국시가문화연구,001062,INS000001463,368
겨레어문학,001823,INS000000058,366
국어교육연구,001899,INS000003018,365
Journal of korean Culture,SER000002284,INS000004090,364
고전문학연구,000294,INS000001418,356
동남어문논집,SER000009671,INS000001401,352
한국시가연구,000454,INS000001465,349
고소설연구,000481,INS000001710,348
화법연구,002013,INS000001835,346
한국고전여성문학연구,001541,INS000001818,342
국문학연구,001747,INS000001834,339
방언학,SER000009639,INS000001367,337
판소리연구,001208,INS000001455,337
사이間SAI,SER000010352,INS000002101,325
우리말교육현장연구,SER000001820,INS000002294,297
한국어문교육,SER000003182,INS000009114,290
돈암어문학,SER000009928,INS000001694,282
구결연구,000709,INS000001379,276
국어사연구,SER000009780,INS000001553,268
국제한인문학연구,SER000008634,INS000000087,262
시조학논총,001211,INS000001434,261
춘원연구학보,SER000004486,INS000059306,241
한어문교육,SER000008904,INS000000477,240
지명학,SER000000674,INS000001702,219
어문연구,000503,INS000001408,160
한국한시연구,000619,INS000001450,156
한성어문학,SER000005633,INS000002470,140
국어문학,001819,INS000001453,138
어문학,000112,INS000001437,103
전남대 어문논총,SER000005161,INS000003180,102
개신어문연구,SER000009665,INS000001393,98
고전번역연구,SER000003547,INS000010254,82
이상리뷰,SER000005339,INS000059319,81
동아한학연구,SER000013234,INS000004085,53
백록어문교육,SER000009664,INS000001391,32
심훈학보,SER000006648,INS000079484,26
한국어와 문화,SER000014361,INS000004785,20
한자한문응용연구,SER000006379,INS000065287,15
경학,SER000005787,INS000066297,11
International Han-character Education Research,SER000005555,INS000065287,0
경상어문,SER000008611,INS000000060,0
국제한국어문화연구,SER000006271,INS000073366,0
김동명문학연구,SER000006037,INS000071231,0
디지털인문지식유산연구,SER000006766,INS000077489,0
옛한글문화연구,SER000006018,INS000070895,0
인문미래,SER000006240,INS000065214,0
한자와 한자교육,SER000006342,INS000065287,0
