학술지,대분류,중분류,피인용(받은_인용),참고문헌(한_인용),합계
國語學,인문학,한국어와문학,181,367,548
국어국문학,인문학,한국어와문학,70,238,308
한국어학,인문학,한국어와문학,65,191,256
한국어 의미학,인문학,한국어와문학,65,162,227
한글,인문학,한국어와문학,41,169,210
형태론,인문학,언어학,40,139,179
한국어교육,인문학,한국어와문학,27,138,165
어문학,인문학,한국어와문학,47,105,152
한국현대문학연구,인문학,한국어와문학,38,110,148
이중언어학,인문학,언어학,24,120,144
민족문학사연구,인문학,한국어와문학,22,112,134
어문론집,인문학,한국어와문학,79,49,128
구결연구,인문학,한국어와문학,28,94,122
한국언어문학,인문학,한국어와문학,40,79,119
국제어문,인문학,한국어와문학,46,71,117
국어교육,기타,기타,12,103,115
고소설연구,인문학,한국어와문학,38,75,113
국어교육연구,인문학,한국어와문학,30,83,113
한말연구,인문학,한국어와문학,64,46,110
언어학,인문학,언어학,38,70,108
우리말글,인문학,한국어와문학,41,67,108
국어사연구,인문학,한국어와문학,56,48,104
우리어문연구,인문학,한국어와문학,31,72,103
현대소설연구,인문학,한국어와문학,20,82,102
한국문학이론과 비평,인문학,한국어와문학,27,74,101
새국어교육,인문학,한국어와문학,26,74,100
반교어문연구,인문학,한국어와문학,39,60,99
어문논집,인문학,한국어와문학,10,82,92
한국문화,인문학,기타인문학,15,76,91
한국시가연구,인문학,한국어와문학,42,49,91
고전문학연구,인문학,한국어와문학,21,67,88
상허학보,인문학,한국어와문학,15,73,88
배달말,인문학,한국어와문학,22,63,85
국문학연구,인문학,한국어와문학,51,33,84
한국학연구,인문학,기타인문학,34,47,81
국어교육학연구,인문학,한국어와문학,19,61,80
한국시학연구,인문학,한국어와문학,26,53,79
진단학보,인문학,역사학,9,70,79
韓國古典硏究,인문학,한국어와문학,42,36,78
현대문학의 연구,인문학,한국어와문학,23,52,75
대동문화연구,인문학,기타인문학,13,61,74
한국근대문학연구,인문학,한국어와문학,14,58,72
한국고전여성문학연구,인문학,한국어와문학,18,53,71
漢字漢文敎育,인문학,한국어와문학,15,55,70
우리문학연구,인문학,한국어와문학,35,35,70
언어,인문학,언어학,13,57,70
한민족문화연구,인문학,한국어와문학,22,45,67
인문논총,기타,기타,19,46,65
한국한문학연구,인문학,한국어와문학,18,46,64
구보학보,인문학,한국어와문학,21,41,62
우리말연구,인문학,한국어와문학,26,36,62
여성문학연구,인문학,한국어와문학,14,47,61
漢文敎育論集,인문학,한국어와문학,6,55,61
비평문학,인문학,한국어와문학,21,40,61
열상고전연구,인문학,한국어와문학,17,43,60
한중인문학연구,인문학,한국어와문학,27,33,60
외국어로서의 한국어교육,인문학,한국어와문학,20,40,60
어학연구,인문학,언어학,6,51,57
동방한문학,인문학,한국어와문학,14,43,57
민족문화연구,인문학,기타인문학,19,36,55
현대문학이론연구,인문학,문학,19,36,55
방언학,인문학,한국어와문학,33,20,53
어문론총,기타,기타,21,32,53
언어와 정보 사회,인문학,언어학,35,18,53
동방학지,인문학,기타인문학,5,48,53
작문연구,인문학,한국어와문학,7,44,51
인문학연구,인문학,기타인문학,18,32,50
문학교육학,인문학,한국어와문학,15,35,50
언어사실과 관점,인문학,한국어와문학,27,23,50
한민족어문학,인문학,한국어와문학,0,50,50
한국문예비평연구,인문학,한국어와문학,17,32,49
한국문학논총,인문학,한국어와문학,14,35,49
국어문학,인문학,한국어와문학,24,25,49
한국문학연구,인문학,한국어와문학,6,42,48
동악어문학,인문학,한국어와문학,23,25,48
문화와융합,복합학,학제간연구,40,7,47
청람어문교육,인문학,한국어와문학,15,31,46
한국언어문화,인문학,한국어와문학,12,34,46
언어와 문화,인문학,한국어와문학,17,29,46
고전문학과 교육,인문학,문학,13,31,44
학습자중심교과교육연구,사회과학,교육학,31,12,43
인문과학연구,인문학,기타인문학,22,21,43
동양고전연구,인문학,기타인문학,22,20,42
판소리연구,인문학,한국어와문학,10,32,42
한국어 교육,인문학,한국어와문학,0,41,41
텍스트언어학,인문학,언어학,8,33,41
담화와 인지,인문학,언어학,12,29,41
한국언어문화학,사회과학,교육학,14,25,39
한국학논집,인문학,기타인문학,18,21,39
문법 교육,인문학,한국어와문학,24,15,39
고전과 해석,인문학,한국어와문학,19,19,38
영주어문,인문학,한국어와문학,27,11,38
화법연구,인문학,한국어와문학,13,25,38
언어과학연구,인문학,언어학,10,26,36
동남어문논집,인문학,한국어와문학,20,15,35
이화어문논집,인문학,문학,13,21,34
교양교육연구,복합학,학제간연구,19,14,33
리터러시 연구,사회과학,교육학,25,8,33
한국극예술연구,예술체육학,기타예술체육,10,22,32
Journal of korean Culture,인문학,한국어와문학,19,13,32
藏書閣,인문학,역사학,14,18,32
한민족어문학(구 영남어문학),인문학,한국어와문학,31,0,31
한국어문교육,기타,기타,15,16,31
대중서사연구,복합학,학제간연구,11,20,31
동양학,인문학,기타인문학,3,28,31
대동한문학,인문학,한국어와문학,0,30,30
온지논총,인문학,기타인문학,15,15,30
한국사전학,인문학,사전학,14,16,30
겨레어문학,인문학,한국어와문학,11,18,29
서강인문논총,인문학,기타인문학,13,16,29
한국민족문화,인문학,기타인문학,16,13,29
춘원연구학보,인문학,한국어와문학,22,6,28
문학치료연구,인문학,문학,18,10,28
구비문학연구,인문학,한국어와문학,8,20,28
지명학,인문학,한국어와문학,14,14,28
독서연구,인문학,한국어와문학,6,22,28
돈암어문학,인문학,한국어와문학,9,18,27
사회언어학,인문학,언어학,8,19,27
현대문법연구,인문학,영어와문학,9,17,26
비교문화연구,인문학,문학,12,13,25
서지학연구,복합학,문헌정보학,12,13,25
한국문화연구,인문학,기타인문학,5,19,24
한국학,인문학,기타인문학,11,13,24
한국학보,기타,기타,0,24,24
역사비평,인문학,역사학,1,22,23
인문과학,기타,기타,4,19,23
생성문법연구,인문학,언어학,13,10,23
漢文學報,인문학,한국어와문학,6,17,23
동양한문학연구,인문학,한국어와문학,10,13,23
시학과 언어학,인문학,기타인문학,4,19,23
漢文古典硏究,인문학,한국어와문학,9,14,23
동아시아고대학,인문학,기타인문학,14,8,22
언어연구,인문학,언어학,5,17,22
시조학논총,인문학,한국어와문학,4,18,22
사이間SAI,인문학,한국어와문학,6,15,21
규장각,인문학,기타인문학,4,16,20
인문연구,기타,기타,9,11,20
인문사회 21,사회과학,기타사회과학,20,0,20
한국한시연구,인문학,한국어와문학,6,13,19
한국초등국어교육,인문학,한국어와문학,3,16,19
중국어문학논집,인문학,중국어와문학,6,13,19
일어일문학연구,인문학,일본어와문학,2,17,19
코기토,인문학,기타인문학,10,9,19
열린정신 인문학 연구,인문학,기타인문학,12,6,18
한국문학과 예술,복합학,감성과학,11,7,18
비교한국학 Comparative Korean Studies,인문학,기타인문학,11,7,18
언어학 연구,인문학,언어학,13,5,18
동아시아문화연구,인문학,기타인문학,7,11,18
동방학,인문학,기타인문학,6,11,17
비교문학,인문학,기타인문학,3,14,17
개신어문연구,인문학,한국어와문학,2,15,17
한어문교육,인문학,한국어와문학,9,8,17
한국사상과 문화,인문학,한국어와문학,4,13,17
한국문예창작,인문학,문학,5,11,16
Foreign Languages Education,인문학,언어학,0,16,16
언어와언어학,인문학,언어학,8,8,16
한국시가문화연구,인문학,한국어와문학,13,2,15
일본학보,인문학,일본어와문학,3,12,15
국제한인문학연구,인문학,한국어와문학,6,9,15
아동청소년문학연구,인문학,문학,7,7,14
日本語文學,인문학,일본어와문학,2,12,14
영남학,인문학,유교학,7,7,14
日本語敎育,인문학,일본어와문학,8,5,13
국학연구,인문학,기타인문학,6,7,13
대동한문학(大東漢文學),인문학,한국어와문학,13,0,13
일본문화연구,인문학,일본어와문학,1,12,13
일본연구,인문학,일본어와문학,6,7,13
한문학논집(漢文學論集),인문학,한국어와문학,13,0,13
동북아 문화연구,복합학,학제간연구,4,9,13
한국언론학보,사회과학,신문방송학,1,11,12
중국언어연구,인문학,중국어와문학,10,2,12
한문학논집,인문학,한국어와문학,0,12,12
동아인문학,인문학,기타인문학,6,6,12
한성어문학,인문학,한국어와문학,7,5,12
민족문화,기타,기타,2,10,12
개념과 소통,인문학,역사학,6,6,12
언어과학,인문학,언어학,4,8,12
민족문화논총,기타,기타,3,8,11
南冥學硏究,인문학,철학,5,6,11
중국어문논총,인문학,중국어와문학,5,6,11
석당논총,인문학,기타인문학,4,7,11
한국민속학,인문학,역사학,0,11,11
국학연구론총,인문학,기타인문학,2,9,11
한국근현대사연구,인문학,역사학,1,10,11
서울학연구,인문학,기타인문학,1,10,11
중국소설논총,인문학,중국어와문학,3,8,11
사고와표현,사회과학,교육학,5,6,11
외국문학연구,인문학,문학,2,8,10
동아문화,기타,기타,0,10,10
문학과 종교,인문학,기타인문학,4,6,10
인문사회과학연구,사회과학,사회과학일반,8,2,10
아시아문화연구,기타,기타,4,6,10
철학논총,인문학,철학,2,8,10
독도연구,인문학,역사학,6,4,10
교양학 연구,사회과학,교육학,9,1,10
인문언어,인문학,기타인문학,4,6,10
용봉인문논총,인문학,기타인문학,8,2,10
언어학연구,인문학,언어학,1,9,10
기호학 연구,인문학,언어학,5,5,10
유학연구,인문학,철학,4,5,9
역사학보,인문학,역사학,3,6,9
교육문화연구,사회과학,교육학,3,6,9
통일인문학,인문학,기타인문학,3,6,9
영화연구,예술체육학,영화,1,8,9
인문과학연구논총,인문학,기타인문학,3,6,9
근대서지,복합학,문헌정보학,1,8,9
사림,인문학,역사학,4,4,8
한국어문화교육,사회과학,교육학,2,6,8
일어일문학,인문학,일본어와문학,2,6,8
철학∙사상∙문화,인문학,기타인문학,3,5,8
우리말교육현장연구,인문학,한국어와문학,3,5,8
문학과 영상,인문학,문학,4,4,8
문화역사지리,사회과학,지리학,2,6,8
연민학지,인문학,기타인문학,3,5,8
아세아연구,사회과학,지역학,2,6,8
숭실어문,기타,기타,0,8,8
포은학연구,인문학,기타인문학,4,4,8
역사문화연구,인문학,역사학,3,5,8
한국교육사학,사회과학,교육학,2,6,8
중어중문학,인문학,중국어와문학,4,4,8
한국실학연구,인문학,역사학,2,6,8
한국아동문학연구,인문학,문학,3,5,8
역사와 현실,인문학,역사학,2,6,8
외국어교육연구,기타,기타,3,5,8
중국어문학지,인문학,중국어와문학,1,6,7
다문화콘텐츠연구,사회과학,사회과학일반,2,5,7
한국민요학,복합학,학제간연구,2,5,7
아시아여성연구,복합학,여성학,3,4,7
한국민족운동사연구,인문학,역사학,1,6,7
철학과 현실,인문학,철학,0,7,7
일본언어문화,인문학,일본어와문학,4,3,7
국제언어문학,인문학,기타동양어문학,4,3,7
공연문화연구,예술체육학,예술일반,3,4,7
한국무속학,인문학,역사학,1,6,7
동서철학연구,인문학,철학,1,6,7
사회와역사,사회과학,사회학,0,7,7
세계문학비교연구,인문학,문학,2,5,7
중국학논총,인문학,중국어와문학,3,4,7
어문학논총,기타,기타,0,7,7
비교민속학,인문학,역사학,0,7,7
유아특수교육연구,사회과학,교육학,2,5,7
서지학보,복합학,문헌정보학,0,7,7
인문콘텐츠,인문학,기타인문학,2,5,7
문학과환경,인문학,문학,5,2,7
순천향 인문과학논총,인문학,기타인문학,2,5,7
韓國史學報,인문학,역사학,0,6,6
人文學硏究,인문학,기타인문학,2,4,6
중국학연구,기타,기타,3,3,6
중국문학연구,인문학,중국어와문학,2,4,6
불어불문학연구,인문학,프랑스어와문학,1,5,6
日本文化學報,인문학,일본어와문학,2,4,6
동광,사회과학,사회복지학,0,6,6
인문과학논집,기타,기타,0,6,6
중국문학,인문학,중국어와문학,2,4,6
인문과학논총,기타,기타,0,6,6
동양철학연구,인문학,철학,1,5,6
교회사연구,인문학,가톨릭신학,4,2,6
교육사학연구,사회과학,교육학,1,5,6
한국사회학,사회과학,사회학,0,6,6
숭실사학,인문학,역사학,3,3,6
음성음운형태론연구,인문학,언어학,1,5,6
전남대 어문논총,인문학,한국어와문학,4,2,6
한국출판학연구,사회과학,신문방송학,2,4,6
한국여성학,복합학,여성학,0,6,6
Korean Language Education,인문학,한국어와문학,0,6,6
日本學硏究,인문학,일본어와문학,0,6,6
현대유럽철학연구,인문학,철학,1,5,6
어린이문학교육연구,사회과학,교육학,2,4,6
한국사연구,인문학,역사학,0,6,6
시대와 철학,인문학,철학,1,5,6
글로컬 어문학 문화 연구,인문학,기타인문학,6,0,6
한국연극학,예술체육학,연극,2,4,6
사회와 역사,사회과학,사회학,0,5,5
프랑스학연구,인문학,프랑스어와문학,1,4,5
어문학연구,기타,기타,0,5,5
만주연구,사회과학,지역학,2,3,5
한국학논총,인문학,역사학,2,3,5
독일어문학,인문학,독일어와문학,0,5,5
비교일본학,인문학,일본어와문학,3,2,5
한국독립운동사연구,인문학,역사학,0,5,5
니체연구,인문학,철학,0,5,5
한국사상사학,인문학,역사학,1,4,5
조선시대사학보,인문학,역사학,3,2,5
응용언어학,인문학,언어학,0,5,5
퇴계학논총,인문학,기타인문학,4,1,5
중등교육연구,사회과학,교육학,1,4,5
역사와경계,인문학,역사학,2,3,5
이상리뷰,인문학,한국어와문학,5,0,5
중국학,인문학,중국어와문학,3,2,5
여성학논집,복합학,여성학,1,4,5
영어영문학연구,인문학,영어와문학,0,5,5
語文論叢,기타,기타,0,5,5
언어와 정보,인문학,언어학,0,5,5
철학연구,인문학,철학,0,5,5
다문화교육연구,사회과학,교육학,1,4,5
한국정치외교사논총,사회과학,정치외교학,2,3,5
알타이학보,인문학,기타인문학,0,5,5
남도문화연구,인문학,기타인문학,0,5,5
한국동양정치사상사연구,사회과학,정치외교학,0,5,5
중국어문학,인문학,중국어와문학,0,5,5
한국문화기술,인문학,문학,4,1,5
역사문제연구,인문학,역사학,0,5,5
한중언어문화연구,인문학,중국어와문학,5,0,5
통번역교육연구,인문학,통역번역학,4,1,5
말소리,복합학,학제간연구,0,5,5
역사연구,인문학,역사학,2,3,5
日本思想,인문학,철학,2,3,5
일본어학연구,인문학,일본어와문학,3,2,5
범한철학,인문학,철학,0,4,4
서울과 역사,인문학,역사학,1,3,4
한국프랑스학논집,인문학,프랑스어와문학,1,3,4
현대영화연구,예술체육학,영화,2,2,4
교육학연구,기타,기타,0,4,4
한국언론정보학보,사회과학,신문방송학,0,4,4
철학,인문학,철학,0,4,4
번역학연구,인문학,통역번역학,2,2,4
일본어문학,인문학,일본어와문학,3,1,4
기초조형학연구,예술체육학,예술일반,0,4,4
강원문화연구,인문학,기타인문학,0,4,4
민족무용,기타,기타,0,4,4
종교연구,인문학,종교학,0,4,4
인지과학,복합학,인지과학,0,4,4
건지인문학,인문학,기타인문학,3,1,4
신학전망,인문학,가톨릭신학,0,4,4
독어독문학,인문학,독일어와문학,1,3,4
특수교육저널:이론과 실천,사회과학,교육학,1,3,4
동화와 번역,인문학,문학,0,4,4
이화사학연구,기타,기타,2,2,4
영상예술연구,예술체육학,기타예술체육,0,4,4
사회와 이론,사회과학,사회학,0,4,4
중국인문과학,인문학,중국어와문학,2,2,4
우리말 연구,인문학,한국어와문학,0,4,4
신라문화,인문학,역사학,0,4,4
철학논집,인문학,철학,0,4,4
민속연구,인문학,역사학,0,4,4
인문학 연구,인문학,기타인문학,0,4,4
연구보고서,사회과학,사회과학일반,0,4,4
韓日民族問題硏究,복합학,학제간연구,1,3,4
Linguistics,인문학,언어학,0,4,4
현상과 인식,복합학,학제간연구,0,4,4
역사학연구,인문학,역사학,1,3,4
지방사와 지방문화,인문학,역사학,0,4,4
중국연구,인문학,중국어와문학,3,1,4
동북아역사논총,인문학,역사학,1,3,4
중국문화연구,인문학,중국어와문학,1,3,4
동양문화연구,인문학,기타인문학,2,2,4
대순사상논총,인문학,종교학,0,4,4
국어사 연구,인문학,한국어와문학,0,4,4
한국초등교육,사회과학,교육학,3,1,4
동서비교문학저널,인문학,문학,0,4,4
독어교육,인문학,독일어와문학,0,4,4
언론과학연구,사회과학,신문방송학,0,4,4
역사민속학,인문학,역사학,0,4,4
동서인문학,인문학,기타인문학,4,0,4
특수교육연구,사회과학,교육학,0,4,4
다문화와 평화,복합학,학제간연구,0,4,4
Korean Linguistics,기타,기타,0,3,3
Journal of Korean Medical Science,의약학,의학일반,0,3,3
시민인문학,인문학,기타인문학,3,0,3
한국도서관·정보학회지,복합학,문헌정보학,2,1,3
특수교육,사회과학,교육학,1,2,3
인간연구,인문학,철학,0,3,3
한국어의미학,인문학,한국어와문학,0,3,3
칸트연구,인문학,철학,0,3,3
고전과해석,인문학,한국어와문학,0,3,3
국어교과교육연구,기타,기타,0,3,3
한국기독교와 역사,인문학,기독교신학,0,3,3
서예학연구,예술체육학,미술,2,1,3
국어 국문학,인문학,한국어와문학,0,3,3
씨네포럼,예술체육학,영화,2,1,3
Language Research,인문학,언어학,0,3,3
우리말 글,인문학,한국어와문학,0,3,3
동양음악(구 민족음악학),예술체육학,음악학,3,0,3
언론정보연구,사회과학,신문방송학,0,3,3
지역과 역사,인문학,역사학,1,2,3
다문화사회연구,사회과학,사회과학일반,2,1,3
문화와 융합,복합학,학제간연구,0,3,3
지식과 교양,복합학,학제간연구,3,0,3
교육과학연구,기타,기타,1,2,3
한국어와 문화,인문학,한국어와문학,0,3,3
한남어문학,인문학,기타인문학,0,3,3
특수교육재활과학연구,사회과학,기타사회과학,2,1,3
동학학보,인문학,역사학,1,2,3
영어교육연구,인문학,영어와문학,1,2,3
교과 교육 연구,사회과학,교육학,0,3,3
대구사학,인문학,역사학,0,3,3
교육과정평가연구,사회과학,교육학,1,2,3
언론과 사회,사회과학,신문방송학,0,3,3
드라마연구,예술체육학,연극,3,0,3
『도서문화』,인문학,기타인문학,2,1,3
프랑스어문교육,인문학,프랑스어와문학,1,2,3
충청문화연구,기타,기타,0,3,3
교육과정연구,사회과학,교육학,0,3,3
청소년학연구,사회과학,기타사회과학,0,3,3
한국철학논집,인문학,철학,1,2,3
교육공학연구,사회과학,교육학,0,3,3
러시아어문학연구논집,인문학,러시아어와문학,0,3,3
경제사학,사회과학,경제학,0,3,3
페미니즘연구,복합학,여성학,0,3,3
한국심리학회지: 인지 및 생물,사회과학,심리과학,0,3,3
법학연구,사회과학,법학,2,1,3
남도민속연구,인문학,역사학,1,2,3
Journal of Korean Culture,인문학,한국어와문학,0,3,3
공존의 인간학,인문학,기타인문학,3,0,3
대동철학,인문학,철학,0,3,3
동양예술,예술체육학,미술,2,1,3
철학사상,기타,기타,0,3,3
특수교육학연구,사회과학,교육학,1,2,3
Comparative Korean Studies,인문학,기타인문학,0,3,3
정서·행동장애연구,사회과학,교육학,1,2,3
미술사연구,예술체육학,미술,1,2,3
영어교과교육,인문학,영어와문학,0,3,3
글로벌문화콘텐츠,인문학,기타인문학,2,1,3
전북사학,인문학,역사학,2,1,3
음악과 현실,예술체육학,음악학,2,1,3
국제정치논총,사회과학,정치외교학,0,3,3
텍스트 언어학,인문학,언어학,0,3,3
미학예술학연구,예술체육학,기타예술체육,0,3,3
사학연구,인문학,역사학,0,3,3
헤겔연구,인문학,철학,0,3,3
문법교육,인문학,한국어와문학,0,3,3
민족연구,사회과학,기타사회과학,1,2,3
한국콘텐츠학회 논문지,복합학,학제간연구,0,3,3
영어영문학,인문학,영어와문학,0,3,3
Journal of Korean Linguistics,인문학,한국어와문학,0,3,3
만화애니메이션연구,예술체육학,예술일반,1,2,3
융합인문학,복합학,학제간연구,1,2,3
탈경계인문학Trans-Humanities,인문학,기타인문학,2,0,2
한국콘텐츠학회논문지,복합학,학제간연구,0,2,2
민주주의와 인권,사회과학,사회과학일반,0,2,2
한국음악연구,예술체육학,음악학,0,2,2
한양어문연구,기타,기타,0,2,2
사회과학연구,사회과학,사회과학일반,1,1,2
서양사연구,인문학,역사학,0,2,2
시학과언어학,인문학,기타인문학,0,2,2
행동분석ㆍ지원연구,사회과학,교육학,2,0,2
말소리와 음성과학,복합학,학제간연구,0,2,2
한국불교학,인문학,종교학,1,1,2
양명학,인문학,철학,1,1,2
독어학,인문학,독일어와문학,1,1,2
교육연구,사회과학,교육학,0,2,2
교육사상연구,사회과학,교육학,0,2,2
저스티스,사회과학,법학,0,2,2
한국문화연구원논총,기타,기타,0,2,2
경제와 사회,사회과학,사회학,0,2,2
영상문화콘텐츠연구,예술체육학,예술일반,0,2,2
중국현대문학,인문학,중국어와문학,0,2,2
유교사상문화연구,인문학,유교학,1,1,2
슬라브硏究,사회과학,지역학,2,0,2
로고스경영연구,사회과학,경영학,0,2,2
역사와 경계,인문학,역사학,0,2,2
신학과 교회,인문학,기독교신학,0,2,2
노어노문학,기타,기타,2,0,2
국제한국어교육,사회과학,교육학,0,2,2
국제문화연구,인문학,기타인문학,2,0,2
언어와 언어학,인문학,언어학,0,2,2
백산학보,인문학,역사학,0,2,2
가족과 커뮤니티,인문학,기타인문학,2,0,2
로컬리티 인문학,인문학,기타인문학,0,2,2
태동고전연구,인문학,기타인문학,0,2,2
사회와역사(구 한국사회사학회논문집),사회과학,사회학,2,0,2
사회와 철학,인문학,철학,0,2,2
다산학,인문학,유교학,2,0,2
한국말글학,기타,기타,0,2,2
커뮤니케이션디자인학연구,예술체육학,디자인,0,2,2
민족사상,기타,기타,1,1,2
한국고지도연구,사회과학,지리학,2,0,2
열린교육연구,사회과학,교육학,0,2,2
음악논단,예술체육학,음악학,2,0,2
장신논단,인문학,기독교신학,0,2,2
중국근현대사연구,인문학,역사학,1,1,2
人文科學硏究,인문학,기타인문학,1,1,2
신학논단,인문학,기독교신학,0,2,2
International Language and Literature,인문학,기타동양어문학,0,2,2
경주사학,인문학,기타인문학,0,2,2
향토문학연구,기타,기타,0,2,2
교육원리연구,사회과학,교육학,0,2,2
교육평가연구,사회과학,교육학,0,2,2
중국학보,인문학,중국어와문학,1,1,2
한국시문학,기타,기타,0,2,2
KOREAN LITERATURE EDUCATION RESEARCH,인문학,한국어와문학,0,2,2
초등도덕교육,사회과학,교육학,1,1,2
아태연구,사회과학,사회과학일반,0,2,2
선사와 고대,인문학,역사학,1,1,2
Korean Language,인문학,한국어와문학,0,2,2
신학사상,인문학,기독교신학,0,2,2
불교학보,인문학,불교학,0,2,2
누리와 말씀,기타,기타,0,2,2
한국문헌정보학회지,복합학,문헌정보학,0,2,2
한국예술연구,예술체육학,예술일반,1,1,2
경영사연구,사회과학,사회과학일반,0,2,2
중국소설연구회보,기타,기타,0,2,2
중소연구,기타,기타,1,1,2
특수아동교육연구,사회과학,교육학,0,2,2
역사와교육,인문학,역사학,0,2,2
한국방송학보,사회과학,신문방송학,0,2,2
동아시아 문화연구,인문학,기타인문학,0,2,2
음악과 문화,예술체육학,음악학,2,0,2
동국사학,인문학,역사학,0,2,2
미술사학,예술체육학,미술,0,2,2
연구논문집,기타,기타,0,2,2
제임스조이스저널,인문학,영어와문학,1,1,2
한국고대사연구,인문학,역사학,0,2,2
한국근현대미술사학,예술체육학,미술,0,2,2
English Language and Linguistics,인문학,영어와문학,0,2,2
커뮤니케이션학 연구,복합학,학제간연구,0,2,2
통역과 번역,인문학,통역번역학,2,0,2
남북문화예술연구,예술체육학,예술일반,0,2,2
공간과 사회,사회과학,지리학,0,2,2
여성과 역사,인문학,역사학,2,0,2
古文書硏究,인문학,역사학,0,2,2
유아교육연구,기타,기타,0,2,2
기독교와 문화,인문학,기타인문학,1,1,2
드라마 연구,예술체육학,연극,0,2,2
판소리 연구,인문학,한국어와문학,0,2,2
동서인문,인문학,기타인문학,2,0,2
한국교원교육연구,사회과학,교육학,0,2,2
횡단인문학,인문학,기타인문학,1,1,2
교과교육학연구,사회과학,교육학,0,2,2
역사와 실학,인문학,역사학,1,1,2
실천민속학 연구,인문학,역사학,1,1,2
史叢(사총),인문학,역사학,2,0,2
미래유아교육학회지,사회과학,교육학,1,1,2
미술사학보,예술체육학,미술,1,1,2
仙道文化,인문학,철학,1,1,2
한국정보기술학회논문지,공학,공학일반,0,2,2
일본역사연구,인문학,역사학,0,2,2
일본어교육연구,인문학,일본어와문학,1,1,2
Seoul Journal of Korean Studies,사회과학,지역학,1,1,2
日本學(일본학),인문학,기타인문학,2,0,2
아시아연구,인문학,역사학,1,1,2
역사와현실,인문학,역사학,0,2,2
문예미학,기타,기타,0,2,2
미술사학연구,예술체육학,미술,0,2,2
고고학,인문학,역사학,2,0,2
서양미술사학회 논문집,예술체육학,미술,0,2,2
율곡학연구,인문학,기타인문학,1,1,2
의철학연구,인문학,철학,0,2,2
인문학논총,인문학,기타인문학,0,2,2
슬라브어 연구,인문학,러시아어와문학,1,1,2
동남아시아연구,사회과학,지역학,0,2,2
외국어교육,사회과학,교육학,0,2,2
고전번역연구,인문학,한국어와문학,1,1,2
카프카 연구,인문학,독일어와문학,0,2,2
Korean Journal of Health Promotion,자연과학,기타자연과학,2,0,2
괴테연구,인문학,독일어와문학,0,2,2
인간.환경.미래,인문학,철학,0,2,2
비평과이론,인문학,영어와문학,0,2,2
담화와인지,인문학,언어학,0,2,2
러시아연구,인문학,러시아어와문학,0,2,2
조형미디어학,예술체육학,미술,0,2,2
헤세연구,인문학,독일어와문학,0,2,2
Acta Koreana,인문학,기타인문학,2,0,2
한국심리학회지:여성,사회과학,심리과학,0,2,2
역사교육,인문학,역사학,1,1,2
프랑스 문화 연구,인문학,프랑스어와문학,1,1,2
호남학,인문학,기타인문학,2,0,2
한일관계사연구,인문학,역사학,1,1,2
해양정책연구,농수해양학,해상운송학,1,1,2
국가정책연구,사회과학,정책학,0,1,1
Journal of English Linguistics,인문학,언어학,0,1,1
서양음악학,예술체육학,음악학,0,1,1
국어 교육 연구,인문학,한국어와문학,0,1,1
文湖,기타,기타,0,1,1
독일언어문학,인문학,독일어와문학,1,0,1
Language research,인문학,언어학,0,1,1
전자공학회논문지,공학,전자/정보통신공학,0,1,1
Cross-Cultural Studies,인문학,문학,0,1,1
노인복지연구,사회과학,사회복지학,0,1,1
비교교육연구,사회과학,교육학,0,1,1
가톨릭철학,인문학,철학,0,1,1
한자연구,인문학,중국어와문학,1,0,1
형사정책연구,사회과학,법학,0,1,1
원광법학,사회과학,법학,0,1,1
Journal of Korean Language Education,인문학,한국어와문학,0,1,1
대한지리학회지,사회과학,지리학,0,1,1
인간발달연구,사회과학,기타사회과학,0,1,1
직업교육연구,사회과학,교육학,0,1,1
中國散文硏究集刊,인문학,중국어와문학,0,1,1
마케팅논집,사회과학,경영학,0,1,1
새한영어영문학,인문학,영어와문학,0,1,1
인문과 예술,인문학,기타인문학,0,1,1
동학연구,인문학,기타인문학,0,1,1
영미연구,복합학,학제간연구,0,1,1
한국행정사학지,사회과학,행정학,1,0,1
퇴계학보,인문학,유교학,0,1,1
디아스포라연구,사회과학,사회과학일반,0,1,1
美術史論壇,예술체육학,미술,0,1,1
한국어 교육 연구,사회과학,교육학,1,0,1
철학탐구,인문학,철학,1,0,1
한국근현대미술사학(구 한국근대미술사학),예술체육학,미술,1,0,1
방정환연구,인문학,철학,1,0,1
전통문화연구,기타,기타,0,1,1
스토리앤이미지텔링,인문학,기타인문학,0,1,1
한국 언어문학,인문학,한국어와문학,0,1,1
한국문화인류학,인문학,역사학,1,0,1
상품문화디자인학연구,예술체육학,디자인,0,1,1
교육연구와 실천,사회과학,교육학,0,1,1
사총,기타,기타,0,1,1
간호행정학회지,의약학,간호학,0,1,1
한국과학사학회지,복합학,과학기술학,0,1,1
한국불교사연구,인문학,불교학,1,0,1
한국엔터테인먼트산업학회논문지,복합학,학제간연구,0,1,1
동아한학연구,인문학,한국어와문학,1,0,1
신라학연구,인문학,역사학,0,1,1
시대와철학,인문학,철학,0,1,1
한국협동조합연구,사회과학,농업경제학,0,1,1
안과밖:영미문학연구,인문학,영어와문학,0,1,1
언어치료연구,사회과학,교육학,0,1,1
대한정치학회보,사회과학,사회과학일반,0,1,1
재외한인연구,인문학,기타인문학,0,1,1
정보과학회 컴퓨팅의 실제 논문지,공학,컴퓨터학,0,1,1
브랜드디자인학연구,예술체육학,디자인,0,1,1
한국항만경제학회지,농수해양학,해상운송학,0,1,1
글짜씨,예술체육학,디자인,0,1,1
경쟁법연구,사회과학,법학,0,1,1
과학과 문화,기타,기타,0,1,1
다문화사회와 교육연구,인문학,기타인문학,1,0,1
Journal of Integrated Design Research,예술체육학,디자인,0,1,1
디자인학연구,예술체육학,디자인,0,1,1
정보관리학회지,복합학,문헌정보학,0,1,1
재산법연구,사회과학,법학,0,1,1
인도철학,인문학,철학,0,1,1
Korea Journal,인문학,한국어와문학,1,0,1
학생생활연구,사회과학,교육학,0,1,1
신학연구,인문학,기독교신학,0,1,1
역사와 융합,인문학,기타인문학,1,0,1
청람사학,인문학,역사학,0,1,1
한국교육문제연구,사회과학,교육학,0,1,1
미국소설,인문학,영어와문학,0,1,1
아세아 연구,사회과학,지역학,0,1,1
고구려발해연구,인문학,역사학,0,1,1
아시아문화,기타,기타,0,1,1
지중해지역연구,복합학,학제간연구,0,1,1
English Language Teaching,인문학,영어와문학,0,1,1
일본비평,사회과학,지역학,1,0,1
문학과영상,인문학,문학,0,1,1
현대정신분석,인문학,기타인문학,0,1,1
사이버커뮤니케이션학보,사회과학,사회과학일반,0,1,1
Hanminjok Emunhak,인문학,한국어와문학,0,1,1
영화교육연구,예술체육학,영화,0,1,1
영어어문교육,인문학,영어와문학,0,1,1
교육심리연구,사회과학,교육학,0,1,1
아시아교육연구,사회과학,교육학,0,1,1
커뮤니케이션과학,기타,기타,0,1,1
열린유아교육연구,사회과학,교육학,0,1,1
초등수학교육,사회과학,교육학,0,1,1
조사연구,사회과학,사회학,0,1,1
Brain & Learning,사회과학,교육학,0,1,1
Korean Journal of Clinical Psychology,사회과학,심리과학,0,1,1
동아시아 고대학,인문학,기타인문학,0,1,1
정보과학회지,공학,컴퓨터학,0,1,1
픽션과 논픽션,인문학,문학,1,0,1
美學,인문학,철학,0,1,1
도남학보,기타,기타,0,1,1
교양교육과 시민,사회과학,교육학,1,0,1
사학지,인문학,역사학,0,1,1
탐라문화,인문학,기타인문학,1,0,1
통번역학연구,인문학,통역번역학,1,0,1
사회이론,사회과학,사회학,0,1,1
차세대 인문사회연구,사회과학,사회과학일반,1,0,1
감성연구,인문학,기타인문학,0,1,1
동아연구,사회과학,지역학,0,1,1
내러티브,기타,기타,0,1,1
The Chin-Tan Society,인문학,역사학,0,1,1
예술과 과학기술,복합학,감성과학,0,1,1
교육철학,사회과학,교육학,0,1,1
정치사상연구,사회과학,정치외교학,0,1,1
우계학보,인문학,철학,0,1,1
역사와 세계,인문학,역사학,0,1,1
제임스조이스 저널,인문학,영어와문학,0,1,1
한국소통학보,사회과학,신문방송학,0,1,1
서양고대사연구,인문학,역사학,0,1,1
한국정치학회보,사회과학,정치외교학,0,1,1
교회사학,기타,기타,0,1,1
문화교류와 다문화교육,복합학,감성과학,0,1,1
이화음악논집,예술체육학,음악학,1,0,1
서울국제법연구,사회과학,법학,0,1,1
인문사회연구,인문학,기타인문학,0,1,1
청계사학,인문학,기타인문학,1,0,1
보호관찰,사회과학,법학,1,0,1
슬라브학보,인문학,러시아어와문학,0,1,1
한국디자인포럼,예술체육학,디자인,0,1,1
독일현대문학,인문학,독일어와문학,0,1,1
독일연구 - 역사·사회·문화,인문학,역사학,0,1,1
한국과 세계,복합학,학제간연구,1,0,1
조형디자인연구,예술체육학,미술,0,1,1
교사교육연구,사회과학,교육학,0,1,1
대학교양교육연구,사회과학,교육학,1,0,1
비교사법,사회과학,법학,0,1,1
수사학,인문학,기타인문학,1,0,1
한국지구과학회지,자연과학,지구과학,0,1,1
역량개발학습연구,사회과학,교육학,0,1,1
Asia Pacific Journal of Teaching and Learning,사회과학,교육학,1,0,1
비평과 이론,인문학,영어와문학,0,1,1
실천민속학연구,인문학,역사학,0,1,1
동방문화와 사상,인문학,철학,1,0,1
한국가족관계학회지,사회과학,사회과학일반,0,1,1
강원법학,사회과학,법학,0,1,1
THE JOURNAL OF LOCALITOLOGY,인문학,기타인문학,0,1,1
영어권문화연구,인문학,영어와문학,0,1,1
현대 영미어문학,인문학,영어와문학,0,1,1
예술인문사회 융합 멀티미디어 논문지,복합학,학제간연구,0,1,1
러시아학,인문학,러시아어와문학,1,0,1
한국산학기술학회논문지,공학,공학일반,0,1,1
언어정보,인문학,언어학,0,1,1
세계 역사와 문화 연구,인문학,역사학,1,0,1
중국어문논역총간,인문학,중국어와문학,1,0,1
특수·영재교육저널,사회과학,교육학,1,0,1
종교와 문화,인문학,종교학,0,1,1
동양철학,인문학,철학,0,1,1
가톨릭신학과 사상,인문학,가톨릭신학,0,1,1
헤리티지:역사와 과학,인문학,역사학,1,0,1
한국지리환경교육학회지,사회과학,지리학,0,1,1
경희법학,사회과학,법학,0,1,1
한국색채학회논문집,예술체육학,미술,0,1,1
고궁문화,예술체육학,미술,1,0,1
한국전통문화연구,복합학,학제간연구,0,1,1
한국음악사학보,예술체육학,음악학,0,1,1
북한학연구,사회과학,지역학,1,0,1
농업교육과 인적자원개발,사회과학,교육학,0,1,1
인권과 정의,사회과학,법학,0,1,1
교회와 법,인문학,가톨릭신학,1,0,1
서양사론,인문학,역사학,0,1,1
독서치료연구,복합학,학제간연구,1,0,1
한국정책과학학회보,사회과학,정책학,0,1,1
복식,자연과학,생활과학,0,1,1
고소설 연구,인문학,한국어와문학,0,1,1
중국어교육과 연구,인문학,중국어와문학,1,0,1
Culinary Science & Hospitality Research,사회과학,기타사회과학,1,0,1
기억과 전망,사회과학,사회학,1,0,1
PR연구,사회과학,신문방송학,0,1,1
불교학연구,인문학,불교학,0,1,1
서울대학교 법학,사회과학,법학,0,1,1
한국지능시스템학회 논문지,공학,전기공학,0,1,1
과학기술학연구,복합학,과학기술학,0,1,1
시민사회와 NGO,사회과학,사회과학일반,0,1,1
한국사회복지조사연구,사회과학,사회복지학,0,1,1
국토지리학회지,사회과학,지리학,0,1,1
Endocrinology and Metabolism,의약학,내과학,1,0,1
동양사학연구,인문학,역사학,1,0,1
지역문화연구,기타,기타,0,1,1
평생교육학연구,사회과학,교육학,0,1,1
현대사회와 다문화,사회과학,사회과학일반,0,1,1
한국과 국제정치,사회과학,정치외교학,0,1,1
한국초등체육학회지,예술체육학,체육,1,0,1
실천공학교육논문지,복합학,과학기술학,1,0,1
시민과 세계,사회과학,사회과학일반,0,1,1
산업과 경영,사회과학,경영학,0,1,1
초등교육연구논총,사회과학,교육학,1,0,1
방송문화연구,사회과학,신문방송학,1,0,1
언론정보 연구,사회과학,신문방송학,0,1,1
현대 영미시 연구,인문학,영어와문학,0,1,1
한양어문,기타,기타,0,1,1
정보화연구,복합학,과학기술학,0,1,1
문화와 사회,사회과학,사회학,0,1,1
문화와 정치,사회과학,정치외교학,0,1,1
음악교육공학,예술체육학,음악학,0,1,1
프랑스사 연구,인문학,역사학,0,1,1
한국아프리카 학회지,복합학,학제간연구,0,1,1
한국 근대문학연구,인문학,한국어와문학,0,1,1
The Review of Korean Studies,인문학,한국어와문학,1,0,1
페미니즘 연구,복합학,여성학,0,1,1
성균관법학,사회과학,법학,0,1,1
동유럽발칸학,복합학,학제간연구,0,1,1
글로컬 창의 문화연구,인문학,인문학,0,1,1
명청사연구,인문학,역사학,1,0,1
한국공안행정학회보,사회과학,행정학,0,1,1
Yonsei Medical Journal,의약학,의학일반,0,1,1
고문화,인문학,역사학,0,1,1
한국웰니스학회지,복합학,학제간연구,0,1,1
대한보건연구,의약학,예방의학,1,0,1
영토해양연구,인문학,역사학,1,0,1
동서문화,기타,기타,0,1,1
상담학연구,기타,기타,0,1,1
한국 예이츠 저널,인문학,영어와문학,1,0,1
매지논총,기타,기타,0,1,1
한국인물사연구,인문학,역사학,0,1,1
미디어 경제와 문화,사회과학,신문방송학,1,0,1
한국여성교양학회지,기타,기타,0,1,1
현대문학의연구,인문학,한국어와문학,0,1,1
한국산업정보학회논문지,공학,공학일반,0,1,1
Journal of International and Area Studies,사회과학,정치외교학,0,1,1
백제연구,인문학,역사학,0,1,1
영어교육,인문학,영어와문학,0,1,1
영상문화,복합학,학제간연구,0,1,1
고전문학과교육,인문학,문학,0,1,1
Korean 연구와 교육,기타,기타,0,1,1
민사법의 이론과 실무,사회과학,법학,0,1,1
영미문학연구,인문학,영어와문학,1,0,1
특수교육저널: 이론과 실천,사회과학,교육학,0,1,1
라틴아메리카연구,사회과학,지역학,0,1,1
교육논총,기타,기타,0,1,1
미술자료,예술체육학,미술,0,1,1
한국차세대컴퓨팅학회 논문지,공학,컴퓨터학,0,1,1
북한연구학회보,사회과학,정치외교학,0,1,1
한국심리학회지: 상담 및 심리치료,사회과학,심리과학,0,1,1
토지법학,사회과학,법학,0,1,1
한국조경학회지,농수해양학,조경학,1,0,1
법조,사회과학,법학,0,1,1
미국사연구,인문학,역사학,0,1,1
번역비평,기타,기타,0,1,1
영산신학저널,인문학,기독교신학,1,0,1
아시아영화연구,예술체육학,영화,1,0,1
"미디어, 젠더 & 문화",사회과학,신문방송학,0,1,1
청소년문화포럼,사회과학,사회복지학,0,1,1
The Journal of Asian Studies,사회과학,지역학,0,1,1
교원교육,사회과학,교육학,0,1,1
한국과 국제사회,복합학,학제간연구,1,0,1
일본학연보,기타,기타,0,1,1
고객만족경영연구,사회과학,경영학,0,1,1
當代韓國,기타,기타,0,1,1
한국여성철학,인문학,철학,0,1,1
Linguistic Research,인문학,언어학,0,1,1
제주대학교 교육과학연구,사회과학,교육학,1,0,1
이탈리아학,복합학,인지과학,1,0,1
신학과 사회,인문학,기타인문학,1,0,1
연세의사학,인문학,역사학,0,1,1
병원경영학회지,사회과학,경영학,0,1,1
禪學(선학),인문학,불교학,1,0,1
유아교육학논집,사회과학,교육학,0,1,1
예술교육연구,예술체육학,예술일반,1,0,1
Korean Journal of Family Medicine,의약학,가정의학,0,1,1
孔子學,인문학,유교학,1,0,1
The Korean Cultural Studies,인문학,기타인문학,0,1,1
한중관계연구,사회과학,지역학,1,0,1
한국미용학회지,예술체육학,미용,0,1,1
Journal of The Korean Data Analysis Society,자연과학,통계학,0,1,1
교육혁신연구,사회과학,교육학,1,0,1
초등교육연구,사회과학,교육학,0,1,1
인공지능인문학연구,인문학,기타인문학,0,1,1
건축 도시환경연구,기타,기타,0,1,1
디지털콘텐츠학회논문지,공학,컴퓨터학,0,1,1
언어 정보,인문학,언어학,0,1,1
기호학연구,인문학,언어학,0,1,1
젠더와 문화,복합학,여성학,0,1,1
세계정치,사회과학,정치외교학,0,1,1
교육철학연구,사회과학,교육학,1,0,1
도시인문학연구,인문학,기타인문학,1,0,1
韓國史學史學報,인문학,역사학,0,1,1
아시아민족조형학보,인문학,역사학,0,1,1
부동산연구,사회과학,법학,0,1,1
도시행정학보,사회과학,행정학,0,1,1
브레히트와 현대연극,인문학,독일어와문학,0,1,1
한국유아교육연구,사회과학,교육학,0,1,1
문화영토연구,인문학,기타인문학,1,0,1
신영어영문학,인문학,영어와문학,0,1,1
한국종교사연구,기타,기타,0,1,1
한국교육논단,사회과학,교육학,0,1,1
한국컴퓨터정보학회논문지,공학,컴퓨터학,1,0,1
문명연지,기타,기타,0,1,1
회생법학,사회과학,법학,0,1,1
안동어문학,기타,기타,0,1,1
禪文化硏究,인문학,불교학,1,0,1
윤리교육연구,사회과학,교육학,1,0,1
Andragogy Today: Interdisciplinary Journal of Adult & Continuing Education,사회과학,교육학,0,1,1
국제고려학회 서울지회 논문집,기타,기타,0,1,1
The Research of the Korean Classic,인문학,한국어와문학,0,1,1
역사와 담론,인문학,역사학,1,0,1
복음과 학문,기타,기타,0,1,1
초등영어교육,인문학,영어와문학,0,1,1
교육방법연구,사회과학,교육학,0,1,1
대한건축학회논문집,공학,건축공학,0,1,1
문화정책논총,사회과학,정책학,0,1,1
역사교육연구,인문학,역사학,0,1,1
한국학 연구,인문학,기타인문학,0,1,1
현대영어영문학,인문학,영어와문학,0,1,1
순천향인문과학논총,인문학,기타인문학,0,1,1
재무와회계정보저널,사회과학,회계학,0,1,1
열린정신 인문학연구,인문학,기타인문학,0,1,1
