학술지,sere_id,논문수,분과상호작용,중_한국어와문학,중_언어학,중_역사학,중_교육학,중_사회학,중_철학,중_문학,대_인문학,대_사회과학,대_복합학,대_예술체육학,분야밖%,인문학밖%
어문연구(語文硏究),000452,1051,11833,59.2,7.8,3.4,2.4,0.3,1.0,2.3,87.4,4.6,2.3,1.2,40.8,12.6
새국어교육,001209,1002,14187,54.6,6.9,0.8,14.6,0.1,0.5,1.6,69.6,17.4,3.7,0.9,45.4,30.4
한국문학이론과 비평,000665,990,9617,51.8,0.8,3.5,2.3,0.8,1.7,7.0,80.4,6.8,5.1,4.0,48.2,19.6
어문론집,SER000009652,985,11970,50.2,7.7,3.0,5.8,0.4,0.8,2.7,77.8,9.8,5.5,1.6,49.8,22.2
한국사상과 문화,000697,978,6141,17.0,0.4,18.6,4.4,0.6,8.8,1.0,71.2,12.9,3.7,5.1,83.0,28.8
우리문학연구,001473,958,10366,54.6,0.3,4.4,1.7,0.7,1.2,5.1,82.7,5.9,4.4,2.7,45.4,17.3
한중인문학연구,000248,946,6554,40.1,4.8,6.3,3.1,0.8,1.8,3.4,81.4,8.4,3.7,1.4,59.9,18.6
국제어문,000774,944,11160,51.1,4.5,3.7,4.2,0.4,1.0,4.0,80.0,8.0,5.1,2.1,48.9,20.0
한국언어문학,000390,891,8687,56.5,6.4,3.6,3.8,0.4,0.8,3.8,84.4,6.4,3.1,1.2,43.5,15.6
우리어문연구,001387,868,10966,55.4,5.0,3.1,4.7,0.4,0.7,3.2,81.3,7.4,4.6,1.9,44.6,18.7
우리말글,001206,853,9971,56.9,6.9,2.5,4.2,0.4,1.0,3.3,82.5,6.9,3.6,1.0,43.1,17.5
비평문학,001210,851,7054,53.3,0.3,2.2,2.3,0.7,1.7,8.0,82.3,6.5,4.5,1.9,46.7,17.7
현대소설연구,000571,850,8991,55.7,0.3,4.2,1.0,1.0,0.9,6.2,83.3,6.3,5.1,0.9,44.3,16.7
민족문학사연구,000519,840,9708,53.6,0.2,8.3,0.4,1.1,1.0,3.0,85.5,5.5,3.1,2.0,46.4,14.5
동방한문학,000973,792,5740,46.4,0.2,10.0,1.1,0.1,5.2,0.9,89.2,2.4,2.0,1.4,53.6,10.8
국어국문학,000019,775,10489,56.8,5.9,3.9,2.2,0.4,1.2,2.7,84.4,4.6,3.2,1.9,43.2,15.6
열상고전연구,001858,765,6472,45.5,0.3,10.6,0.6,0.1,1.6,2.5,85.3,3.9,4.3,1.9,54.5,14.7
한민족문화연구,001650,752,7879,47.6,3.5,4.5,3.0,0.9,1.3,3.1,77.4,8.9,4.9,3.5,52.4,22.6
한국어교육,000597,751,10591,42.6,19.9,0.3,14.1,0.1,0.1,0.8,71.5,17.9,5.2,0.4,57.4,28.5
청람어문교육,001465,742,10017,53.5,2.7,0.5,18.4,0.2,0.8,2.3,64.6,21.0,3.3,1.0,46.5,35.4
국어교육,000315,728,10850,63.5,5.3,0.4,13.2,0.1,0.7,1.9,76.6,16.5,2.6,0.7,36.5,23.4
어문론총,001631,727,7297,55.6,5.7,4.4,1.7,0.5,1.1,2.7,86.0,4.5,3.1,2.0,44.4,14.0
한민족어문학(구 영남어문학),001066,702,8110,52.8,5.4,4.1,3.7,0.2,1.5,3.1,82.2,6.4,3.7,1.7,47.2,17.8
한국현대문학연구,001493,697,8837,57.3,0.2,4.5,0.6,1.2,1.6,4.7,84.9,4.9,3.2,2.6,42.7,15.1
상허학보,000769,696,8980,50.6,0.2,8.0,0.6,2.1,0.6,3.2,82.2,7.4,3.6,3.1,49.4,17.8
한국어학,000626,670,10513,55.4,20.1,1.2,2.5,0.0,0.1,0.6,88.5,4.1,2.3,0.3,44.6,11.5
國語學,000064,663,12132,55.4,22.4,2.7,0.7,0.1,0.1,0.6,92.7,1.5,1.2,0.1,44.6,7.3
언어와 문화,SER000008906,656,8637,44.5,15.8,0.7,11.8,0.2,0.3,1.1,72.4,16.9,5.4,0.5,55.5,27.6
한국문예비평연구,001096,651,5879,50.8,0.5,3.2,1.8,0.7,1.7,6.7,78.9,7.1,5.4,4.2,49.2,21.1
한국문학논총,000592,645,6768,50.1,0.2,6.0,1.4,1.0,1.7,5.5,81.8,6.2,4.1,2.9,49.9,18.2
현대문학의 연구,000952,642,7548,53.2,0.3,5.8,1.7,1.6,1.2,4.0,81.7,7.0,4.5,3.3,46.8,18.3
한국언어문화,001057,631,6477,43.5,6.3,3.8,4.4,0.4,1.3,3.9,75.3,9.6,4.9,4.5,56.5,24.7
한국시학연구,001014,610,6056,63.5,0.3,1.8,0.7,0.6,1.5,5.1,88.6,2.8,3.0,0.9,36.5,11.4
국어교육학연구,001205,600,9526,52.6,4.1,0.4,18.7,0.1,0.4,1.4,62.7,21.7,2.7,0.7,47.4,37.3
여성문학연구,001380,588,6462,47.9,0.2,6.3,1.0,2.0,1.3,4.4,76.5,8.9,8.7,2.8,52.1,23.5
한말연구,001495,587,8479,55.9,16.0,1.2,3.8,0.2,0.3,0.6,83.1,6.9,3.5,0.5,44.1,16.9
문학교육학,000342,586,7679,52.7,0.5,1.2,8.6,0.3,1.2,9.5,73.8,11.8,3.0,1.6,47.3,26.2
한국한문학연구,000273,582,6923,45.6,0.0,11.6,0.4,0.3,3.1,0.8,89.2,2.5,2.1,2.0,54.4,10.8
한국어 의미학,001001,581,9234,51.2,22.8,0.6,2.8,0.0,0.4,0.5,87.5,4.9,1.7,0.6,48.8,12.5
대동한문학(大東漢文學),001498,555,4704,44.3,0.1,12.0,1.1,0.1,3.8,0.6,88.9,2.1,2.2,1.3,55.7,11.1
Korea Journal,000482,554,2715,12.1,0.1,18.2,1.4,6.0,2.1,1.0,51.1,33.3,6.3,3.8,87.9,48.9
韓國古典硏究,001831,551,7330,55.4,0.6,6.4,1.4,0.3,1.2,5.4,87.1,3.7,2.9,1.3,44.6,12.9
국어교육연구,002038,548,7467,55.2,6.0,1.2,10.0,0.2,1.0,3.1,73.8,12.5,3.1,1.3,44.8,26.2
반교어문연구,001785,531,6965,55.8,5.0,4.1,4.4,0.5,0.6,2.5,82.2,7.8,4.4,1.4,44.2,17.8
영주어문,SER000010594,521,4980,51.6,6.7,4.6,3.6,0.4,1.0,3.1,81.9,7.3,3.9,1.8,48.4,18.1
우리말연구,001207,499,6464,52.3,14.4,1.2,6.7,0.2,0.3,0.6,79.9,10.5,3.5,0.5,47.7,20.1
독서연구,001476,496,6684,49.0,1.9,0.5,18.6,0.1,0.8,1.8,58.2,23.4,6.7,0.8,51.0,41.8
한국문학연구,001857,492,5929,49.2,0.2,8.9,0.7,1.4,0.9,3.6,82.0,6.1,4.2,3.7,50.8,18.0
어문논집,000917,491,5989,55.6,5.1,4.4,3.2,0.3,0.8,2.7,84.4,5.5,3.4,2.0,44.4,15.6
언어사실과 관점,SER000003237,480,5101,52.4,14.4,0.8,6.9,0.2,0.2,0.5,80.3,10.3,3.6,0.4,47.6,19.7
한글,000020,478,6521,52.9,18.2,1.9,3.8,0.1,0.0,0.5,85.0,6.4,2.3,0.2,47.1,15.0
한국초등국어교육,001287,476,5697,52.4,1.9,0.5,23.2,0.1,0.5,1.7,59.4,26.4,2.0,1.2,47.6,40.6
동악어문학,001999,464,5874,49.3,3.8,5.9,3.2,0.7,1.2,2.0,81.3,7.9,4.5,2.2,50.7,18.7
작문연구,SER000010273,448,7513,48.0,2.9,0.3,21.0,0.1,0.9,1.5,58.9,23.2,7.6,0.5,52.0,41.1
동양한문학연구,001663,445,3866,41.7,0.1,14.3,1.0,0.4,5.2,0.5,88.3,3.1,1.9,1.2,58.3,11.7
구보학보,SER000003940,444,4551,54.5,0.2,5.3,0.5,1.5,1.2,4.3,81.6,5.5,5.7,2.9,45.5,18.4
한문학논집(漢文學論集),SER000008636,441,4150,48.7,0.2,11.3,1.0,0.1,2.9,0.9,88.3,2.2,1.9,2.2,51.3,11.7
외국어로서의 한국어교육,SER000010512,437,6331,44.4,16.3,0.4,13.4,0.3,0.1,0.9,71.5,17.3,5.3,0.6,55.6,28.5
구비문학연구,000283,435,5158,38.5,1.4,16.4,1.7,0.4,1.2,8.3,82.4,5.4,4.6,3.4,61.5,17.6
漢文學報,001598,432,3775,50.5,0.1,11.0,0.4,0.0,4.2,0.7,89.9,1.6,1.7,1.4,49.5,10.1
The Review of Korean Studies,000775,426,2009,12.9,0.2,28.4,1.7,1.5,1.3,0.5,63.2,15.1,4.1,14.3,87.1,36.8
고전과 해석,SER000010566,418,6406,59.4,0.4,6.8,0.4,0.1,1.4,3.1,91.2,1.7,2.0,1.1,40.6,8.8
문법 교육,SER000010255,416,6764,63.2,11.0,0.6,6.2,0.0,0.1,0.4,80.5,7.6,1.6,0.3,36.8,19.5
배달말,000768,410,5093,56.3,7.4,3.0,4.3,0.3,1.2,2.5,82.9,6.8,3.9,1.5,43.7,17.1
漢文古典硏究,002001,409,2801,47.7,0.1,9.8,3.2,0.1,5.0,0.6,86.2,5.1,2.6,1.5,52.3,13.8
漢文敎育論集,000655,405,2936,66.3,0.7,2.5,6.0,0.0,2.0,0.7,84.8,7.0,1.8,1.4,33.7,15.2
漢字漢文敎育,001732,404,2003,61.2,1.5,2.4,10.9,0.0,1.3,0.3,78.9,13.0,1.7,1.8,38.8,21.1
한국근대문학연구,001524,389,5150,60.4,0.2,3.7,0.7,0.8,1.1,4.9,85.7,4.4,3.6,2.7,39.6,14.3
한국시가문화연구,001062,368,3053,59.4,0.1,5.8,1.0,0.1,1.1,2.2,87.9,2.3,3.1,1.2,40.6,12.1
겨레어문학,001823,366,4357,51.3,5.7,3.0,3.1,0.4,0.8,8.3,81.3,7.3,4.0,2.8,48.7,18.7
국어교육연구,001899,365,5673,54.0,7.4,0.7,12.4,0.2,0.9,2.0,71.3,15.2,2.8,0.8,46.0,28.7
Journal of korean Culture,SER000002284,364,3689,51.1,6.0,5.1,5.2,0.6,0.8,2.5,80.2,8.8,3.9,2.5,48.9,19.8
고전문학연구,000294,356,5171,56.8,0.4,8.1,0.5,0.1,1.3,3.7,89.8,2.1,2.1,1.5,43.2,10.2
동남어문논집,SER000009671,352,3211,51.0,6.8,5.0,4.0,0.5,1.5,2.6,80.8,6.9,5.8,0.7,49.0,19.2
한국시가연구,000454,349,4511,60.2,0.2,4.9,0.2,0.1,0.9,3.3,87.0,1.2,2.6,3.2,39.8,13.0
고소설연구,000481,348,5510,61.1,0.1,4.5,0.5,0.2,0.9,5.0,90.5,2.5,1.8,0.7,38.9,9.5
화법연구,002013,346,4219,45.3,8.8,0.1,13.3,0.3,0.6,0.7,63.0,22.4,4.9,0.8,54.7,37.0
한국고전여성문학연구,001541,342,5276,54.8,0.6,8.2,0.5,0.8,1.5,3.9,86.9,3.5,4.1,1.6,45.2,13.1
국문학연구,001747,339,6866,62.2,0.1,7.2,0.4,0.2,1.6,3.2,90.2,1.7,2.7,1.3,37.8,9.8
방언학,SER000009639,337,3508,55.9,15.1,5.4,0.5,0.0,0.0,0.4,88.9,1.9,2.4,0.1,44.1,11.1
판소리연구,001208,337,2905,42.9,0.3,11.0,0.6,0.1,0.4,4.2,73.9,2.4,3.1,15.7,57.1,26.1
사이間SAI,SER000010352,325,3469,37.6,0.1,11.8,0.4,3.6,1.0,2.8,75.2,12.5,4.6,3.6,62.4,24.8
우리말교육현장연구,SER000001820,297,3439,55.0,4.6,0.6,14.3,0.1,1.1,3.8,69.5,17.4,3.8,0.6,45.0,30.5
한국어문교육,SER000003182,290,4091,52.8,4.3,1.1,16.6,0.2,1.1,3.0,69.7,19.0,4.3,0.9,47.2,30.3
돈암어문학,SER000009928,282,2964,50.6,3.7,3.8,4.7,0.5,1.1,4.7,79.6,8.4,5.6,2.1,49.4,20.4
구결연구,000709,276,2450,57.6,5.4,10.0,0.1,0.0,0.0,0.1,92.3,0.4,3.2,0.3,42.4,7.7
국어사연구,SER000009780,268,4637,56.7,7.6,6.7,0.6,0.0,0.1,0.3,90.5,1.3,2.0,0.5,43.3,9.5
국제한인문학연구,SER000008634,262,2075,48.9,0.4,3.5,1.9,0.9,1.8,6.5,79.8,8.9,5.0,1.8,51.1,20.2
시조학논총,001211,261,2267,61.8,0.4,2.5,1.4,0.3,1.1,4.8,84.7,3.0,3.3,3.6,38.2,15.3
춘원연구학보,SER000004486,241,2122,56.0,0.6,6.3,0.8,0.9,1.1,3.3,85.0,6.7,3.5,0.9,44.0,15.0
한어문교육,SER000008904,240,2106,53.8,5.0,1.9,5.9,0.6,1.6,4.4,76.2,10.8,4.2,2.4,46.2,23.8
지명학,SER000000674,219,1719,47.4,1.7,13.1,0.1,0.0,0.5,0.3,78.1,15.4,1.0,0.2,52.6,21.9
어문연구,000503,160,1443,50.2,5.9,2.8,4.9,0.2,1.8,4.4,80.6,7.1,5.0,1.9,49.8,19.4
한국한시연구,000619,156,1262,55.6,0.0,6.7,0.5,0.0,1.4,1.0,91.7,1.5,1.0,1.0,44.4,8.3
한성어문학,SER000005633,140,1230,45.7,6.8,0.9,13.9,0.0,0.9,2.1,65.5,18.8,8.5,1.5,54.3,34.5
국어문학,001819,138,1526,47.6,6.9,3.1,6.6,0.5,1.6,3.5,77.3,9.6,5.4,2.6,52.4,22.7
어문학,000112,103,1184,51.3,6.2,4.1,4.1,0.2,0.7,3.5,78.8,6.9,5.5,2.7,48.7,21.2
전남대 어문논총,SER000005161,102,1047,43.0,6.9,4.3,5.3,1.2,1.1,3.7,74.3,12.8,5.6,2.1,57.0,25.7
개신어문연구,SER000009665,98,827,59.5,7.9,4.0,1.6,0.4,1.3,3.4,88.0,3.9,1.8,0.5,40.5,12.0
고전번역연구,SER000003547,82,682,27.9,0.0,16.9,1.0,0.4,4.5,1.2,78.2,5.3,3.1,1.5,72.1,21.8
이상리뷰,SER000005339,81,648,61.7,0.6,2.0,0.6,0.9,1.7,5.7,89.4,2.6,1.4,1.4,38.3,10.6
동아한학연구,SER000013234,53,314,53.5,0.0,8.3,2.2,0.0,2.9,0.0,87.6,2.9,2.2,0.6,46.5,12.4
백록어문교육,SER000009664,32,307,56.4,6.2,2.3,5.5,0.7,1.0,2.0,79.8,10.4,2.9,0.3,43.6,20.2
한국어와 문화,SER000014361,20,110,25.5,5.5,18.2,1.8,0.0,1.8,2.7,79.1,3.6,4.5,4.5,74.5,20.9
경학,SER000005787,11,47,19.1,0.0,14.9,0.0,0.0,6.4,0.0,80.9,0.0,8.5,0.0,80.9,19.1
