대분류,중분류,피인용,참고문헌,합계,연관비율(%)
인문학,한국어와문학,2250,4759,7009,59.2
인문학,기타인문학,412,720,1132,9.6
인문학,언어학,244,675,919,7.8
기타,기타,102,402,504,4.3
인문학,역사학,94,309,403,3.4
사회과학,교육학,120,163,283,2.4
인문학,문학,108,165,273,2.3
복합학,학제간연구,84,94,178,1.5
인문학,일본어와문학,40,90,130,1.1
인문학,철학,23,101,124,1.0
인문학,중국어와문학,54,68,122,1.0
인문학,영어와문학,13,49,62,0.5
복합학,문헌정보학,15,32,47,0.4
사회과학,신문방송학,5,35,40,0.3
사회과학,사회과학일반,14,26,40,0.3
예술체육학,기타예술체육,10,29,39,0.3
사회과학,기타사회과학,24,7,31,0.3
인문학,사전학,14,16,30,0.3
사회과학,사회학,3,27,30,0.3
예술체육학,미술,8,19,27,0.2
사회과학,지역학,10,16,26,0.2
인문학,독일어와문학,3,21,24,0.2
복합학,여성학,4,19,23,0.2
사회과학,법학,3,19,22,0.2
예술체육학,예술일반,6,15,21,0.2
복합학,감성과학,11,9,20,0.2
인문학,유교학,11,9,20,0.2
인문학,프랑스어와문학,5,15,20,0.2
사회과학,정치외교학,2,18,20,0.2
예술체육학,영화,6,12,18,0.2
예술체육학,음악학,10,6,16,0.1
사회과학,지리학,4,11,15,0.1
인문학,기독교신학,1,12,13,0.1
인문학,가톨릭신학,5,7,12,0.1
인문학,통역번역학,9,3,12,0.1
예술체육학,연극,5,6,11,0.1
인문학,종교학,1,10,11,0.1
인문학,기타동양어문학,4,5,9,0.1
사회과학,사회복지학,0,9,9,0.1
인문학,러시아어와문학,2,7,9,0.1
예술체육학,디자인,0,8,8,0.1
사회과학,심리과학,0,7,7,0.1
사회과학,경영학,0,6,6,0.1
인문학,불교학,3,3,6,0.1
복합학,인지과학,1,4,5,0.0
공학,컴퓨터학,1,4,5,0.0
의약학,의학일반,0,4,4,0.0
공학,공학일반,0,4,4,0.0
복합학,과학기술학,1,3,4,0.0
사회과학,경제학,0,3,3,0.0
농수해양학,해상운송학,1,2,3,0.0
사회과학,정책학,0,3,3,0.0
사회과학,행정학,1,2,3,0.0
자연과학,기타자연과학,2,0,2,0.0
공학,전자/정보통신공학,0,1,1,0.0
의약학,간호학,0,1,1,0.0
사회과학,농업경제학,0,1,1,0.0
자연과학,지구과학,0,1,1,0.0
자연과학,생활과학,0,1,1,0.0
공학,전기공학,0,1,1,0.0
의약학,내과학,1,0,1,0.0
예술체육학,체육,1,0,1,0.0
인문학,인문학,0,1,1,0.0
의약학,예방의학,1,0,1,0.0
농수해양학,조경학,1,0,1,0.0
의약학,가정의학,0,1,1,0.0
예술체육학,미용,0,1,1,0.0
자연과학,통계학,0,1,1,0.0
공학,건축공학,0,1,1,0.0
사회과학,회계학,0,1,1,0.0
