journal,어문연구,상허학보,합계,치우침
민족문학사연구,74,409,483,상허학보
한국현대문학연구,108,303,411,상허학보
國語學,396,1,397,어문연구
현대문학의 연구,58,285,343,상허학보
구보학보,48,223,271,상허학보
현대소설연구,63,173,236,상허학보
반교어문연구,80,138,218,상허학보
한국문학연구,25,180,205,상허학보
국어국문학,146,59,205,어문연구
한국근대문학연구,46,159,205,상허학보
여성문학연구,40,148,188,상허학보
한국문학이론과 비평,75,113,188,상허학보
한국어학,178,3,181,어문연구
한국시학연구,59,121,180,상허학보
국제어문,96,82,178,어문연구
우리어문연구,87,83,170,어문연구
한국학연구,34,134,168,상허학보
우리문학연구,61,102,163,상허학보
어문론집,128,33,161,어문연구
동악어문학,50,110,160,상허학보
사이間SAI,17,138,155,상허학보
한국어 의미학,153,0,153,어문연구
우리말글,81,62,143,어문연구
한민족문화연구,60,70,130,상허학보
비평문학,48,80,128,상허학보
국어사연구,101,6,107,어문연구
한국문학논총,37,66,103,상허학보
대동문화연구,13,88,101,상허학보
어문론총,44,51,95,상허학보
한국문예비평연구,35,60,95,상허학보
한국언어문학,74,17,91,어문연구
한국어교육,91,0,91,어문연구
한민족어문학(구 영남어문학),54,33,87,어문연구
한말연구,84,2,86,어문연구
한중인문학연구,52,32,84,어문연구
현대문학이론연구,19,63,82,상허학보
국어교육연구,71,9,80,어문연구
한글,72,6,78,어문연구
새국어교육,73,3,76,어문연구
어문학,47,28,75,어문연구
춘원연구학보,25,50,75,상허학보
韓國古典硏究,70,1,71,어문연구
한국극예술연구,10,60,70,상허학보
대중서사연구,11,59,70,상허학보
고소설연구,66,3,69,어문연구
구결연구,67,0,67,어문연구
한국시가연구,60,5,65,어문연구
배달말,42,22,64,어문연구
국문학연구,63,1,64,어문연구
어문논집,29,34,63,상허학보
문화와융합,40,20,60,어문연구
인문학연구,18,41,59,상허학보
한국언어문화,30,28,58,어문연구
漢字漢文敎育,57,0,57,어문연구
겨레어문학,18,39,57,상허학보
한국고전여성문학연구,47,7,54,어문연구
상허학보,54,0,54,어문연구
Journal of korean Culture,26,28,54,상허학보
언어사실과 관점,48,5,53,어문연구
방언학,49,3,52,어문연구
영주어문,38,14,52,어문연구
어문연구(語文硏究),0,52,52,상허학보
우리말연구,50,2,52,어문연구
인문논총,19,32,51,상허학보
문학교육학,38,13,51,어문연구
동방학지,5,46,51,상허학보
열상고전연구,49,1,50,어문연구
국어교육,47,3,50,어문연구
漢文敎育論集,48,0,48,어문연구
민족문화연구,19,29,48,상허학보
고전문학연구,46,1,47,어문연구
돈암어문학,19,26,45,상허학보
작문연구,35,9,44,어문연구
어문연구,31,11,42,어문연구
동방한문학,42,0,42,어문연구
국제한인문학연구,13,29,42,상허학보
언어와 문화,42,0,42,어문연구
비교한국학 Comparative Korean Studies,11,30,41,상허학보
형태론,40,0,40,어문연구
외국어로서의 한국어교육,40,0,40,어문연구
언어와 정보 사회,35,4,39,어문연구
고전과 해석,37,2,39,어문연구
문법 교육,38,0,38,어문연구
동남어문논집,28,10,38,어문연구
한국민족문화,16,22,38,상허학보
언어학,38,0,38,어문연구
리터러시 연구,25,13,38,어문연구
인문과학연구,22,15,37,어문연구
국어문학,27,8,35,어문연구
국어교육학연구,32,3,35,어문연구
학습자중심교과교육연구,31,2,33,어문연구
한국학논집,18,15,33,어문연구
개념과 소통,6,27,33,상허학보
한국한문학연구,31,1,32,어문연구
청람어문교육,29,3,32,어문연구
동아시아문화연구,7,25,32,상허학보
서강인문논총,13,18,31,상허학보
사회와역사(구 한국사회사학회논문집),2,29,31,상허학보
한국문화,15,15,30,양쪽
한국문학과 예술,11,18,29,상허학보
대동한문학(大東漢文學),29,0,29,어문연구
지명학,28,1,29,어문연구
열린정신 인문학 연구,12,17,29,상허학보
독서연구,26,2,28,어문연구
한문학논집(漢文學論集),24,4,28,어문연구
역사연구,2,26,28,상허학보
이화어문논집,13,15,28,상허학보
코기토,10,17,27,상허학보
인문사회 21,20,7,27,어문연구
구비문학연구,17,8,25,어문연구
이중언어학,24,0,24,어문연구
인문과학,4,20,24,상허학보
비교문화연구,12,12,24,양쪽
국제언어문학,4,19,23,상허학보
동양고전연구,22,1,23,어문연구
통일인문학,3,20,23,상허학보
한국어문교육,20,3,23,어문연구
비교문학,3,20,23,상허학보
역사문제연구,0,23,23,상허학보
화법연구,23,0,23,어문연구
한국학,11,12,23,상허학보
동양한문학연구,17,6,23,어문연구
漢文古典硏究,22,0,22,어문연구
인문연구,9,13,22,상허학보
漢文學報,17,5,22,어문연구
역사비평,1,21,22,상허학보
판소리연구,19,2,21,어문연구
한국문예창작,5,16,21,상허학보
문학치료연구,18,3,21,어문연구
세계문학비교연구,2,18,20,상허학보
한어문교육,15,5,20,어문연구
이상리뷰,5,15,20,상허학보
교양교육연구,19,0,19,어문연구
아동청소년문학연구,7,12,19,상허학보
한국사전학,14,4,18,어문연구
한국시가문화연구,18,0,18,어문연구
고전문학과 교육,13,4,17,어문연구
시조학논총,13,2,15,어문연구
동아시아고대학,14,1,15,어문연구
역사학보,3,12,15,상허학보
藏書閣,14,1,15,어문연구
온지논총,15,0,15,어문연구
인문과학연구논총,3,12,15,상허학보
한국언어문화학,14,0,14,어문연구
영화연구,1,13,14,상허학보
일본연구,6,8,14,상허학보
외국문학연구,2,11,13,상허학보
인문사회과학연구,8,5,13,어문연구
드라마연구,3,10,13,상허학보
언어학 연구,13,0,13,어문연구
생성문법연구,13,0,13,어문연구
언어,13,0,13,어문연구
사림,4,9,13,상허학보
서지학연구,12,1,13,어문연구
Korea Journal,1,11,12,상허학보
한국문화연구,5,7,12,상허학보
기억과 전망,1,11,12,상허학보
전남대 어문논총,10,2,12,어문연구
담화와 인지,12,0,12,어문연구
민주주의와 인권,0,12,12,상허학보
아시아문화연구,4,8,12,상허학보
한국근현대사연구,1,11,12,상허학보
용봉인문논총,8,4,12,어문연구
김병준,0,11,11,상허학보
현대영화연구,2,9,11,상허학보
만주연구,2,9,11,상허학보
한국한시연구,11,0,11,어문연구
한국사상과 문화,10,1,11,어문연구
교양학 연구,9,2,11,어문연구
日本語敎育,8,2,10,어문연구
人文學硏究,2,8,10,상허학보
중국언어연구,10,0,10,어문연구
석당논총,4,6,10,상허학보
사회언어학,8,2,10,어문연구
언어과학연구,10,0,10,어문연구
김양진,10,0,10,어문연구
일본문화연구,1,8,9,상허학보
한국예술연구,1,8,9,상허학보
동서인문학,4,5,9,상허학보
글로컬 어문학 문화 연구,6,3,9,어문연구
국학연구,6,3,9,어문연구
텍스트언어학,8,1,9,어문연구
人文科學硏究,1,8,9,상허학보
우리말교육현장연구,8,1,9,어문연구
일본학보,3,6,9,상허학보
진단학보,9,0,9,어문연구
현대문법연구,9,0,9,어문연구
개신어문연구,9,0,9,어문연구
숭실사학,3,5,8,상허학보
정선희,8,0,8,어문연구
문화와 사회,0,8,8,상허학보
현상과 인식,0,8,8,상허학보
통일과 평화,0,8,8,상허학보
언어와언어학,8,0,8,어문연구
문학과 종교,4,4,8,양쪽
아시아여성연구,3,5,8,상허학보
이선웅,8,0,8,어문연구
한국초등국어교육,7,1,8,어문연구
한성어문학,7,1,8,어문연구
중국어문학논집,6,2,8,어문연구
동방학,6,1,7,어문연구
영남학,7,0,7,어문연구
사고와표현,5,2,7,어문연구
한국아동문학연구,3,4,7,상허학보
음악과 현실,2,5,7,상허학보
시민인문학,3,4,7,상허학보
아세아연구,2,5,7,상허학보
기독교와 문화,1,6,7,상허학보
씨네포럼,2,5,7,상허학보
한국연극학,2,5,7,상허학보
국학연구론총,2,5,7,상허학보
여봉수,7,0,7,어문연구
Acta Koreana,2,5,7,상허학보
김용현,7,0,7,어문연구
문학과 영상,4,3,7,어문연구
탈경계인문학Trans-Humanities,2,5,7,상허학보
동아인문학,6,1,7,어문연구
일본어문학,3,4,7,상허학보
한중언어문화연구,5,1,6,어문연구
독도연구,6,0,6,어문연구
기호학 연구,5,1,6,어문연구
스토리앤이미지텔링,0,6,6,상허학보
어학연구,6,0,6,어문연구
日本文化學報,2,4,6,상허학보
日本學硏究,0,6,6,상허학보
역사문화연구,3,3,6,양쪽
한국사연구,0,6,6,상허학보
서울과 역사,1,5,6,상허학보
日本學(일본학),2,4,6,상허학보
인문콘텐츠,2,4,6,상허학보
동북아 문화연구,4,2,6,어문연구
史叢(사총),2,4,6,상허학보
규장각,4,2,6,어문연구
주세형,6,0,6,어문연구
한국문화기술,4,2,6,어문연구
김정남,6,0,6,어문연구
일본비평,1,5,6,상허학보
번역학연구,2,4,6,상허학보
호남학,2,3,5,상허학보
문학과환경,5,0,5,어문연구
김정은,4,1,5,어문연구
중국어문논총,5,0,5,어문연구
한국민족운동사연구,1,4,5,상허학보
언론과 사회,0,5,5,상허학보
이주영,5,0,5,어문연구
일본언어문화,4,1,5,어문연구
김종회,1,4,5,상허학보
교회사연구,4,1,5,어문연구
공존의 인간학,3,2,5,어문연구
로컬리티 인문학,0,5,5,상허학보
南冥學硏究,5,0,5,어문연구
사학연구,0,5,5,상허학보
건지인문학,3,2,5,어문연구
일어일문학연구,2,3,5,상허학보
시학과 언어학,4,1,5,어문연구
역사와 현실,2,3,5,상허학보
민족문화논총,3,2,5,어문연구
다문화콘텐츠연구,2,3,5,상허학보
중어중문학,4,1,5,어문연구
철학∙사상∙문화,3,2,5,어문연구
이은경,5,0,5,어문연구
언어연구,5,0,5,어문연구
융합인문학,1,4,5,상허학보
The Review of Korean Studies,1,4,5,상허학보
공연문화연구,3,2,5,어문연구
순천향 인문과학논총,2,3,5,상허학보
전봉관,0,5,5,상허학보
글로벌문화콘텐츠,2,3,5,상허학보
지역과 역사,1,4,5,상허학보
이명현,3,2,5,어문연구
역사와경계,2,3,5,상허학보
교육문화연구,3,1,4,어문연구
구민지,4,0,4,어문연구
韓國史學報,0,4,4,상허학보
인문언어,4,0,4,어문연구
한국도서관·정보학회지,2,2,4,양쪽
비교일본학,3,1,4,어문연구
백정옥,4,0,4,어문연구
통번역교육연구,4,0,4,어문연구
현대북한연구,0,4,4,상허학보
포은학연구,4,0,4,어문연구
문한별,2,2,4,양쪽
목정수,4,0,4,어문연구
노어노문학,2,2,4,양쪽
여성학연구,0,4,4,상허학보
최경희,0,4,4,상허학보
중국학,3,1,4,어문연구
한국초등교육,3,1,4,어문연구
근대서지,1,3,4,상허학보
한국사상사학,1,3,4,상허학보
퇴계학논총,4,0,4,어문연구
동양학,3,1,4,어문연구
여성과 역사,2,2,4,양쪽
정하정,4,0,4,어문연구
동서비교문학저널,0,4,4,상허학보
항도부산,0,4,4,상허학보
서울학연구,1,3,4,상허학보
유학연구,4,0,4,어문연구
이경수,2,2,4,양쪽
하윤섭,4,0,4,어문연구
언어과학,4,0,4,어문연구
이화사학연구,2,2,4,양쪽
역사학연구,1,3,4,상허학보
통번역학연구,1,3,4,상허학보
조재형,4,0,4,어문연구
한국근현대미술사학(구 한국근대미술사학),1,3,4,상허학보
김문주,1,3,4,상허학보
비평과이론,0,4,4,상허학보
日本語文學,2,2,4,양쪽
한국교육사학,2,2,4,양쪽
중국연구,3,1,4,어문연구
지식과 교양,3,1,4,어문연구
박동호,4,0,4,어문연구
음악논단,2,2,4,양쪽
중국학보,1,2,3,상허학보
신성환,3,0,3,어문연구
이승은,2,1,3,어문연구
김인균,3,0,3,어문연구
예술교육연구,1,2,3,상허학보
이정희,3,0,3,어문연구
한국정치연구,0,3,3,상허학보
유인태,0,3,3,상허학보
배영환,3,0,3,어문연구
여성학논집,1,2,3,상허학보
아시아영화연구,1,2,3,상허학보
미술사학,0,3,3,상허학보
윤여탁,3,0,3,어문연구
도시인문학연구,1,2,3,상허학보
이혜은,1,2,3,상허학보
허방신,3,0,3,어문연구
하성운,3,0,3,어문연구
동서인문,2,1,3,어문연구
전영근,3,0,3,어문연구
조현용,3,0,3,어문연구
율곡학연구,1,2,3,상허학보
동양음악(구 민족음악학),3,0,3,어문연구
International Journal of Korean History,0,3,3,상허학보
동화와 번역,0,3,3,상허학보
중국문학,2,1,3,어문연구
연민학지,3,0,3,어문연구
한국언론학보,1,2,3,상허학보
오규환,3,0,3,어문연구
중국학연구,3,0,3,어문연구
감성연구,0,3,3,상허학보
김은성,3,0,3,어문연구
외국어교육연구,3,0,3,어문연구
강남욱,3,0,3,어문연구
어린이문학교육연구,2,1,3,어문연구
이상희,3,0,3,어문연구
윤나영,3,0,3,어문연구
중소연구,1,2,3,상허학보
현대유럽철학연구,1,2,3,상허학보
김진해,3,0,3,어문연구
김만태,3,0,3,어문연구
박주연,3,0,3,어문연구
허인영,3,0,3,어문연구
Seoul Journal of Korean Studies,1,2,3,상허학보
고전번역연구,1,2,3,상허학보
이민우,3,0,3,어문연구
한림일본학 (구 한림일본학연구),0,3,3,상허학보
중국사연구,0,3,3,상허학보
일본어학연구,3,0,3,어문연구
중국학논총,3,0,3,어문연구
지역사회연구,0,3,3,상허학보
김옥성,0,3,3,상허학보
젠더와 문화,0,3,3,상허학보
하채현,1,2,3,상허학보
한국 예이츠 저널,1,2,3,상허학보
이상현,1,2,3,상허학보
김현주,2,1,3,어문연구
한국출판학연구,2,1,3,어문연구
국제문화연구,2,1,3,어문연구
철학논총,2,1,3,어문연구
김재욱,2,1,3,어문연구
조선시대사학보,3,0,3,어문연구
박명진,2,1,3,어문연구
중국소설논총,3,0,3,어문연구
엄홍준,3,0,3,어문연구
중국현대문학,0,3,3,상허학보
이해영,2,1,3,어문연구
신학사상,0,3,3,상허학보
탐라문화,1,2,3,상허학보
동방문화와 사상,1,1,2,양쪽
슬라브硏究,2,0,2,어문연구
김지현,2,0,2,어문연구
강현화,2,0,2,어문연구
미술사학보,1,1,2,양쪽
교양교육과 시민,1,1,2,양쪽
구영산,2,0,2,어문연구
남경완,2,0,2,어문연구
禪文化硏究,1,1,2,양쪽
음악과 문화,2,0,2,어문연구
유아특수교육연구,2,0,2,어문연구
통역과 번역,2,0,2,어문연구
이화음악논집,1,1,2,양쪽
가족과 커뮤니티,2,0,2,어문연구
운곡논총,0,2,2,상허학보
최은지,2,0,2,어문연구
인문과 예술,0,2,2,상허학보
마효림,2,0,2,어문연구
방정환연구,1,1,2,양쪽
김민환,0,2,2,상허학보
독어독문학,1,1,2,양쪽
다문화사회와 교육연구,1,1,2,양쪽
행동분석ㆍ지원연구,2,0,2,어문연구
『도서문화』,2,0,2,어문연구
아시아리뷰,0,2,2,상허학보
연남경,0,2,2,상허학보
황화상,2,0,2,어문연구
횡단인문학,1,1,2,양쪽
교육사회학연구,0,2,2,상허학보
Culinary Science & Hospitality Research,1,1,2,양쪽
최연식,2,0,2,어문연구
양아람,0,2,2,상허학보
경제와 사회,0,2,2,상허학보
인문학논총,0,2,2,상허학보
시오야 모에,1,1,2,양쪽
다산학,2,0,2,어문연구
김성해,0,2,2,상허학보
사회와 철학,0,2,2,상허학보
해양관광학연구,0,2,2,상허학보
한국프랑스학논집,1,1,2,양쪽
다문화사회연구,2,0,2,어문연구
하상복,0,2,2,상허학보
일본어교육연구,1,1,2,양쪽
종교교육학연구,0,2,2,상허학보
정유남,2,0,2,어문연구
정상우,1,1,2,양쪽
언론정보연구,0,2,2,상허학보
남신혜,2,0,2,어문연구
불어불문학연구,1,1,2,양쪽
백은희,2,0,2,어문연구
동양예술,2,0,2,어문연구
JINLAN,0,2,2,상허학보
특수교육재활과학연구,2,0,2,어문연구
박재연,2,0,2,어문연구
도시연구: 역사·사회·문화,0,2,2,상허학보
안태형,2,0,2,어문연구
민족문화,2,0,2,어문연구
오승영,2,0,2,어문연구
강한,2,0,2,어문연구
역사교육,1,1,2,양쪽
한국문화인류학,1,1,2,양쪽
최연화,2,0,2,어문연구
김바로,2,0,2,어문연구
최수연,2,0,2,어문연구
명정희,2,0,2,어문연구
이선영,2,0,2,어문연구
사책,0,2,2,상허학보
문동규,2,0,2,어문연구
정서·행동장애연구,1,1,2,양쪽
노진아,2,0,2,어문연구
한남기,0,2,2,상허학보
최새흰,0,2,2,상허학보
중국인문과학,2,0,2,어문연구
중국어문논역총간,1,1,2,양쪽
신희성,2,0,2,어문연구
김백영,0,2,2,상허학보
민족연구,1,1,2,양쪽
법학연구,2,0,2,어문연구
한국실학연구,2,0,2,어문연구
한국무속학,1,1,2,양쪽
한국과 국제정치,0,2,2,상허학보
정태수,0,2,2,상허학보
독일언어문학,1,1,2,양쪽
서예학연구,2,0,2,어문연구
박종희,2,0,2,어문연구
문화와 정치,0,2,2,상허학보
석추영,0,2,2,상허학보
전한성,2,0,2,어문연구
조윤경,2,0,2,어문연구
기독교사회윤리,0,2,2,상허학보
북한학연구,1,1,2,양쪽
신우봉,2,0,2,어문연구
역사와 실학,1,1,2,양쪽
페미니즘연구,0,2,2,상허학보
"미디어, 젠더 & 문화",0,2,2,상허학보
한일군사문화연구,0,2,2,상허학보
김낭예,2,0,2,어문연구
미네자키 토모코,0,2,2,상허학보
김문기,2,0,2,어문연구
윤리교육연구,1,1,2,양쪽
韓日民族問題硏究,1,1,2,양쪽
한국일본교육학연구,0,2,2,상허학보
김규훈,2,0,2,어문연구
최규발,2,0,2,어문연구
T&I REVIEW,0,2,2,상허학보
대한교통학회지,0,2,2,상허학보
남도민속연구,1,1,2,양쪽
송향근,2,0,2,어문연구
전북사학,2,0,2,어문연구
김건영,2,0,2,어문연구
미술이론과 현장,0,2,2,상허학보
대동철학,0,2,2,상허학보
김호정,2,0,2,어문연구
동양문화연구,2,0,2,어문연구
영미문학연구,1,1,2,양쪽
채영희,2,0,2,어문연구
한국어문화교육,2,0,2,어문연구
이재윤,0,2,2,상허학보
정연주,1,1,2,양쪽
일어일문학,2,0,2,어문연구
강다연,0,2,2,상허학보
조진수,2,0,2,어문연구
Korean Journal of Health Promotion,2,0,2,어문연구
중국문학연구,2,0,2,어문연구
동학학보,1,1,2,양쪽
한국정치외교사논총,2,0,2,어문연구
이민아,2,0,2,어문연구
한국민요학,2,0,2,어문연구
현대영미소설,0,2,2,상허학보
韓國史學史學報,0,2,2,상허학보
한국정치학회보,0,2,2,상허학보
문화역사지리,2,0,2,어문연구
러시아연구,0,2,2,상허학보
고윤경,0,2,2,상허학보
한국고지도연구,2,0,2,어문연구
TRAN THI BICH PHUONG,2,0,2,어문연구
신학연구,0,2,2,상허학보
정창훈,0,2,2,상허학보
사회과학연구,1,1,2,양쪽
장용철,0,2,2,상허학보
노명희,2,0,2,어문연구
차세대 인문사회연구,1,1,2,양쪽
최은경,2,0,2,어문연구
이숙진,2,0,2,어문연구
서혁,2,0,2,어문연구
미학예술학연구,0,2,2,상허학보
박덕유,1,1,2,양쪽
한국교육문제연구,0,2,2,상허학보
북한연구학회보,0,2,2,상허학보
영상예술연구,0,2,2,상허학보
마르크스주의 연구,0,2,2,상허학보
박형진,2,0,2,어문연구
日本思想,2,0,2,어문연구
소현수,2,0,2,어문연구
김재호,2,0,2,어문연구
김연숙,1,1,2,양쪽
정진강,2,0,2,어문연구
이수진,2,0,2,어문연구
초등도덕교육,1,1,2,양쪽
김유미,2,0,2,어문연구
수사학,1,1,2,양쪽
이준규,2,0,2,어문연구
이지양,2,0,2,어문연구
김종희,2,0,2,어문연구
한영균,2,0,2,어문연구
한국학논총,2,0,2,어문연구
홍종선,2,0,2,어문연구
고고학,2,0,2,어문연구
역사와 담론,1,1,2,양쪽
이순욱,0,1,1,상허학보
교육철학연구,1,0,1,어문연구
김연희,1,0,1,어문연구
보호관찰,1,0,1,어문연구
문순희,1,0,1,어문연구
권설아,1,0,1,어문연구
진저,1,0,1,어문연구
동북아연구,0,1,1,상허학보
이충우,1,0,1,어문연구
김형태,1,0,1,어문연구
임다영,1,0,1,어문연구
박종원,1,0,1,어문연구
이재원,0,1,1,상허학보
정미혜,1,0,1,어문연구
현대성,1,0,1,어문연구
한일관계사연구,1,0,1,어문연구
장혜진,1,0,1,어문연구
유홍빈,1,0,1,어문연구
정혜은,0,1,1,상허학보
신승용,1,0,1,어문연구
김건희,1,0,1,어문연구
임영상,1,0,1,어문연구
김중섭,1,0,1,어문연구
한국민속학,0,1,1,상허학보
이정애,1,0,1,어문연구
박석준,1,0,1,어문연구
인문학술,0,1,1,상허학보
신호림,0,1,1,상허학보
김진호,1,0,1,어문연구
아태연구,0,1,1,상허학보
남도문화연구,0,1,1,상허학보
임주탁,1,0,1,어문연구
강범모,1,0,1,어문연구
정희선,0,1,1,상허학보
정재찬,1,0,1,어문연구
강우규,1,0,1,어문연구
孔子學,1,0,1,어문연구
프랑스학연구,1,0,1,어문연구
예술인문사회 융합 멀티미디어 논문지,0,1,1,상허학보
전패영,1,0,1,어문연구
한국기독교신학논총,0,1,1,상허학보
류은주,0,1,1,상허학보
송봉운,1,0,1,어문연구
황민아,1,0,1,어문연구
이금화,1,0,1,어문연구
이창희,1,0,1,어문연구
김성은,0,1,1,상허학보
임형준,0,1,1,상허학보
이지안,1,0,1,어문연구
이용훈,1,0,1,어문연구
한국여성학,0,1,1,상허학보
정옥현,1,0,1,어문연구
비교민속학,0,1,1,상허학보
청계사학,1,0,1,어문연구
한국영상학회논문집,0,1,1,상허학보
관광학연구,0,1,1,상허학보
황종배,1,0,1,어문연구
사회과학연구(Journal of Social Sciences),0,1,1,상허학보
정보관리학회지,0,1,1,상허학보
전병운,1,0,1,어문연구
사네치카마리,1,0,1,어문연구
중국어교육과 연구,1,0,1,어문연구
김일환,0,1,1,상허학보
신학과 사회,1,0,1,어문연구
박성호,1,0,1,어문연구
교육혁신연구,1,0,1,어문연구
세계 역사와 문화 연구,1,0,1,어문연구
미술사연구,1,0,1,어문연구
시민과 세계,0,1,1,상허학보
박성실,1,0,1,어문연구
정태식,1,0,1,어문연구
이주현,1,0,1,어문연구
김정수,0,1,1,상허학보
정유경,0,1,1,상허학보
송인섭,1,0,1,어문연구
미래유아교육학회지,1,0,1,어문연구
정인기,1,0,1,어문연구
김용진,1,0,1,어문연구
진우현,1,0,1,어문연구
김금내,1,0,1,어문연구
이주미,1,0,1,어문연구
오순방,0,1,1,상허학보
박희숙,1,0,1,어문연구
영산신학저널,1,0,1,어문연구
최신인,1,0,1,어문연구
박희여,0,1,1,상허학보
이성주,1,0,1,어문연구
이지은,0,1,1,상허학보
최정숙,1,0,1,어문연구
홍나영,1,0,1,어문연구
박미혜,1,0,1,어문연구
오정아,0,1,1,상허학보
임은혁,0,1,1,상허학보
김양지,1,0,1,어문연구
한국철학논집,1,0,1,어문연구
김주덕,1,0,1,어문연구
최혜실,0,1,1,상허학보
서양사론,0,1,1,상허학보
정연자,0,1,1,상허학보
정수완,0,1,1,상허학보
평화학연구,0,1,1,상허학보
정지현,1,0,1,어문연구
만화애니메이션연구,1,0,1,어문연구
슬라브어 연구,1,0,1,어문연구
이금희,1,0,1,어문연구
언어학연구,1,0,1,어문연구
특수교육,1,0,1,어문연구
동북아관광연구,0,1,1,상허학보
한국조경학회지,1,0,1,어문연구
김경수,1,0,1,어문연구
유우식,1,0,1,어문연구
박종배,1,0,1,어문연구
정경옥,1,0,1,어문연구
이탈리아학,1,0,1,어문연구
안아름,0,1,1,상허학보
김영희,1,0,1,어문연구
조성은,1,0,1,어문연구
김남이,0,1,1,상허학보
김영한,1,0,1,어문연구
전영은,1,0,1,어문연구
노지윤,1,0,1,어문연구
곽승철,1,0,1,어문연구
독어학,1,0,1,어문연구
이종영,1,0,1,어문연구
최예진,1,0,1,어문연구
장향실,1,0,1,어문연구
방상호,1,0,1,어문연구
한자연구,1,0,1,어문연구
청소년문화포럼,0,1,1,상허학보
군사연구,0,1,1,상허학보
박명관,1,0,1,어문연구
김길동,1,0,1,어문연구
명청사연구,1,0,1,어문연구
홍소라,1,0,1,어문연구
홍성호,1,0,1,어문연구
독서치료연구,1,0,1,어문연구
김수지,0,1,1,상허학보
표윤신,0,1,1,상허학보
조경순,1,0,1,어문연구
국방연구,0,1,1,상허학보
장정윤,0,1,1,상허학보
조용기,1,0,1,어문연구
이준희,1,0,1,어문연구
육영주,1,0,1,어문연구
허예인,1,0,1,어문연구
곽부모,1,0,1,어문연구
장정룡,1,0,1,어문연구
송소연,1,0,1,어문연구
장충덕,1,0,1,어문연구
김대영,1,0,1,어문연구
김보현,1,0,1,어문연구
중국문화연구,1,0,1,어문연구
정흥모,1,0,1,어문연구
권기연,0,1,1,상허학보
이성준,1,0,1,어문연구
서설비,1,0,1,어문연구
문영은,1,0,1,어문연구
안윤정,0,1,1,상허학보
임총인,1,0,1,어문연구
김동근,1,0,1,어문연구
신정애,1,0,1,어문연구
중앙사론,0,1,1,상허학보
Oughtopia (오토피아),0,1,1,상허학보
손광식,0,1,1,상허학보
개혁논총,0,1,1,상허학보
김강희,1,0,1,어문연구
김지혜,1,0,1,어문연구
이행선,0,1,1,상허학보
조세연,1,0,1,어문연구
박세현,0,1,1,상허학보
법과사회,0,1,1,상허학보
김서영,0,1,1,상허학보
대만연구(臺灣硏究),0,1,1,상허학보
허윤,1,0,1,어문연구
한국행정학보,0,1,1,상허학보
박정아,1,0,1,어문연구
이미혜,1,0,1,어문연구
윤미소,1,0,1,어문연구
유교사상문화연구,1,0,1,어문연구
김은혜,1,0,1,어문연구
권경근,1,0,1,어문연구
김정호,0,1,1,상허학보
선사와 고대,1,0,1,어문연구
이희수,1,0,1,어문연구
임수진,1,0,1,어문연구
한경도,1,0,1,어문연구
의학교육논단,0,1,1,상허학보
특수교육저널:이론과 실천,1,0,1,어문연구
석주연,1,0,1,어문연구
허윤철,0,1,1,상허학보
김숙정,1,0,1,어문연구
김순희,0,1,1,상허학보
라인정,1,0,1,어문연구
강보선,1,0,1,어문연구
한국초등체육학회지,1,0,1,어문연구
한중관계연구,1,0,1,어문연구
임영길,1,0,1,어문연구
장진영,0,1,1,상허학보
제임스조이스저널,1,0,1,어문연구
김연종,1,0,1,어문연구
양영모,1,0,1,어문연구
권희주,0,1,1,상허학보
미디어 경제와 문화,1,0,1,어문연구
박향란,1,0,1,어문연구
홍경수,1,0,1,어문연구
독일어문학,0,1,1,상허학보
김진웅,1,0,1,어문연구
철학탐구,1,0,1,어문연구
수시아,1,0,1,어문연구
김하라,1,0,1,어문연구
송경재,0,1,1,상허학보
김미자,1,0,1,어문연구
생태환경과 역사,0,1,1,상허학보
전기현,0,1,1,상허학보
함태영,1,0,1,어문연구
이소영,0,1,1,상허학보
황국명,0,1,1,상허학보
관광진흥연구,0,1,1,상허학보
천혜원,1,0,1,어문연구
조광순,1,0,1,어문연구
심재경,1,0,1,어문연구
강아름,1,0,1,어문연구
천혜정,0,1,1,상허학보
장가혜,1,0,1,어문연구
백영선,1,0,1,어문연구
민족사상,1,0,1,어문연구
이화진,1,0,1,어문연구
국미진,1,0,1,어문연구
최도식,1,0,1,어문연구
이성천,0,1,1,상허학보
송현정,1,0,1,어문연구
유석,1,0,1,어문연구
고궁문화,1,0,1,어문연구
전명남,1,0,1,어문연구
교육사상연구,0,1,1,상허학보
김홍균,1,0,1,어문연구
한담,1,0,1,어문연구
김지오,1,0,1,어문연구
황영미,1,0,1,어문연구
임우열,1,0,1,어문연구
이현진,0,1,1,상허학보
한국불교사연구,1,0,1,어문연구
도시연구,0,1,1,상허학보
김종호,0,1,1,상허학보
이혜용,1,0,1,어문연구
차재은,1,0,1,어문연구
질적탐구,0,1,1,상허학보
김도훈,1,0,1,어문연구
조철우,1,0,1,어문연구
최윤정,1,0,1,어문연구
이현실,1,0,1,어문연구
김정민,1,0,1,어문연구
박융배,1,0,1,어문연구
The SNU Journal of Education Research,0,1,1,상허학보
주준영,0,1,1,상허학보
한국동양정치사상사연구,0,1,1,상허학보
조정미,0,1,1,상허학보
경영사연구,0,1,1,상허학보
이유경,1,0,1,어문연구
농촌사회,0,1,1,상허학보
김은경,1,0,1,어문연구
江原史學,0,1,1,상허학보
김성주,1,0,1,어문연구
朴好熙,1,0,1,어문연구
이경철,1,0,1,어문연구
이희영,1,0,1,어문연구
도재학,1,0,1,어문연구
특수교육학연구,1,0,1,어문연구
호길,1,0,1,어문연구
영미문학교육,0,1,1,상허학보
허원빈,0,1,1,상허학보
한국과 세계,1,0,1,어문연구
배건준,1,0,1,어문연구
심지연,1,0,1,어문연구
정회란,1,0,1,어문연구
역사와교육,0,1,1,상허학보
hye won wang,1,0,1,어문연구
张璐璟,1,0,1,어문연구
杉本 加代子,1,0,1,어문연구
실천민속학 연구,1,0,1,어문연구
임환모,0,1,1,상허학보
장신논단,0,1,1,상허학보
김양숙,0,1,1,상허학보
임미진,0,1,1,상허학보
엄태웅,1,0,1,어문연구
홍현영,0,1,1,상허학보
유정완,0,1,1,상허학보
고혜원,1,0,1,어문연구
김금수,1,0,1,어문연구
표시연,1,0,1,어문연구
최용,1,0,1,어문연구
한국엔터테인먼트산업학회논문지,0,1,1,상허학보
한국행정사학지,1,0,1,어문연구
한국과학사학회지,0,1,1,상허학보
민진영,1,0,1,어문연구
오현아,1,0,1,어문연구
이원영,0,1,1,상허학보
이용,1,0,1,어문연구
김희주,0,1,1,상허학보
대순사상논총,0,1,1,상허학보
교회와 법,1,0,1,어문연구
진가연,1,0,1,어문연구
김태식,1,0,1,어문연구
임보연,1,0,1,어문연구
중국근현대사연구,1,0,1,어문연구
최윤곤,1,0,1,어문연구
김태훈,1,0,1,어문연구
Eun-Yeong Shin,1,0,1,어문연구
조정연,1,0,1,어문연구
영토해양연구,1,0,1,어문연구
김은호,1,0,1,어문연구
역사와 문화,0,1,1,상허학보
문화예술교육연구,0,1,1,상허학보
QUAN WENHUA,1,0,1,어문연구
이성혜,1,0,1,어문연구
안과밖:영미문학연구,0,1,1,상허학보
소인호,1,0,1,어문연구
이형진,0,1,1,상허학보
비교중국연구,0,1,1,상허학보
한하림,1,0,1,어문연구
민현식,1,0,1,어문연구
특수·영재교육저널,1,0,1,어문연구
정연희,1,0,1,어문연구
윤지원,1,0,1,어문연구
대각사상,0,1,1,상허학보
이래호,1,0,1,어문연구
종교연구,0,1,1,상허학보
박상욱,1,0,1,어문연구
한국어 교육 연구,1,0,1,어문연구
중국어문학지,1,0,1,어문연구
다문화교육연구,1,0,1,어문연구
이기성,0,1,1,상허학보
외국학연구,0,1,1,상허학보
이수정,1,0,1,어문연구
영국연구,0,1,1,상허학보
역사와 융합,1,0,1,어문연구
최보선,1,0,1,어문연구
허계형,1,0,1,어문연구
한국사회학,0,1,1,상허학보
김혜진,1,0,1,어문연구
양시내,0,1,1,상허학보
하호빈,1,0,1,어문연구
영어교육연구,1,0,1,어문연구
한국언론정보학보,0,1,1,상허학보
Shakespeare Review,0,1,1,상허학보
한국불교학,1,0,1,어문연구
미국소설,0,1,1,상허학보
박승원,1,0,1,어문연구
이재준,1,0,1,어문연구
이정민,1,0,1,어문연구
통일문제연구,0,1,1,상허학보
조서희,1,0,1,어문연구
방명애,1,0,1,어문연구
Asia Pacific Journal of Teaching and Learning,1,0,1,어문연구
조경선,1,0,1,어문연구
비교민주주의연구,0,1,1,상허학보
이영철,1,0,1,어문연구
최선주,0,1,1,상허학보
유형동,1,0,1,어문연구
이상직,0,1,1,상허학보
신의종,1,0,1,어문연구
니체연구,0,1,1,상허학보
서울법학,0,1,1,상허학보
방송문화연구,1,0,1,어문연구
이준영,0,1,1,상허학보
유현성,0,1,1,상허학보
프랑스어문교육,1,0,1,어문연구
박주석,0,1,1,상허학보
해양정책연구,1,0,1,어문연구
심상민,1,0,1,어문연구
권도형,1,0,1,어문연구
심지수,1,0,1,어문연구
임현열,1,0,1,어문연구
최창륵,0,1,1,상허학보
김중수,1,0,1,어문연구
신종교연구,0,1,1,상허학보
조윤정,1,0,1,어문연구
김경희,1,0,1,어문연구
신용식,1,0,1,어문연구
제주대학교 교육과학연구,1,0,1,어문연구
이진,1,0,1,어문연구
조희숙,0,1,1,상허학보
김태수,1,0,1,어문연구
김서화,0,1,1,상허학보
동북아역사논총,1,0,1,어문연구
이온순,1,0,1,어문연구
JIN XUEYAN,1,0,1,어문연구
서보영,1,0,1,어문연구
헤리티지:역사와 과학,1,0,1,어문연구
강현주,1,0,1,어문연구
김근배,0,1,1,상허학보
역사와 세계,0,1,1,상허학보
한국조직신학논총,0,1,1,상허학보
한국무용연구,0,1,1,상허학보
Eun Hui Bae,1,0,1,어문연구
최선희,1,0,1,어문연구
조영혜,1,0,1,어문연구
사회이론,0,1,1,상허학보
시대와 철학,1,0,1,어문연구
이승조,0,1,1,상허학보
이석재,1,0,1,어문연구
웅연,1,0,1,어문연구
전연우,0,1,1,상허학보
김범진,1,0,1,어문연구
조현준,1,0,1,어문연구
이선윤,1,0,1,어문연구
해항도시문화교섭학,0,1,1,상허학보
정치사상연구,0,1,1,상허학보
이인화,1,0,1,어문연구
홍윤기,1,0,1,어문연구
호텔경영학연구,0,1,1,상허학보
신중진,1,0,1,어문연구
정경미,1,0,1,어문연구
양명학,1,0,1,어문연구
동양사학연구,1,0,1,어문연구
신지영,1,0,1,어문연구
김미지,1,0,1,어문연구
이재규,1,0,1,어문연구
대한보건연구,1,0,1,어문연구
김형복,1,0,1,어문연구
박경은,1,0,1,어문연구
Keunsik JUNG,0,1,1,상허학보
안숭범,0,1,1,상허학보
장윤미,1,0,1,어문연구
한래희,1,0,1,어문연구
Chunmei Miao,1,0,1,어문연구
최동주,1,0,1,어문연구
박종호,1,0,1,어문연구
중등교육연구,1,0,1,어문연구
성나경,1,0,1,어문연구
SUGIYAMAYUTAKA,1,0,1,어문연구
홍경임,1,0,1,어문연구
배상준,0,1,1,상허학보
무용예술학연구,0,1,1,상허학보
종교문화비평,0,1,1,상허학보
이은섭,1,0,1,어문연구
의료사회사연구,0,1,1,상허학보
김필남,0,1,1,상허학보
대한정치학회보,0,1,1,상허학보
교육과정평가연구,1,0,1,어문연구
문화영토연구,1,0,1,어문연구
이태상,1,0,1,어문연구
실천공학교육논문지,1,0,1,어문연구
임채훈,1,0,1,어문연구
김현영,0,1,1,상허학보
한국고대사연구,0,1,1,상허학보
의사학,0,1,1,상허학보
동아한학연구,1,0,1,어문연구
강효경,1,0,1,어문연구
최아라,1,0,1,어문연구
김영규,1,0,1,어문연구
유동환,1,0,1,어문연구
구기보,1,0,1,어문연구
교육과학연구,1,0,1,어문연구
한국과 국제사회,1,0,1,어문연구
인격교육,0,1,1,상허학보
鄭日男,1,0,1,어문연구
데위 실비아 리아디나,1,0,1,어문연구
박현진,1,0,1,어문연구
김경연,1,0,1,어문연구
김윤희,1,0,1,어문연구
유나,1,0,1,어문연구
이종혁,1,0,1,어문연구
남길임,1,0,1,어문연구
김아영,0,1,1,상허학보
이순묵,0,1,1,상허학보
안병학,0,1,1,상허학보
류수열,0,1,1,상허학보
이승연,0,1,1,상허학보
이병태,0,1,1,상허학보
김참이,1,0,1,어문연구
러시아학,1,0,1,어문연구
이영제,1,0,1,어문연구
정민우,0,1,1,상허학보
민주법학,0,1,1,상허학보
송광한,1,0,1,어문연구
동양철학연구,1,0,1,어문연구
지푸름,1,0,1,어문연구
한국가족관계학회지,0,1,1,상허학보
김영란,1,0,1,어문연구
권응상,0,1,1,상허학보
아시아연구,1,0,1,어문연구
이은홍,1,0,1,어문연구
기전문화연구,0,1,1,상허학보
주양희,1,0,1,어문연구
허예슬,1,0,1,어문연구
박소영,1,0,1,어문연구
Mi Hee Cho,1,0,1,어문연구
일본역사연구,0,1,1,상허학보
임혜원,1,0,1,어문연구
백산학보,0,1,1,상허학보
최홍열,1,0,1,어문연구
이우영,0,1,1,상허학보
이관식,1,0,1,어문연구
한애라,1,0,1,어문연구
권수빈,0,1,1,상허학보
조남민,1,0,1,어문연구
홍영호,1,0,1,어문연구
이은선,1,0,1,어문연구
반재유,1,0,1,어문연구
함충범,0,1,1,상허학보
권순희,1,0,1,어문연구
홍연정,1,0,1,어문연구
한경훈,0,1,1,상허학보
진무위,1,0,1,어문연구
픽션과 논픽션,1,0,1,어문연구
최성학,1,0,1,어문연구
도지인,0,1,1,상허학보
禪學(선학),1,0,1,어문연구
오지은,1,0,1,어문연구
교육문제연구,0,1,1,상허학보
이지성,0,1,1,상허학보
초등교육연구논총,1,0,1,어문연구
김남미,1,0,1,어문연구
박미희,1,0,1,어문연구
김려원,1,0,1,어문연구
김상화,1,0,1,어문연구
코칭연구,0,1,1,상허학보
강지웅,0,1,1,상허학보
이찬규,1,0,1,어문연구
이성우,1,0,1,어문연구
문화콘텐츠연구,0,1,1,상허학보
"호모미그란스-이주, 식민주의, 인종주의",0,1,1,상허학보
김유리,1,0,1,어문연구
박진욱,1,0,1,어문연구
관광연구저널,0,1,1,상허학보
안진산,1,0,1,어문연구
Journal of Safety and Crisis Management,0,1,1,상허학보
21세기정치학회보,0,1,1,상허학보
패션 비즈니스,0,1,1,상허학보
김서현,0,1,1,상허학보
일본공간,0,1,1,상허학보
김택윤,1,0,1,어문연구
안기정,1,0,1,어문연구
사회와 이론,0,1,1,상허학보
김소영,1,0,1,어문연구
곽지영,1,0,1,어문연구
인간.환경.미래,0,1,1,상허학보
강승혜,1,0,1,어문연구
유현미,0,1,1,상허학보
학부모연구,0,1,1,상허학보
박진하,1,0,1,어문연구
남영자,1,0,1,어문연구
DORJ ULZIIBAT,1,0,1,어문연구
박은혜,1,0,1,어문연구
고혜정,1,0,1,어문연구
장문석,0,1,1,상허학보
문화정책논총,0,1,1,상허학보
한승호,0,1,1,상허학보
러시아어문학연구논집,0,1,1,상허학보
조정민,0,1,1,상허학보
송원찬,1,0,1,어문연구
성효정,0,1,1,상허학보
티안밍,1,0,1,어문연구
김용재,1,0,1,어문연구
오영식,1,0,1,어문연구
대학과 선교,0,1,1,상허학보
仙道文化,1,0,1,어문연구
유승환,0,1,1,상허학보
정지수,1,0,1,어문연구
박지수,1,0,1,어문연구
공혜림,1,0,1,어문연구
동서철학연구,1,0,1,어문연구
이경화,1,0,1,어문연구
한국컴퓨터정보학회논문지,1,0,1,어문연구
황경수,1,0,1,어문연구
조지형,1,0,1,어문연구
문준혜,1,0,1,어문연구
이병인,1,0,1,어문연구
이준엽,0,1,1,상허학보
국제정치연구,0,1,1,상허학보
이다슴,1,0,1,어문연구
조난희,1,0,1,어문연구
최현정,1,0,1,어문연구
통합교육과정연구,0,1,1,상허학보
신인수,1,0,1,어문연구
방영심,1,0,1,어문연구
고은아,1,0,1,어문연구
박혜진,1,0,1,어문연구
도원,1,0,1,어문연구
송인성,1,0,1,어문연구
정길순,1,0,1,어문연구
양혜정,1,0,1,어문연구
유춘동,1,0,1,어문연구
김지원,1,0,1,어문연구
장인철,0,1,1,상허학보
문화기술의 융합,0,1,1,상허학보
나윤주,1,0,1,어문연구
김대용,1,0,1,어문연구
김혜지,1,0,1,어문연구
곽창,1,0,1,어문연구
대학교양교육연구,1,0,1,어문연구
황은하,1,0,1,어문연구
유단비,0,1,1,상허학보
음성음운형태론연구,1,0,1,어문연구
정한별,1,0,1,어문연구
박용식,1,0,1,어문연구
이은정,1,0,1,어문연구
교육사학연구,1,0,1,어문연구
한국교회사학회지,0,1,1,상허학보
최인자,1,0,1,어문연구
주선,1,0,1,어문연구
최문용,0,1,1,상허학보
교육과정연구,0,1,1,상허학보
김도경,1,0,1,어문연구
오태영,0,1,1,상허학보
주현하,1,0,1,어문연구
총니,1,0,1,어문연구
전상욱,1,0,1,어문연구
오민석,1,0,1,어문연구
프랑스 문화 연구,1,0,1,어문연구
김남호,1,0,1,어문연구
진영학,1,0,1,어문연구
천정환,0,1,1,상허학보
Endocrinology and Metabolism,1,0,1,어문연구
조형미디어학,0,1,1,상허학보
Macromolecular Research,1,0,1,어문연구
Aksam Yassin,1,0,1,어문연구
전수진,1,0,1,어문연구
왕영,1,0,1,어문연구
원은하,0,1,1,상허학보
최형용,1,0,1,어문연구
