journal,어문연구,상허학보,어문_나가는,어문_들어오는,상허_나가는,상허_들어오는,합계
민족문학사연구,134,520,112,22,299,221,654
어문연구,524,50,494,30,39,11,574
國語學,548,2,367,181,2,0,550
한국현대문학연구,148,360,110,38,205,155,508
국어국문학,308,80,238,70,51,29,388
현대문학의 연구,75,313,52,23,143,170,388
대동문화연구,74,264,61,13,176,88,338
한국학연구,81,251,47,34,117,134,332
현대소설연구,102,209,82,20,91,118,311
구보학보,62,232,41,21,60,172,294
한국문학연구,48,232,42,6,150,82,280
한국근대문학연구,72,200,58,14,127,73,272
한국어학,256,5,191,65,4,1,261
반교어문연구,99,143,60,39,47,96,242
여성문학연구,61,180,47,14,100,80,241
한국문학이론과 비평,101,138,74,27,67,71,239
한국어 의미학,227,0,162,65,0,0,227
한글,210,13,169,41,10,3,223
어문학,152,64,105,47,36,28,216
국제어문,117,91,71,46,39,52,208
한국시학연구,79,128,53,26,55,73,207
우리어문연구,103,92,72,31,36,56,195
우리말글,108,74,67,41,32,42,182
역사비평,23,157,22,1,136,21,180
형태론,179,0,139,40,0,0,179
우리문학연구,70,109,35,35,46,63,179
사이間SAI,21,154,15,6,83,71,175
현대문학이론연구,55,114,36,19,51,63,169
한국어교육,165,0,138,27,0,0,165
어문론집,128,34,49,79,19,15,162
동악어문학,48,112,25,23,30,82,160
비평문학,61,91,40,21,43,48,152
국어학,143,6,143,0,6,0,149
동방학지,53,96,48,5,51,45,149
한국언어문학,119,28,79,40,19,9,147
대중서사연구,31,114,20,11,55,59,145
이중언어학,144,1,120,24,1,0,145
한민족문화연구,67,77,45,22,39,38,144
어문논집,92,50,82,10,30,20,142
한국문화,91,48,76,15,33,15,139
한국극예술연구,32,103,22,10,43,60,135
새국어생활,134,1,134,0,1,0,135
국어교육연구,113,14,83,30,6,8,127
한국문학논총,49,76,35,14,32,44,125
인문논총,65,60,46,19,28,32,125
국어교육,115,8,103,12,6,2,123
창작과비평,4,119,4,0,119,0,123
한국문예비평연구,49,73,32,17,37,36,122
구결연구,122,0,94,28,0,0,122
語文硏究,119,0,119,0,0,0,119
배달말,85,33,63,22,17,16,118
고소설연구,113,3,75,38,0,3,116
한말연구,110,3,46,64,1,2,113
민족문화연구,55,55,36,19,26,29,110
국어사연구,104,6,48,56,2,4,110
언어학,108,1,70,38,1,0,109
어문론총,53,54,32,21,14,40,107
새국어교육,100,6,74,26,3,3,106
인문학연구,50,53,32,18,12,41,103
한중인문학연구,60,39,33,27,26,13,99
한국시가연구,91,5,49,42,1,4,96
고전문학연구,88,5,67,21,4,1,93
상허학보,88,0,73,15,0,0,88
국문학연구,84,1,33,51,0,1,85
국어교육학연구,80,3,61,19,1,2,83
한국고전여성문학연구,71,12,53,18,10,2,83
진단학보,79,3,70,9,3,0,82
서강인문논총,29,51,16,13,33,18,80
춘원연구학보,28,52,6,22,5,47,80
韓國古典硏究,78,1,36,42,1,0,79
한민족어문학,50,27,50,0,27,0,77
역사문제연구,5,71,5,0,48,23,76
한국언어문화,46,30,34,12,9,21,76
겨레어문학,29,45,18,11,19,26,74
비교한국학 Comparative Korean Studies,18,56,7,11,26,30,74
한국학논집,39,34,21,18,19,15,73
언어,70,1,57,13,1,0,71
漢字漢文敎育,70,0,55,15,0,0,70
인문과학연구,43,27,21,22,12,15,70
관악어문연구,65,4,65,0,4,0,69
국어문학,49,19,25,24,11,8,68
문화와융합,47,21,7,40,1,20,68
한국한문학연구,64,1,46,18,1,0,65
우리말연구,62,3,36,26,2,1,65
문학교육학,50,14,35,15,3,11,64
실천문학,3,61,3,0,61,0,64
한국민족문화,29,34,13,16,12,22,63
열상고전연구,60,2,43,17,1,1,62
비교문학,17,45,14,3,25,20,62
漢文敎育論集,61,0,55,6,0,0,61
외국어로서의 한국어교육,60,0,40,20,0,0,60
Journal of korean Culture,32,28,13,19,1,27,60
작문연구,51,9,44,7,8,1,60
이화어문논집,34,25,21,13,10,15,59
조선문학,2,57,2,0,57,0,59
문학동네,8,50,8,0,50,0,58
동방한문학,57,0,43,14,0,0,57
언어와 정보 사회,53,4,18,35,0,4,57
어학연구,57,0,51,6,0,0,57
개념과 소통,12,45,6,6,18,27,57
돈암어문학,27,30,18,9,12,18,57
인문과학,23,34,19,4,14,20,57
방언학,53,3,20,33,1,2,56
동아시아문화연구,18,38,11,7,13,25,56
언어사실과 관점,50,5,23,27,0,5,55
영주어문,38,14,11,27,3,11,52
청람어문교육,46,5,31,15,4,1,51
사상계,7,44,7,0,44,0,51
리터러시 연구,33,16,8,25,3,13,49
한민족어문학(구 영남어문학),31,18,0,31,0,18,49
고전문학과 교육,44,4,31,13,0,4,48
코기토,19,28,9,10,11,17,47
문학과사회,5,42,5,0,42,0,47
현대문학,20,26,20,0,26,0,46
동남어문논집,35,11,15,20,4,7,46
한국문예창작,16,30,11,5,14,16,46
언어와 문화,46,0,29,17,0,0,46
인문연구,20,26,11,9,13,13,46
학습자중심교과교육연구,43,2,12,31,0,2,45
텍스트언어학,41,4,33,8,3,1,45
국제한인문학연구,15,30,9,6,7,23,45
영화연구,9,36,8,1,23,13,45
한국근현대사연구,11,34,10,1,23,11,45
판소리연구,42,2,32,10,0,2,44
한국학보,24,20,24,0,20,0,44
사회와역사,7,37,7,0,37,0,44
동양고전연구,42,1,20,22,0,1,43
국어연구,43,0,43,0,0,0,43
역사연구,5,38,3,2,12,26,43
비교문화연구,25,18,13,12,6,12,43
한국학,24,18,13,11,6,12,42
역사와 현실,8,33,6,2,30,3,41
통일인문학,9,32,6,3,12,20,41
담화와 인지,41,0,29,12,0,0,41
한국어 교육,41,0,41,0,0,0,41
고전과 해석,38,2,19,19,1,1,40
한국언어문화학,39,0,25,14,0,0,39
동양학,31,8,28,3,7,1,39
정신문화연구,24,15,24,0,15,0,39
문법 교육,39,0,15,24,0,0,39
어문연구(語文硏究),0,39,0,0,0,39,39
국어생활,39,0,39,0,0,0,39
한국문학과 예술,18,20,7,11,2,18,38
한국언론학보,12,26,11,1,24,2,38
화법연구,38,0,25,13,0,0,38
외국문학연구,10,28,8,2,17,11,38
구비문학연구,28,9,20,8,4,5,37
새빛,0,36,0,0,36,0,36
한국문화연구,24,12,19,5,5,7,36
작가세계,12,24,12,0,24,0,36
논문집,29,7,29,0,7,0,36
문학예술,8,28,8,0,28,0,36
언어과학연구,36,0,26,10,0,0,36
열린정신 인문학 연구,18,17,6,12,0,17,35
한국사전학,30,4,16,14,0,4,34
한국어문교육,31,3,16,15,2,1,34
論文集,34,0,34,0,0,0,34
일본학보,15,19,12,3,13,6,34
기억과 전망,1,32,0,1,21,11,33
한국사연구,6,27,6,0,21,6,33
藏書閣,32,1,18,14,0,1,33
세계문학비교연구,7,26,5,2,8,18,33
독서연구,28,5,22,6,4,1,33
시학과 언어학,23,10,19,4,9,1,33
震檀學報,31,2,31,0,2,0,33
교양교육연구,33,0,14,19,0,0,33
문학치료연구,28,4,10,18,1,3,32
아세아연구,8,24,6,2,19,5,32
인문과학연구논총,9,22,6,3,10,12,31
온지논총,30,1,15,15,1,0,31
사회와역사(구 한국사회사학회논문집),2,29,0,2,0,29,31
일본문화연구,13,17,12,1,9,8,30
황해문화,4,26,4,0,26,0,30
경제와 사회,2,28,2,0,26,2,30
대동한문학,30,0,30,0,0,0,30
동양한문학연구,23,6,13,10,4,2,29
서지학연구,25,4,13,12,3,1,29
아동청소년문학연구,14,15,7,7,3,12,29
지명학,28,1,14,14,0,1,29
역사학보,9,20,6,3,8,12,29
사회언어학,27,2,19,8,0,2,29
문화과학,8,21,8,0,21,0,29
사림,8,20,4,4,11,9,28
국제언어문학,7,21,3,4,2,19,28
인문사회 21,20,7,0,20,0,7,27
한국어문학연구,15,12,15,0,12,0,27
Language,26,1,26,0,1,0,27
개벽,8,19,8,0,19,0,27
漢文學報,23,4,17,6,4,0,27
일본연구,13,13,7,6,5,8,26
창작과 비평,5,21,5,0,21,0,26
근대서지,9,17,8,1,14,3,26
문학사상,7,19,7,0,19,0,26
일어일문학연구,19,7,17,2,4,3,26
현대문법연구,26,0,17,9,0,0,26
아시아문화연구,10,15,6,4,7,8,25
어문논총,19,5,19,0,5,0,24
國語硏究,24,0,24,0,0,0,24
세대,5,19,5,0,19,0,24
서울학연구,11,13,10,1,10,3,24
한국민족운동사연구,7,17,6,1,13,4,24
시조학논총,22,2,18,4,0,2,24
동아시아고대학,22,1,8,14,0,1,23
漢文古典硏究,23,0,14,9,0,0,23
口訣硏究,23,0,23,0,0,0,23
민주주의와 인권,2,21,2,0,9,12,23
석당논총,11,12,7,4,6,6,23
한국사회학,6,17,6,0,16,1,23
선청어문,21,2,21,0,2,0,23
생성문법연구,23,0,10,13,0,0,23
사학연구,3,20,3,0,15,5,23
언어연구,22,0,17,5,0,0,22
규장각,20,2,16,4,0,2,22
인문사회과학연구,10,12,2,8,7,5,22
현상과 인식,4,18,4,0,10,8,22
한어문교육,17,5,8,9,3,2,22
Linguistic Inquiry,22,0,22,0,0,0,22
韓國史學報,6,16,6,0,12,4,22
현대영화연구,4,17,2,2,8,9,21
중국어문학논집,19,2,13,6,0,2,21
이상리뷰,5,16,0,5,2,14,21
한국초등국어교육,19,1,16,3,0,1,20
문헌과 해석,20,0,20,0,0,0,20
日本語文學,14,6,12,2,4,2,20
언론과 사회,3,17,3,0,12,5,20
동북아 문화연구,13,7,9,4,5,2,20
개신어문연구,17,3,15,2,3,0,20
문학과 언어,16,4,16,0,4,0,20
人文學硏究,6,14,4,2,6,8,20
朝鮮學報,12,8,12,0,8,0,20
한국한시연구,19,0,13,6,0,0,19
한국사상과 문화,17,2,13,4,2,0,19
日本學硏究,6,13,6,0,7,6,19
한국정치학회보,1,18,1,0,16,2,19
문학과 사회,6,12,6,0,12,0,18
언어학 연구,18,0,5,13,0,0,18
아시아여성연구,7,11,4,3,6,5,18
동방학,17,1,11,6,0,1,18
日本語敎育,13,4,5,8,2,2,17
한국독립운동사연구,5,12,5,0,12,0,17
애산학보,16,1,16,0,1,0,17
민족문화논총,11,6,8,3,4,2,17
연세어문학,15,2,15,0,2,0,17
韓國文化,17,0,17,0,0,0,17
세계의 문학,1,16,1,0,16,0,17
만주연구,5,12,3,2,3,9,17
Foreign Languages Education,16,0,16,0,0,0,16
언어와언어학,16,0,8,8,0,0,16
한국고전연구,16,0,16,0,0,0,16
국학연구,13,3,7,6,0,3,16
冠嶽語文硏究,16,0,16,0,0,0,16
국학연구론총,11,5,9,2,0,5,16
한국여성학,6,10,6,0,9,1,16
동아인문학,12,4,6,6,3,1,16
인문콘텐츠,7,9,5,2,5,4,16
開闢,15,0,15,0,0,0,15
역사문화연구,8,7,5,3,4,3,15
번역학연구,4,11,2,2,7,4,15
용봉인문논총,10,5,2,8,1,4,15
나라사랑,14,1,14,0,1,0,15
오늘의 문예비평,5,10,5,0,10,0,15
기호학 연구,10,5,5,5,4,1,15
신동아,4,11,4,0,11,0,15
한국연극학,6,9,4,2,4,5,15
한성어문학,12,3,5,7,2,1,15
북한연구학회보,1,14,1,0,12,2,15
주시경학보,15,0,15,0,0,0,15
한국시가문화연구,15,0,2,13,0,0,15
한문학논집,12,3,12,0,3,0,15
숭실사학,6,9,3,3,4,5,15
서울과 역사,4,11,3,1,6,5,15
드라마연구,3,12,0,3,2,10,15
사회과학연구,2,12,1,1,11,1,14
영남학,14,0,7,7,0,0,14
국제정치논총,3,11,3,0,11,0,14
한문학논집(漢文學論集),13,1,0,13,0,1,14
동북아역사논총,4,10,3,1,10,0,14
한국아동문학연구,8,6,5,3,2,4,14
Korea Journal,1,13,0,1,6,7,14
문학과 종교,10,4,6,4,0,4,14
한국언론정보학보,4,10,4,0,9,1,14
불어불문학연구,6,8,5,1,7,1,14
중국어문논총,11,3,6,5,3,0,14
민족문화,12,2,10,2,2,0,14
페미니즘연구,3,11,3,0,9,2,14
漢文敎育硏究,13,1,13,0,1,0,14
문예중앙,5,9,5,0,9,0,14
외국문학,5,8,5,0,8,0,13
문장,7,6,7,0,6,0,13
한국정치외교사논총,5,8,3,2,8,0,13
사회와 역사,5,8,5,0,8,0,13
사고와표현,11,2,6,5,0,2,13
대동한문학(大東漢文學),13,0,0,13,0,0,13
비평과이론,2,11,2,0,7,4,13
여성학논집,5,8,4,1,6,2,13
철학논총,10,3,8,2,2,1,13
중국현대문학,2,11,2,0,8,3,13
중국소설논총,11,2,8,3,2,0,13
작가연구,2,11,2,0,11,0,13
한국교육사학,8,5,6,2,3,2,13
철학과 현실,7,6,7,0,6,0,13
다문화콘텐츠연구,7,6,5,2,3,3,13
내일을 여는 역사,2,10,2,0,10,0,12
사이,3,9,3,0,9,0,12
중국어문학지,7,5,6,1,5,0,12
창조,0,12,0,0,12,0,12
일본언어문화,7,5,3,4,4,1,12
중어중문학,8,4,4,4,3,1,12
日本文化學報,6,6,4,2,2,4,12
문학과 영상,8,4,4,4,1,3,12
동아문화,10,2,10,0,2,0,12
교양학 연구,10,2,1,9,0,2,12
언어과학,12,0,8,4,0,0,12
숭실어문,8,4,8,0,4,0,12
삼천리,3,9,3,0,9,0,12
한국민속학,11,1,11,0,0,1,12
일본비평,1,11,0,1,6,5,12
문화와 사회,1,11,1,0,3,8,12
중국언어연구,12,0,2,10,0,0,12
현대시학,2,10,2,0,10,0,12
중국문학,6,6,4,2,5,1,12
思想,0,11,0,0,11,0,11
시대와 철학,6,5,5,1,5,0,11
東亞文化,11,0,11,0,0,0,11
동서비교문학저널,4,7,4,0,3,4,11
조선,0,11,0,0,11,0,11
동서인문학,4,7,0,4,2,5,11
로컬리티 인문학,2,9,2,0,4,5,11
문학,1,10,1,0,10,0,11
문학사와 비평,3,8,3,0,8,0,11
역사학연구,4,7,3,1,4,3,11
韓國文集叢刊,11,0,11,0,0,0,11
김병준,0,11,0,0,0,11,11
人文科學硏究,2,9,1,1,1,8,11
동악어문논집,9,2,9,0,2,0,11
자유문학,1,10,1,0,10,0,11
문학과 지성,4,7,4,0,7,0,11
語學硏究,11,0,11,0,0,0,11
안과밖:영미문학연구,1,10,1,0,9,1,11
南冥學硏究,11,0,6,5,0,0,11
씨네포럼,3,8,1,2,3,5,11
사회와 철학,2,9,2,0,7,2,11
감성연구,1,10,1,0,7,3,11
한국예술연구,2,9,1,1,1,8,11
서정시학,5,5,5,0,5,0,10
공연문화연구,7,3,4,3,1,2,10
國語國文學,10,0,10,0,0,0,10
朝鮮学報,8,2,8,0,2,0,10
지역과 역사,3,7,2,1,3,4,10
학지광,2,8,2,0,8,0,10
독도연구,10,0,4,6,0,0,10
순천향 인문과학논총,7,3,5,2,0,3,10
인문언어,10,0,6,4,0,0,10
일어일문학,8,2,6,2,2,0,10
이화사학연구,4,6,2,2,4,2,10
牛溪學報,10,0,10,0,0,0,10
지방사와 지방문화,4,6,4,0,6,0,10
東洋學,9,1,9,0,1,0,10
통일과 평화,0,10,0,0,2,8,10
韓日民族問題硏究,4,6,3,1,5,1,10
독일어문학,5,5,5,0,4,1,10
영상예술연구,4,6,4,0,4,2,10
언어학연구,10,0,9,1,0,0,10
전농어문연구,8,2,8,0,2,0,10
일본어문학,4,6,1,3,2,4,10
한국학논총,5,5,3,2,5,0,10
김양진,10,0,0,10,0,0,10
철학∙사상∙문화,8,2,5,3,0,2,10
교육문화연구,9,1,6,3,0,1,10
한국출판학연구,6,4,4,2,3,1,10
국문학논집,5,4,5,0,4,0,9
한국동양정치사상사연구,5,4,5,0,3,1,9
중소연구,2,7,1,1,5,2,9
교회사연구,6,3,2,4,2,1,9
비교일본학,5,4,2,3,3,1,9
문화역사지리,8,1,6,2,1,0,9
언론정보연구,3,6,3,0,4,2,9
역사와현실,2,7,2,0,7,0,9
중국학논총,7,2,4,3,2,0,9
Lingua,9,0,9,0,0,0,9
유학연구,9,0,5,4,0,0,9
세계정치,1,8,1,0,8,0,9
현대시,3,6,3,0,6,0,9
진보평론,2,7,2,0,7,0,9
한국실학연구,8,1,6,2,1,0,9
스토리앤이미지텔링,1,8,1,0,2,6,9
先淸語文,9,0,9,0,0,0,9
우리말교육현장연구,8,1,5,3,0,1,9
조선문단,8,1,8,0,1,0,9
프랑스학연구,5,4,4,1,4,0,9
역사와경계,5,4,3,2,1,3,9
서강어문,5,4,5,0,4,0,9
문학과환경,7,2,2,5,2,0,9
기독교사상,0,9,0,0,9,0,9
한국사상사학,5,4,4,1,1,3,9
여성과 역사,2,7,0,2,5,2,9
한신논문집,8,1,8,0,1,0,9
글로컬 어문학 문화 연구,6,3,0,6,0,3,9
한국도서관·정보학회지,3,6,1,2,4,2,9
한국무속학,7,2,6,1,1,1,9
연민학지,8,0,5,3,0,0,8
융합인문학,3,5,2,1,1,4,8
비교민속학,7,1,7,0,0,1,8
중국조선어문,8,0,8,0,0,0,8
월간중앙,1,7,1,0,7,0,8
韓國史學史學報,1,7,1,0,5,2,8
한국문학,2,6,2,0,6,0,8
아세아,0,8,0,0,8,0,8
이선웅,8,0,0,8,0,0,8
地名學,8,0,8,0,0,0,8
한국어문화교육,8,0,6,2,0,0,8
인문학논총,2,6,2,0,4,2,8
드라마 연구,2,6,2,0,6,0,8
韓國言語文學,8,0,8,0,0,0,8
출판저널,0,8,0,0,8,0,8
문화/과학,1,7,1,0,7,0,8
포은학연구,8,0,4,4,0,0,8
외국어교육연구,8,0,5,3,0,0,8
國語學叢書,8,0,8,0,0,0,8
정선희,8,0,0,8,0,0,8
동광,6,2,6,0,2,0,8
현대유럽철학연구,6,2,5,1,0,2,8
페미니즘 연구,1,7,1,0,7,0,8
한국어교육론,8,0,8,0,0,0,8
음악과 현실,3,5,1,2,0,5,8
한자한문연구,8,0,8,0,0,0,8
영어영문학,3,5,3,0,5,0,8
대학작문,8,0,8,0,0,0,8
아시아문화,1,7,1,0,7,0,8
기독교와 문화,2,6,1,1,0,6,8
탈경계인문학Trans-Humanities,2,6,0,2,1,5,8
서지학보,7,1,7,0,1,0,8
상상,0,8,0,0,8,0,8
한국기독교와 역사,3,5,3,0,5,0,8
전남대 어문논총,6,2,2,4,0,2,8
성곡논총,8,0,8,0,0,0,8
한자한문교육,8,0,8,0,0,0,8
인문사회,5,2,5,0,2,0,7
신학사상,2,5,2,0,2,3,7
미술사학,2,5,2,0,2,3,7
마르크스주의 연구,0,7,0,0,5,2,7
철학사상,3,4,3,0,4,0,7
미학예술학연구,3,4,3,0,2,2,7
철학연구,5,2,5,0,2,0,7
철학,4,3,4,0,3,0,7
사림어문연구,2,5,2,0,5,0,7
의사학,0,7,0,0,6,1,7
글로벌문화콘텐츠,3,4,1,2,1,3,7
冠岳語文硏究,7,0,7,0,0,0,7
한국사학보,1,6,1,0,6,0,7
사회와 이론,4,3,4,0,2,1,7
시와시학,0,7,0,0,7,0,7
한국문화기술,5,2,1,4,0,2,7
프랑스어문교육,3,4,2,1,4,0,7
동서철학연구,7,0,6,1,0,0,7
여봉수,7,0,0,7,0,0,7
유아특수교육연구,7,0,5,2,0,0,7
한국민요학,7,0,5,2,0,0,7
당대비평,2,5,2,0,5,0,7
문학수첩,1,6,1,0,6,0,7
젠더와 문화,1,6,1,0,3,3,7
한국프랑스학논집,4,3,3,1,2,1,7
중국학,5,2,2,3,1,1,7
중국문학연구,6,1,4,2,1,0,7
김용현,7,0,0,7,0,0,7
동화와 번역,4,3,4,0,0,3,7
문학정신,3,4,3,0,4,0,7
건지인문학,4,3,1,3,1,2,7
文學思想,6,1,6,0,1,0,7
중국학연구,6,1,3,3,1,0,7
청맥,0,7,0,0,7,0,7
한국사론,1,6,1,0,6,0,7
인문과학논집,6,1,6,0,1,0,7
시민인문학,3,4,0,3,0,4,7
어린이문학교육연구,6,1,4,2,0,1,7
Acta Koreana,2,5,0,2,0,5,7
횡단인문학,2,5,1,1,4,1,7
Studies in Language,7,0,7,0,0,0,7
문학춘추,2,5,2,0,5,0,7
비교한국학,4,3,4,0,3,0,7
어문학논총,7,0,7,0,0,0,7
전선문학,0,7,0,0,7,0,7
현대북한연구,0,7,0,0,3,4,7
대구사학,3,4,3,0,4,0,7
독어독문학,4,3,3,1,2,1,7
한문학보,6,1,6,0,1,0,7
교육사학연구,6,1,5,1,1,0,7
인문평론,2,5,2,0,5,0,7
언론과학연구,4,2,4,0,2,0,6
International Socialism,0,6,0,0,6,0,6
문화전선,0,6,0,0,6,0,6
시학과언어학,2,4,2,0,4,0,6
중국학보,2,4,1,1,2,2,6
Korean Language Education,6,0,6,0,0,0,6
미국사연구,1,5,1,0,5,0,6
史叢(사총),2,4,0,2,0,4,6
남도문화연구,5,1,5,0,0,1,6
대동철학,3,3,3,0,1,2,6
주세형,6,0,0,6,0,0,6
역사와 실학,2,4,1,1,3,1,6
Seoul Journal of Korean Studies,2,4,1,1,2,2,6
동양철학연구,6,0,5,1,0,0,6
Journal of Phonetics,6,0,6,0,0,0,6
TESOL Quarterly,6,0,6,0,0,0,6
동명,1,5,1,0,5,0,6
어문학연구,5,1,5,0,1,0,6
동향과 전망,0,6,0,0,6,0,6
한문교육연구,6,0,6,0,0,0,6
민족,0,6,0,0,6,0,6
통일문제연구,0,6,0,0,5,1,6
역사와 문화,0,6,0,0,5,1,6
음성음운형태론연구,6,0,5,1,0,0,6
조선지광,5,1,5,0,1,0,6
경무휘보,0,6,0,0,6,0,6
日本學(일본학),2,4,0,2,0,4,6
語文學,6,0,6,0,0,0,6
한일민족문제연구,2,4,2,0,4,0,6
고시가연구,6,0,6,0,0,0,6
한중언어문화연구,5,1,0,5,0,1,6
인문과 예술,1,5,1,0,3,2,6
어문학교육,6,0,6,0,0,0,6
한국과 국제정치,1,5,1,0,3,2,6
인문학지,6,0,6,0,0,0,6
니체연구,5,1,5,0,0,1,6
한국어문,6,0,6,0,0,0,6
東方學志,6,0,6,0,0,0,6
범한철학,4,2,4,0,2,0,6
한국문화인류학,1,5,0,1,4,1,6
周時經學報,6,0,6,0,0,0,6
민성,0,6,0,0,6,0,6
일본역사연구,2,4,2,0,3,1,6
한일관계사연구,2,4,1,1,4,0,6
철학논집,4,2,4,0,2,0,6
한국근현대미술사학,2,4,2,0,4,0,6
연극평론,1,5,1,0,5,0,6
人文科學論叢,6,0,6,0,0,0,6
한국문집총간,6,0,6,0,0,0,6
日本思想,5,1,3,2,1,0,6
Journal of Pragmatics,6,0,6,0,0,0,6
동서문학,0,6,0,0,6,0,6
인문과학논총,6,0,6,0,0,0,6
월간문학,1,5,1,0,5,0,6
새얼어문논집,4,2,4,0,2,0,6
김정남,6,0,0,6,0,0,6
문법연구,6,0,6,0,0,0,6
러시아연구,2,3,2,0,1,2,5
단국어문논집,4,1,4,0,1,0,5
文藝,2,3,2,0,3,0,5
여성학연구,0,5,0,0,1,4,5
출판문화,0,5,0,0,5,0,5
동양문화연구,4,1,2,2,1,0,5
월간조선,1,4,1,0,4,0,5
한국초등교육,4,1,1,3,0,1,5
전봉관,0,5,0,0,0,5,5
語文學論叢,5,0,5,0,0,0,5
응용언어학,5,0,5,0,0,0,5
문예미학,2,3,2,0,3,0,5
문화와 정치,1,4,1,0,2,2,5
통번역학연구,1,4,0,1,1,3,5
한국문헌정보학회지,2,3,2,0,3,0,5
한국음악연구,2,3,2,0,3,0,5
공존의 인간학,3,2,0,3,0,2,5
韓民族語文學,5,0,5,0,0,0,5
심상,1,4,1,0,4,0,5
호남학,2,3,0,2,0,3,5
경제사학,3,2,3,0,2,0,5
우리말 연구,4,1,4,0,1,0,5
중국어문학,5,0,5,0,0,0,5
역사민속학,4,1,4,0,1,0,5
목원어문학,4,1,4,0,1,0,5
음악논단,2,3,0,2,1,2,5
대순사상논총,4,1,4,0,0,1,5
김정은,4,1,0,4,0,1,5
종교연구,4,1,4,0,0,1,5
시민과 세계,1,4,1,0,3,1,5
언어와 정보,5,0,5,0,0,0,5
노어노문학,2,3,0,2,1,2,5
문헌과해석,5,0,5,0,0,0,5
韓國語硏究,5,0,5,0,0,0,5
말소리,5,0,5,0,0,0,5
김종회,1,4,0,1,0,4,5
성심어문논집,5,0,5,0,0,0,5
공간과 사회,2,3,2,0,3,0,5
Natural Language and Linguistic Theory,5,0,5,0,0,0,5
국사관논총,3,2,3,0,2,0,5
신춘시,0,5,0,0,5,0,5
퇴계학논총,5,0,1,4,0,0,5
朝光,4,1,4,0,1,0,5
國譯燕行錄選集,5,0,5,0,0,0,5
일본어학연구,5,0,2,3,0,0,5
어린이,5,0,5,0,0,0,5
영어영문학연구,5,0,5,0,0,0,5
조선시대사학보,5,0,2,3,0,0,5
다문화교육연구,5,0,4,1,0,0,5
Linguistics and Philosophy,5,0,5,0,0,0,5
강원문화연구,4,1,4,0,1,0,5
국방연구,0,5,0,0,4,1,5
泮橋語文硏究,5,0,5,0,0,0,5
세계의문학,1,4,1,0,4,0,5
이은경,5,0,0,5,0,0,5
중국연구,4,1,1,3,0,1,5
청년문학,0,5,0,0,5,0,5
알타이학보,5,0,5,0,0,0,5
The Review of Korean Studies,1,4,0,1,2,2,5
통번역교육연구,5,0,1,4,0,0,5
항도부산,0,5,0,0,1,4,5
문학한글,5,0,5,0,0,0,5
학술원논문집,4,1,4,0,1,0,5
다문화사회연구,3,2,1,2,2,0,5
역사교육,2,3,1,1,2,1,5
이주영,5,0,0,5,0,0,5
世代,4,1,4,0,1,0,5
Historical Materialism,0,5,0,0,5,0,5
이명현,3,2,0,3,0,2,5
Korean Studies,0,5,0,0,5,0,5
중등교육연구,5,0,4,1,0,0,5
孤山硏究,5,0,5,0,0,0,5
기초조형학연구,4,1,4,0,1,0,5
語文論叢,5,0,5,0,0,0,5
중국문화연구,4,1,3,1,1,0,5
역사와 세계,1,4,1,0,3,1,5
韓國學報,5,0,5,0,0,0,5
국어국문학연구,2,3,2,0,3,0,5
새벽,3,2,3,0,2,0,5
법학연구,3,2,1,2,2,0,5
인문학 연구,4,1,4,0,1,0,5
국제법학회논총,0,5,0,0,5,0,5
정서·행동장애연구,3,1,2,1,0,1,4
우리말 글,3,1,3,0,1,0,4
독어교육,4,0,4,0,0,0,4
中國語文,4,0,4,0,0,0,4
중국근현대사연구,2,2,1,1,2,0,4
Poetics Today,3,1,3,0,1,0,4
남북문화예술연구,2,2,2,0,2,0,4
기록학연구,0,4,0,0,4,0,4
아동문학,1,3,1,0,3,0,4
전북사학,3,1,1,2,1,0,4
구민지,4,0,0,4,0,0,4
국어사 연구,4,0,4,0,0,0,4
문학과지성,1,3,1,0,3,0,4
The Korean of Bilingualism,4,0,4,0,0,0,4
신학연구,1,3,1,0,1,2,4
남도민속연구,3,1,2,1,0,1,4
하윤섭,4,0,0,4,0,0,4
율곡학연구,2,2,1,1,0,2,4
신천지,0,4,0,0,4,0,4
"미디어, 젠더 & 문화",1,3,1,0,1,2,4
한국콘텐츠학회 논문지,3,1,3,0,1,0,4
아시아영화연구,1,3,0,1,1,2,4
Transportation Research Part B,0,4,0,0,4,0,4
현대영미소설,0,4,0,0,2,2,4
國語國文學論文集,4,0,4,0,0,0,4
칸트연구,3,1,3,0,1,0,4
자음과모음,0,4,0,0,4,0,4
민속연구,4,0,4,0,0,0,4
亞細亞硏究,4,0,4,0,0,0,4
한국근현대미술사학(구 한국근대미술사학),1,3,0,1,0,3,4
여/성이론,0,4,0,0,4,0,4
목정수,4,0,0,4,0,0,4
영미문학연구,1,3,0,1,2,1,4
韓國漢文學硏究,4,0,4,0,0,0,4
한국철학논집,3,1,2,1,1,0,4
민족연구,3,1,2,1,0,1,4
괴테연구,2,2,2,0,2,0,4
白山學報,4,0,4,0,0,0,4
한국음악사학보,1,3,1,0,3,0,4
헤겔연구,3,1,3,0,1,0,4
國語文學,4,0,4,0,0,0,4
다문화와 평화,4,0,4,0,0,0,4
중국사연구,0,4,0,0,1,3,4
철학과 현상학 연구,1,3,1,0,3,0,4
최경희,0,4,0,0,0,4,4
고전번역연구,2,2,1,1,0,2,4
한국과학사학회지,1,3,1,0,2,1,4
지식과 교양,3,1,0,3,0,1,4
大東文化硏究,4,0,4,0,0,0,4
Linguistics,4,0,4,0,0,0,4
동학학보,3,1,2,1,0,1,4
L’Année Baudelaire,0,4,0,0,4,0,4
현대문학의연구,1,3,1,0,3,0,4
디자인학연구,1,3,1,0,3,0,4
청소년학연구,3,1,3,0,1,0,4
정하정,4,0,0,4,0,0,4
군사,0,4,0,0,4,0,4
연보와 평전,4,0,4,0,0,0,4
러시아어문학연구논집,3,1,3,0,0,1,4
歷代韓國文法大系,4,0,4,0,0,0,4
日本學報,4,0,4,0,0,0,4
교육학연구,4,0,4,0,0,0,4
漢城語文學,4,0,4,0,0,0,4
조재형,4,0,0,4,0,0,4
김문주,1,3,0,1,0,3,4
신라문화,4,0,4,0,0,0,4
兒童文學評論,4,0,4,0,0,0,4
인지과학,4,0,4,0,0,0,4
조광,1,3,1,0,3,0,4
朝鮮文化硏究,4,0,4,0,0,0,4
여성과 사회,0,4,0,0,4,0,4
특수교육저널:이론과 실천,4,0,3,1,0,0,4
비판,1,3,1,0,3,0,4
語文生活,4,0,4,0,0,0,4
한국시문학,2,2,2,0,2,0,4
문예시학,0,4,0,0,4,0,4
인문사회과학논문집,2,2,2,0,2,0,4
특수교육연구,4,0,4,0,0,0,4
사회이론,1,3,1,0,2,1,4
평화학연구,0,4,0,0,3,1,4
도시연구: 역사·사회·문화,0,4,0,0,2,2,4
世界,0,4,0,0,4,0,4
교육사상연구,2,2,2,0,1,1,4
문학과 경계,1,3,1,0,3,0,4
연구보고서,4,0,4,0,0,0,4
古典文學硏究,4,0,4,0,0,0,4
만화애니메이션연구,3,1,2,1,1,0,4
한국정치연구,0,4,0,0,1,3,4
문창어문논집,2,2,2,0,2,0,4
민족무용,4,0,4,0,0,0,4
동양정치사상사,1,3,1,0,3,0,4
박동호,4,0,0,4,0,0,4
중국인문과학,4,0,2,2,0,0,4
충청문화연구,3,1,3,0,1,0,4
한국고대사연구,2,2,2,0,1,1,4
Circ J,4,0,4,0,0,0,4
백정옥,4,0,0,4,0,0,4
한국어와 문화,3,1,3,0,1,0,4
영남어문학,4,0,4,0,0,0,4
The Journal of Asian Studies,1,3,1,0,3,0,4
이경수,2,2,0,2,0,2,4
Written Communication,4,0,4,0,0,0,4
지역사회연구,0,4,0,0,1,3,4
신학전망,4,0,4,0,0,0,4
교육과정연구,3,1,3,0,0,1,4
별건곤,2,2,2,0,2,0,4
대한교통학회지,0,4,0,0,4,0,4
문한별,2,2,0,2,0,2,4
Comparative Korean Studies,3,1,3,0,1,0,4
커뮤니케이션 이론,0,3,0,0,3,0,3
영상문화콘텐츠연구,2,1,2,0,1,0,3
한림일본학 (구 한림일본학연구),0,3,0,0,0,3,3
인도법논총,0,3,0,0,3,0,3
폐허,0,3,0,0,3,0,3
시사저널,0,3,0,0,3,0,3
인간연구,3,0,3,0,0,0,3
백조,0,3,0,0,3,0,3
比較文學硏究,0,3,0,0,3,0,3
영어교과교육,3,0,3,0,0,0,3
하성운,3,0,0,3,0,0,3
동남아시아연구,2,1,2,0,1,0,3
역사교육연구,1,2,1,0,2,0,3
신여성,3,0,3,0,0,0,3
漢字漢文硏究,3,0,3,0,0,0,3
오늘의문예비평,0,3,0,0,3,0,3
日本學,0,3,0,0,3,0,3
한국교육문제연구,1,2,1,0,0,2,3
박명진,2,1,0,2,0,1,3
서예학연구,3,0,1,2,0,0,3
원우론집,2,1,2,0,1,0,3
한국컴퓨터정보학회논문지,1,2,0,1,2,0,3
번역비평,1,2,1,0,2,0,3
Journal of Korean Medical Science,3,0,3,0,0,0,3
대동아,0,3,0,0,3,0,3
교과 교육 연구,3,0,3,0,0,0,3
Gwanak journal of Korean literature and language,3,0,3,0,0,0,3
Linguistic and Philosophy,3,0,3,0,0,0,3
중앙사론,0,3,0,0,2,1,3
語文論集,3,0,3,0,0,0,3
국어학회,3,0,3,0,0,0,3
古印刷文化,3,0,3,0,0,0,3
Journal of Linguistics,3,0,3,0,0,0,3
통일문학,0,3,0,0,3,0,3
中央大學校論文集,3,0,3,0,0,0,3
唯物論硏究,0,3,0,0,3,0,3
한남어문학,3,0,3,0,0,0,3
한불연구,3,0,3,0,0,0,3
허인영,3,0,0,3,0,0,3
유인태,0,3,0,0,0,3,3
북한,1,2,1,0,2,0,3
불교어문논집,3,0,3,0,0,0,3
지방행정,1,2,1,0,2,0,3
하채현,1,2,0,1,0,2,3
서양미술사학회 논문집,2,1,2,0,1,0,3
The Journal of Korean Studies,0,3,0,0,3,0,3
국어 국문학,3,0,3,0,0,0,3
교육공학연구,3,0,3,0,0,0,3
백민,0,3,0,0,3,0,3
카프카 연구,2,1,2,0,1,0,3
International Journal of Korean History,0,3,0,0,0,3,3
PMLA,2,1,2,0,1,0,3
독일문학,2,1,2,0,1,0,3
Language Sciences,3,0,3,0,0,0,3
미술이론과 현장,0,3,0,0,1,2,3
프랑스문화예술연구,2,1,2,0,1,0,3
퇴계학과 유교문화,3,0,3,0,0,0,3
Language Research,3,0,3,0,0,0,3
건국어문학,1,2,1,0,2,0,3
Linguistic Typology,3,0,3,0,0,0,3
윤여탁,3,0,0,3,0,0,3
동서인문,2,1,0,2,0,1,3
Journal of Korean Linguistics,3,0,3,0,0,0,3
특수교육학연구,3,0,2,1,0,0,3
재외한인연구,1,2,1,0,2,0,3
이해영,2,1,0,2,0,1,3
대학교육,2,1,2,0,1,0,3
명지어문학,3,0,3,0,0,0,3
서울대학교 논문집,3,0,3,0,0,0,3
독서연구 -,3,0,3,0,0,0,3
이상희,3,0,0,3,0,0,3
박주연,3,0,0,3,0,0,3
중동유럽한국학회지,1,2,1,0,2,0,3
신성환,3,0,0,3,0,0,3
方言,3,0,3,0,0,0,3
교육과정평가연구,3,0,2,1,0,0,3
중국어문논역총간,1,2,0,1,1,1,3
한국어의미학,3,0,3,0,0,0,3
오규환,3,0,0,3,0,0,3
교육연구,2,1,2,0,1,0,3
Soviet Studies,0,3,0,0,3,0,3
대한건축학회논문집 계획계,2,1,2,0,1,0,3
學風,2,1,2,0,1,0,3
정경문화,0,3,0,0,3,0,3
문화와 융합,3,0,3,0,0,0,3
한힌샘주시경연구,3,0,3,0,0,0,3
민주사회와 정책연구,0,3,0,0,3,0,3
영어교육연구,3,0,2,1,0,0,3
장신논단,2,1,2,0,0,1,3
경제와사회,0,3,0,0,3,0,3
음성과학,3,0,3,0,0,0,3
엄홍준,3,0,0,3,0,0,3
現代文學,3,0,3,0,0,0,3
대구어문논총,3,0,3,0,0,0,3
대화,0,3,0,0,3,0,3
도시인문학연구,1,2,0,1,0,2,3
현대영어영문학,1,2,1,0,2,0,3
예술과 비평,0,3,0,0,3,0,3
차세대 인문사회연구,1,2,0,1,1,1,3
텍스트 언어학,3,0,3,0,0,0,3
윤나영,3,0,0,3,0,0,3
현대시문학,3,0,3,0,0,0,3
예술교육연구,1,2,0,1,0,2,3
특수교육재활과학연구,3,0,1,2,0,0,3
정보관리학회지,1,2,1,0,1,1,3
김옥성,0,3,0,0,0,3,3
韓國漢詩硏究,3,0,3,0,0,0,3
일본어교육연구,2,1,1,1,0,1,3
문법교육,3,0,3,0,0,0,3
허방신,3,0,0,3,0,0,3
在日朝鮮人史研究,0,3,0,0,3,0,3
김은성,3,0,0,3,0,0,3
Transportation,0,3,0,0,3,0,3
한국말글학,2,1,2,0,1,0,3
동국사학,2,1,2,0,1,0,3
영상문화,1,2,1,0,2,0,3
The China Quarterly,0,3,0,0,3,0,3
역사와 담론,1,2,0,1,1,1,3
아태연구,2,1,2,0,0,1,3
제노사이드 연구,0,3,0,0,3,0,3
The Modern Language Journal,3,0,3,0,0,0,3
남명학연구,3,0,3,0,0,0,3
조형미디어학,2,1,2,0,0,1,3
미술사연구,3,0,2,1,0,0,3
사전편찬학 연구,3,0,3,0,0,0,3
월간 말,0,3,0,0,3,0,3
미술사학보,2,1,1,1,0,1,3
안과밖,0,3,0,0,3,0,3
고전과해석,3,0,3,0,0,0,3
Journal of Positive Behavior Interventions,3,0,3,0,0,0,3
Korean Linguistics,3,0,3,0,0,0,3
배영환,3,0,0,3,0,0,3
滿族硏究,3,0,3,0,0,0,3
연구논문집,2,1,2,0,1,0,3
史叢,0,3,0,0,3,0,3
성균어문연구,1,2,1,0,2,0,3
청람어문학,3,0,3,0,0,0,3
어문생활,3,0,3,0,0,0,3
태동고전연구,2,1,2,0,1,0,3
토지법학,1,2,1,0,2,0,3
한글+漢字문화,3,0,3,0,0,0,3
강남욱,3,0,0,3,0,0,3
『도서문화』,3,0,1,2,0,0,3
김현주,2,1,0,2,0,1,3
강원민속학,2,1,2,0,1,0,3
경영사연구,2,1,2,0,0,1,3
미술사학연구,2,1,2,0,1,0,3
이상현,1,2,0,1,0,2,3
지역문학연구,2,1,2,0,1,0,3
대한흥학보,0,3,0,0,3,0,3
韓國史論,2,1,2,0,1,0,3
국민대논문집,3,0,3,0,0,0,3
Journal of Korean Culture,3,0,3,0,0,0,3
태서문예신보,3,0,3,0,0,0,3
김진해,3,0,0,3,0,0,3
문교의 조선,0,3,0,0,3,0,3
三千里,3,0,3,0,0,0,3
동양음악(구 민족음악학),3,0,0,3,0,0,3
배달말교육,3,0,3,0,0,0,3
동양예술,3,0,1,2,0,0,3
교육사회학연구,0,3,0,0,1,2,3
新日本文学,0,3,0,0,3,0,3
국어사자료연구,3,0,3,0,0,0,3
Social Text,1,2,1,0,2,0,3
고인쇄문화,3,0,3,0,0,0,3
젠더와 사회,0,3,0,0,3,0,3
이정희,3,0,0,3,0,0,3
이승은,2,1,0,2,0,1,3
한국연극,3,0,3,0,0,0,3
계명논총,3,0,3,0,0,0,3
담론,0,3,0,0,3,0,3
Revue du MAUSS,0,3,0,0,3,0,3
민주법학,0,3,0,0,2,1,3
영미어문학,0,3,0,0,3,0,3
문화정책논총,1,2,1,0,1,1,3
전영근,3,0,0,3,0,0,3
漢字敎育新講,3,0,3,0,0,0,3
통일한국,1,2,1,0,2,0,3
Journal of East Asian Linguistics,3,0,3,0,0,0,3
한일군사문화연구,0,3,0,0,1,2,3
북한학연구,1,2,0,1,1,1,3
국제문화연구,2,1,0,2,0,1,3
Transportation Research Part E,0,3,0,0,3,0,3
대중음악,0,3,0,0,3,0,3
Natural Language Semantics,3,0,3,0,0,0,3
문예운동,1,2,1,0,2,0,3
이혜은,1,2,0,1,0,2,3
미국학 논집,0,3,0,0,3,0,3
김인균,3,0,0,3,0,0,3
아시아리뷰,0,3,0,0,1,2,3
국어교과교육연구,3,0,3,0,0,0,3
탐라문화,1,2,0,1,0,2,3
다리,0,3,0,0,3,0,3
우암사려,1,2,1,0,2,0,3
한국 예이츠 저널,1,2,0,1,0,2,3
뷔히너와 현대문학,1,2,1,0,2,0,3
통일정책연구,0,3,0,0,3,0,3
學術院論文集,3,0,3,0,0,0,3
조현용,3,0,0,3,0,0,3
초등도덕교육,2,1,1,1,0,1,3
인도연구,0,3,0,0,3,0,3
특수교육,3,0,2,1,0,0,3
교육과학연구,3,0,2,1,0,0,3
Journal of Machine Learning Research,1,2,1,0,2,0,3
김만태,3,0,0,3,0,0,3
김재욱,2,1,0,2,0,1,3
역사와교육,2,1,2,0,0,1,3
울산어문논집,3,0,3,0,0,0,3
라깡과 현대정신분석,2,1,2,0,1,0,3
한국방송학보,2,1,2,0,1,0,3
東光,3,0,3,0,0,0,3
여성과사회,0,3,0,0,3,0,3
Circulation,3,0,3,0,0,0,3
이민우,3,0,0,3,0,0,3
한국아프리카 학회지,1,2,1,0,2,0,3
인간.환경.미래,2,1,2,0,0,1,3
백산학보,2,1,2,0,0,1,3
한국심리학회지: 인지 및 생물,3,0,3,0,0,0,3
영국연구,0,2,0,0,1,1,2
Political Science Quarterly,0,2,0,0,2,0,2
新天地,2,0,2,0,0,0,2
Lexicology,2,0,2,0,0,0,2
미래유아교육학회지,2,0,1,1,0,0,2
오승영,2,0,0,2,0,0,2
고고학,2,0,0,2,0,0,2
안과 밖,0,2,0,0,2,0,2
國外語言學,2,0,2,0,0,0,2
시인들,0,2,0,0,2,0,2
일본근대학연구,0,2,0,0,2,0,2
新興大學校 論文集,2,0,2,0,0,0,2
The Economic Journal,0,2,0,0,2,0,2
최규발,2,0,0,2,0,0,2
여성과 평화,0,2,0,0,2,0,2
정유남,2,0,0,2,0,0,2
태릉어문연구,2,0,2,0,0,0,2
Foreign Affairs,0,2,0,0,2,0,2
브레히트와 현대연극,1,1,1,0,1,0,2
독일연구 - 역사·사회·문화,1,1,1,0,1,0,2
한국의 북방의식,0,2,0,0,2,0,2
관대논문집,2,0,2,0,0,0,2
경주사학,2,0,2,0,0,0,2
禪文化硏究,1,1,0,1,0,1,2
민족사상,2,0,1,1,0,0,2
한국사학사학보,0,2,0,0,2,0,2
English Language and Linguistics,2,0,2,0,0,0,2
한국종교,2,0,2,0,0,0,2
예술인문사회 융합 멀티미디어 논문지,1,1,1,0,0,1,2
한국문학과예술,0,2,0,0,2,0,2
열린정신 인문학연구,1,1,1,0,1,0,2
Socialism and Democracy,0,2,0,0,2,0,2
통역과 번역,2,0,0,2,0,0,2
도시문제,0,2,0,0,2,0,2
호남학보,2,0,2,0,0,0,2
한국논단,1,1,1,0,1,0,2
역사와 경계,2,0,2,0,0,0,2
ELT Journal,2,0,2,0,0,0,2
구술사연구,0,2,0,0,2,0,2
이준규,2,0,0,2,0,0,2
최연화,2,0,0,2,0,0,2
강다연,0,2,0,0,0,2,2
한길문학,1,1,1,0,1,0,2
Journal of World Literature,1,1,1,0,1,0,2
日本語と日本文學,1,1,1,0,1,0,2
출판잡지연구,0,2,0,0,2,0,2
공산권연구,0,2,0,0,2,0,2
한영균,2,0,0,2,0,0,2
東洋學報,2,0,2,0,0,0,2
방정환연구,1,1,0,1,0,1,2
Psychological Review,2,0,2,0,0,0,2
지구적 세계문학,0,2,0,0,2,0,2
최연식,2,0,0,2,0,0,2
美術史論壇,1,1,1,0,1,0,2
외국학연구,0,2,0,0,1,1,2
現代詩手帖,0,2,0,0,2,0,2
語文생활,2,0,2,0,0,0,2
방언,2,0,2,0,0,0,2
신학논단,2,0,2,0,0,0,2
윤리교육연구,1,1,0,1,0,1,2
여성동아,1,1,1,0,1,0,2
東岳語文論集,2,0,2,0,0,0,2
영미연구,1,1,1,0,1,0,2
사회평론 길,0,2,0,0,2,0,2
한국협동조합연구,1,1,1,0,1,0,2
International Language and Literature,2,0,2,0,0,0,2
최은지,2,0,0,2,0,0,2
T&I REVIEW,0,2,0,0,0,2,2
대조,1,1,1,0,1,0,2
月刊 對話,0,2,0,0,2,0,2
김건영,2,0,0,2,0,0,2
독일어문화권연구,0,2,0,0,2,0,2
民族文化論叢,2,0,2,0,0,0,2
산업노동연구,0,2,0,0,2,0,2
The Journal of Philosophy,2,0,2,0,0,0,2
이숙진,2,0,0,2,0,0,2
漢語學習,2,0,2,0,0,0,2
누리와 말씀,2,0,2,0,0,0,2
농촌사회,0,2,0,0,1,1,2
Journal of Contemporary History,0,2,0,0,2,0,2
향토문학연구,2,0,2,0,0,0,2
朝鮮語硏究,2,0,2,0,0,0,2
Phonology,2,0,2,0,0,0,2
韓國文集叢刊 續集,2,0,2,0,0,0,2
동북아연구,0,2,0,0,1,1,2
아시아연구,2,0,1,1,0,0,2
현대미술사연구,0,2,0,0,2,0,2
사전편찬학연구,2,0,2,0,0,0,2
진단학회,1,1,1,0,1,0,2
슬라브어 연구,2,0,1,1,0,0,2
別乾坤,1,1,1,0,1,0,2
다산학,2,0,0,2,0,0,2
Natural Language & Linguistic Theory,2,0,2,0,0,0,2
아시아교육연구,1,1,1,0,1,0,2
이민아,2,0,0,2,0,0,2
세계 역사와 문화 연구,1,1,0,1,1,0,2
문화연구,0,2,0,0,2,0,2
大東漢文學,2,0,2,0,0,0,2
JINLAN,0,2,0,0,0,2,2
서양사론,1,1,1,0,0,1,2
思想彙報,0,2,0,0,2,0,2
정태수,0,2,0,0,0,2,2
國民文學,0,2,0,0,2,0,2
한국문학평론,1,1,1,0,1,0,2
Journal of Memory and Language,2,0,2,0,0,0,2
월간 사월,0,2,0,0,2,0,2
방송문화연구,1,1,0,1,1,0,2
眞檀學報,2,0,2,0,0,0,2
주시경 학보,2,0,2,0,0,0,2
Critical Inquiry,1,1,1,0,1,0,2
김낭예,2,0,0,2,0,0,2
최새흰,0,2,0,0,0,2,2
대한정치학회보,1,1,1,0,0,1,2
Diabetes Res Clin Pract,2,0,2,0,0,0,2
김백영,0,2,0,0,0,2,2
조윤경,2,0,0,2,0,0,2
原爆文学研究,0,2,0,0,2,0,2
예술경영연구,0,2,0,0,2,0,2
朝鮮文壇,2,0,2,0,0,0,2
문화예술,0,2,0,0,2,0,2
사회평론,0,2,0,0,2,0,2
国際交流研究,0,2,0,0,2,0,2
도산법연구,2,0,2,0,0,0,2
한국엔터테인먼트산업학회논문지,1,1,1,0,0,1,2
인문사회논문집,2,0,2,0,0,0,2
독일현대문학,1,1,1,0,1,0,2
Language Learning,2,0,2,0,0,0,2
Transportation Research Record,0,2,0,0,2,0,2
Holocaust and Genocide Studies,0,2,0,0,2,0,2
시오야 모에,1,1,0,1,0,1,2
미국학,0,2,0,0,2,0,2
人文論叢,2,0,2,0,0,0,2
해양관광학연구,0,2,0,0,0,2,2
시대정신,0,2,0,0,2,0,2
박종희,2,0,0,2,0,0,2
조진수,2,0,0,2,0,0,2
노동문학,0,2,0,0,2,0,2
한국사회,0,2,0,0,2,0,2
明知語文學,1,1,1,0,1,0,2
韓国朝鮮の文化と社会,0,2,0,0,2,0,2
서양사연구,2,0,2,0,0,0,2
蘭台世界,2,0,2,0,0,0,2
김민환,0,2,0,0,0,2,2
원우논총,0,2,0,0,2,0,2
교과교육학연구,2,0,2,0,0,0,2
關大論文集,2,0,2,0,0,0,2
陶南學報,2,0,2,0,0,0,2
한국한시작가연구,2,0,2,0,0,0,2
청람사학,1,1,1,0,1,0,2
國際語文,2,0,2,0,0,0,2
자유공론,0,2,0,0,2,0,2
이지양,2,0,0,2,0,0,2
KOREAN LITERATURE EDUCATION RESEARCH,2,0,2,0,0,0,2
동방문화와 사상,1,1,0,1,0,1,2
한신대논문집,2,0,2,0,0,0,2
International Journal of Lexicography,2,0,2,0,0,0,2
서혁,2,0,0,2,0,0,2
한국지역지리학회지,2,0,2,0,0,0,2
北韓,1,1,1,0,1,0,2
한양어문연구,2,0,2,0,0,0,2
산업사회연구,0,2,0,0,2,0,2
강현화,2,0,0,2,0,0,2
법사학연구,0,2,0,0,2,0,2
이화젠더법학,0,2,0,0,2,0,2
최은경,2,0,0,2,0,0,2
한림일본학,0,2,0,0,2,0,2
사회비평,1,1,1,0,1,0,2
김바로,2,0,0,2,0,0,2
박재연,2,0,0,2,0,0,2
International Journal of Maritime History,0,2,0,0,2,0,2
신민,2,0,2,0,0,0,2
정진강,2,0,0,2,0,0,2
로고스경영연구,2,0,2,0,0,0,2
한국인터넷방송통신학회 논문지,1,1,1,0,1,0,2
국제정치연구,0,2,0,0,1,1,2
戰旗,0,2,0,0,2,0,2
American Speech,2,0,2,0,0,0,2
의철학연구,2,0,2,0,0,0,2
여성,0,2,0,0,2,0,2
東方學誌,2,0,2,0,0,0,2
판소리 연구,2,0,2,0,0,0,2
신세대,0,2,0,0,2,0,2
牛岩斯黎,2,0,2,0,0,0,2
정치사상연구,1,1,1,0,0,1,2
한국불교학,2,0,1,1,0,0,2
국제고려학회 서울지회 논문집,1,1,1,0,1,0,2
문동규,2,0,0,2,0,0,2
東洋古典硏究,2,0,2,0,0,0,2
연남경,0,2,0,0,0,2,2
성균관법학,1,1,1,0,1,0,2
古文書硏究,2,0,2,0,0,0,2
백은희,2,0,0,2,0,0,2
채영희,2,0,0,2,0,0,2
Culinary Science & Hospitality Research,1,1,0,1,0,1,2
佛敎學論叢,2,0,2,0,0,0,2
Foreign Language Annals,2,0,2,0,0,0,2
시문학,1,1,1,0,1,0,2
교육평가연구,2,0,2,0,0,0,2
海峽,0,2,0,0,2,0,2
시민과세계,0,2,0,0,2,0,2
SaeKukeoSaenghwal,2,0,2,0,0,0,2
문학들,0,2,0,0,2,0,2
고윤경,0,2,0,0,0,2,2
Philosophical Review,2,0,2,0,0,0,2
단층,0,2,0,0,2,0,2
인천학연구,0,2,0,0,2,0,2
漢文學論集,2,0,2,0,0,0,2
Journal of Transport Economics and Policy,0,2,0,0,2,0,2
김성해,0,2,0,0,0,2,2
대한건축학회논문집,1,1,1,0,1,0,2
西江語文,2,0,2,0,0,0,2
프랑스 문화 연구,2,0,1,1,0,0,2
어문집,2,0,2,0,0,0,2
여성이론,2,0,2,0,0,0,2
신청년,1,1,1,0,1,0,2
교양교육과 시민,1,1,0,1,0,1,2
스페인어문학,0,2,0,0,2,0,2
독어학,2,0,1,1,0,0,2
청대학술논집,2,0,2,0,0,0,2
강한,2,0,0,2,0,0,2
조선어문,2,0,2,0,0,0,2
語文學敎育,2,0,2,0,0,0,2
한국여성신학,0,2,0,0,2,0,2
백록어문,2,0,2,0,0,0,2
정창훈,0,2,0,0,0,2,2
인공지능인문학연구,1,1,1,0,1,0,2
語文論集,2,0,2,0,0,0,2
한민족공영체,2,0,2,0,0,0,2
한국연극연구,1,1,1,0,1,0,2
응용지리,1,1,1,0,1,0,2
世界漢語敎學,2,0,2,0,0,0,2
미국소설,1,1,1,0,0,1,2
A Gubo study,2,0,2,0,0,0,2
열린교육연구,2,0,2,0,0,0,2
문교월보,2,0,2,0,0,0,2
한국일본교육학연구,0,2,0,0,0,2,2
한일공동연구총서,0,2,0,0,2,0,2
한국심리학회지:여성,2,0,2,0,0,0,2
지리학,2,0,2,0,0,0,2
新沖縄文学,0,2,0,0,2,0,2
国語学,2,0,2,0,0,0,2
Australian Journal of Linguistics,2,0,2,0,0,0,2
스피치와 커뮤니케이션,2,0,2,0,0,0,2
미네자키 토모코,0,2,0,0,0,2,2
中國學硏究,2,0,2,0,0,0,2
커뮤니케이션학 연구,2,0,2,0,0,0,2
이수진,2,0,0,2,0,0,2
한국사 시민강좌,1,1,1,0,1,0,2
홍종선,2,0,0,2,0,0,2
한국고지도연구,2,0,0,2,0,0,2
예술세계,2,0,2,0,0,0,2
이화음악논집,1,1,0,1,0,1,2
김규훈,2,0,0,2,0,0,2
김유미,2,0,0,2,0,0,2
한국지리환경교육학회지,1,1,1,0,1,0,2
한국학 연구,1,1,1,0,1,0,2
다문화사회와 교육연구,1,1,0,1,0,1,2
정연주,1,1,0,1,0,1,2
소현수,2,0,0,2,0,0,2
사대논문집,2,0,2,0,0,0,2
현대정신분석,1,1,1,0,1,0,2
한국문화연구원논총,2,0,2,0,0,0,2
산청어문,2,0,2,0,0,0,2
김연숙,1,1,0,1,0,1,2
SaeKukeo-Saenghwal,2,0,2,0,0,0,2
신희성,2,0,0,2,0,0,2
韓國學論集,2,0,2,0,0,0,2
석추영,0,2,0,0,0,2,2
계명어문학,1,1,1,0,1,0,2
법과사회,0,2,0,0,1,1,2
Econometrica,0,2,0,0,2,0,2
Research on Language and Social Interaction,2,0,2,0,0,0,2
東洋禮學,2,0,2,0,0,0,2
동양사학연구,1,1,0,1,1,0,2
김종희,2,0,0,2,0,0,2
이선영,2,0,0,2,0,0,2
종교학연구,2,0,2,0,0,0,2
가족과 커뮤니티,2,0,0,2,0,0,2
International Review of Applied Linguistics in Language Teaching,2,0,2,0,0,0,2
남경완,2,0,0,2,0,0,2
국제지역연구,0,2,0,0,2,0,2
한국 근대문학연구,1,1,1,0,1,0,2
제노사이드연구,0,2,0,0,2,0,2
Literary and Linguistic Computing,2,0,2,0,0,0,2
畿甸文化硏究,2,0,2,0,0,0,2
新東亞,2,0,2,0,0,0,2
교양논총,2,0,2,0,0,0,2
한문교육,2,0,2,0,0,0,2
안태형,2,0,0,2,0,0,2
미술사논단,0,2,0,0,2,0,2
송도,0,2,0,0,2,0,2
한국정보기술학회논문지,2,0,2,0,0,0,2
슬라브학보,1,1,1,0,1,0,2
사책,0,2,0,0,0,2,2
불교학보,2,0,2,0,0,0,2
전남대학교 한국어문학연구소 학술지 어문논총,2,0,2,0,0,0,2
세계지역연구논총,0,2,0,0,2,0,2
시안,2,0,2,0,0,0,2
말소리와 음성과학,2,0,2,0,0,0,2
신학과 교회,2,0,2,0,0,0,2
정세연구,0,2,0,0,2,0,2
최수연,2,0,0,2,0,0,2
운곡논총,0,2,0,0,0,2,2
국제한국어교육,2,0,2,0,0,0,2
실천민속학 연구,2,0,1,1,0,0,2
박형진,2,0,0,2,0,0,2
한남기,0,2,0,0,0,2,2
開新語文硏究,2,0,2,0,0,0,2
저스티스,2,0,2,0,0,0,2
琉大文学,0,2,0,0,2,0,2
한국교육,0,2,0,0,2,0,2
Word,2,0,2,0,0,0,2
Advances in Neural Information Processing Systems,2,0,2,0,0,0,2
하상복,0,2,0,0,0,2,2
한국교원교육연구,2,0,2,0,0,0,2
영미문화,0,2,0,0,2,0,2
청춘,0,2,0,0,2,0,2
국제문제연구,0,2,0,0,2,0,2
한국여성철학,1,1,1,0,1,0,2
Cold War History,0,2,0,0,2,0,2
장서각,2,0,2,0,0,0,2
PREVIEW,1,1,1,0,1,0,2
Proceedings of Sinn und Bedeutung,2,0,2,0,0,0,2
헤세연구,2,0,2,0,0,0,2
박덕유,1,1,0,1,0,1,2
커뮤니케이션디자인학연구,2,0,2,0,0,0,2
朝鮮時代史學報,2,0,2,0,0,0,2
김문기,2,0,0,2,0,0,2
이재윤,0,2,0,0,0,2,2
전한성,2,0,0,2,0,0,2
배화논총,0,2,0,0,2,0,2
강원인문논총,1,1,1,0,1,0,2
金起林 全集,2,0,2,0,0,0,2
장용철,0,2,0,0,0,2,2
양명학,2,0,1,1,0,0,2
중국조선 어문,2,0,2,0,0,0,2
한문고전연구,2,0,2,0,0,0,2
마당,0,2,0,0,2,0,2
Foundations of Language,2,0,2,0,0,0,2
비평과 이론,1,1,1,0,1,0,2
Mal,2,0,2,0,0,0,2
해양한국,0,2,0,0,2,0,2
일본학,1,1,1,0,1,0,2
東南アジア研究,1,1,1,0,1,0,2
유아교육연구,2,0,2,0,0,0,2
슬라브硏究,2,0,0,2,0,0,2
국어국문학회,0,2,0,0,2,0,2
전사,0,2,0,0,2,0,2
省谷論叢,2,0,2,0,0,0,2
중국소설연구회보,2,0,2,0,0,0,2
종교교육학연구,0,2,0,0,0,2,2
加羅文化,2,0,2,0,0,0,2
기독교사회윤리,0,2,0,0,0,2,2
仙道文化,2,0,1,1,0,0,2
교육원리연구,2,0,2,0,0,0,2
대동학회월보,2,0,2,0,0,0,2
Daedalus,0,2,0,0,2,0,2
매지논총,1,1,1,0,1,0,2
한국가족관계학회지,1,1,1,0,0,1,2
Linguistische Berichte,2,0,2,0,0,0,2
경남어문논집,1,1,1,0,1,0,2
Transportation Research Part A,0,2,0,0,2,0,2
명정희,2,0,0,2,0,0,2
사총,1,1,1,0,1,0,2
대전어문학,2,0,2,0,0,0,2
정치·정보연구,0,2,0,0,2,0,2
가족과 문화,0,2,0,0,2,0,2
세계한국어문학,2,0,2,0,0,0,2
노명희,2,0,0,2,0,0,2
民涛,0,2,0,0,2,0,2
호남문화연구,1,1,1,0,1,0,2
전농사론,0,2,0,0,2,0,2
언어와 언어학,2,0,2,0,0,0,2
양아람,0,2,0,0,0,2,2
외국어교육,2,0,2,0,0,0,2
구영산,2,0,0,2,0,0,2
중앙,0,2,0,0,2,0,2
일본공간,0,2,0,0,1,1,2
문화콘텐츠연구,0,2,0,0,1,1,2
Korean Journal of Health Promotion,2,0,0,2,0,0,2
김재호,2,0,0,2,0,0,2
American Sociological Review,0,2,0,0,2,0,2
睡蓮語文論集,2,0,2,0,0,0,2
송향근,2,0,0,2,0,0,2
국어학논집,2,0,2,0,0,0,2
Journal of Memory & Language,2,0,2,0,0,0,2
청파문학,1,1,1,0,1,0,2
행동분석ㆍ지원연구,2,0,0,2,0,0,2
영화시대,0,2,0,0,2,0,2
한국콘텐츠학회논문지,2,0,2,0,0,0,2
성우계사상연구논총,2,0,2,0,0,0,2
특수아동교육연구,2,0,2,0,0,0,2
東方學,2,0,2,0,0,0,2
"호모미그란스-이주, 식민주의, 인종주의",0,2,0,0,1,1,2
書誌學硏究,2,0,2,0,0,0,2
독일언어문학,1,1,0,1,0,1,2
제임스조이스저널,2,0,1,1,0,0,2
음악과 문화,2,0,0,2,0,0,2
論文集,2,0,2,0,0,0,2
동아시아 문화연구,2,0,2,0,0,0,2
시와 사상,2,0,2,0,0,0,2
현대비평과 이론,1,1,1,0,1,0,2
이대사원,1,1,1,0,1,0,2
공학교육,2,0,2,0,0,0,2
국어국문학 논문집,1,1,1,0,1,0,2
포에지,0,2,0,0,2,0,2
선사와 고대,2,0,1,1,0,0,2
동아연구,1,1,1,0,1,0,2
국민어문연구,2,0,2,0,0,0,2
한국사회사학회논문집,0,2,0,0,2,0,2
當代語言學,2,0,2,0,0,0,2
남신혜,2,0,0,2,0,0,2
해양정책연구,2,0,1,1,0,0,2
한양,0,2,0,0,2,0,2
북방사논총,1,1,1,0,1,0,2
신문연구,1,1,1,0,1,0,2
한국국어교육연구회논문집,2,0,2,0,0,0,2
Korean Language,2,0,2,0,0,0,2
김지현,2,0,0,2,0,0,2
청소년문화포럼,1,1,1,0,0,1,2
마효림,2,0,0,2,0,0,2
노진아,2,0,0,2,0,0,2
정상우,1,1,0,1,0,1,2
유교사상문화연구,2,0,1,1,0,0,2
도시연구,0,2,0,0,1,1,2
新生,2,0,2,0,0,0,2
Modern Language Journal,2,0,2,0,0,0,2
담화와인지,2,0,2,0,0,0,2
文理大學報,2,0,2,0,0,0,2
대한지리학회지,1,1,1,0,1,0,2
황화상,2,0,0,2,0,0,2
太陽,0,2,0,0,2,0,2
TRAN THI BICH PHUONG,2,0,0,2,0,0,2
시와 시학,0,2,0,0,2,0,2
萬海學報,2,0,2,0,0,0,2
영대,0,2,0,0,2,0,2
신우봉,2,0,0,2,0,0,2
성균관대 대동문화연구원,0,2,0,0,2,0,2
충북사학,2,0,2,0,0,0,2
수사학,1,1,0,1,0,1,2
농업사연구,0,2,0,0,2,0,2
文學界,1,1,1,0,1,0,2
人文評論,1,1,1,0,1,0,2
김호정,2,0,0,2,0,0,2
겨레문화,2,0,2,0,0,0,2
Sungkyun Journal of East Asian Studies,0,2,0,0,2,0,2
다산과현대,2,0,2,0,0,0,2
日本語学,2,0,2,0,0,0,2
춘추,0,2,0,0,2,0,2
문학비평용어사전,1,0,1,0,0,0,1
신인수,1,0,0,1,0,0,1
日本文学,0,1,0,0,1,0,1
International Critical Thought,0,1,0,0,1,0,1
숙명문학,0,1,0,0,1,0,1
전명남,1,0,0,1,0,0,1
內蒙古大學學報,1,0,1,0,0,0,1
임주탁,1,0,0,1,0,0,1
IEEE Transactions on Electronic Computers,1,0,1,0,0,0,1
정태식,1,0,0,1,0,0,1
여성연구논집,1,0,1,0,0,0,1
허윤,1,0,0,1,0,0,1
國史館論叢,1,0,1,0,0,0,1
가톨릭철학,1,0,1,0,0,0,1
Information Retrieval,1,0,1,0,0,0,1
정연자,0,1,0,0,0,1,1
Journal of Korean Studies,0,1,0,0,1,0,1
Lexicography,1,0,1,0,0,0,1
Grammar Research,1,0,1,0,0,0,1
Journal of Experimental Psychology: Learning Memory &Cognition,1,0,1,0,0,0,1
주간경향,1,0,1,0,0,0,1
韓国文化,1,0,1,0,0,0,1
台灣文學評論,0,1,0,0,1,0,1
동서사학,0,1,0,0,1,0,1
광장,1,0,1,0,0,0,1
신문과 방송,1,0,1,0,0,0,1
국미진,1,0,0,1,0,0,1
문학논총,1,0,1,0,0,0,1
강남어문,1,0,1,0,0,0,1
사회과학연구논총,0,1,0,0,1,0,1
관훈저널,0,1,0,0,1,0,1
Quadrant,0,1,0,0,1,0,1
American Libraries,0,1,0,0,1,0,1
한국예술종합학교 논문집,0,1,0,0,1,0,1
아시아민족조형학보,1,0,1,0,0,0,1
北東アジア究,0,1,0,0,1,0,1
TESOL Quar- terly,1,0,1,0,0,0,1
Encounter,0,1,0,0,1,0,1
진영학,1,0,0,1,0,0,1
韓國漢字語辭典,1,0,1,0,0,0,1
東南語文論集,1,0,1,0,0,0,1
춘천교육대학논문집,0,1,0,0,1,0,1
臺大歷史學報,1,0,1,0,0,0,1
國文學論集,1,0,1,0,0,0,1
이기성,0,1,0,0,0,1,1
국학자료원,0,1,0,0,1,0,1
비교교육연구,1,0,1,0,0,0,1
조정민,0,1,0,0,0,1,1
The Journal of Aesthetics and Art Criticism,0,1,0,0,1,0,1
차재은,1,0,0,1,0,0,1
한국한시학회,1,0,1,0,0,0,1
한남대학교 인문과학 논문집,1,0,1,0,0,0,1
Gender&History,0,1,0,0,1,0,1
Literature therapy research,1,0,1,0,0,0,1
奎章閣,1,0,1,0,0,0,1
Diabetes Care,1,0,1,0,0,0,1
조형FORM,1,0,1,0,0,0,1
聖心語文論叢,1,0,1,0,0,0,1
강범모,1,0,0,1,0,0,1
이중언어학회지,1,0,1,0,0,0,1
희망,0,1,0,0,1,0,1
어학,0,1,0,0,1,0,1
文章社,1,0,1,0,0,0,1
Annual Review of Applied Linguistics,1,0,1,0,0,0,1
양영모,1,0,0,1,0,0,1
러시아문학연구논집,0,1,0,0,1,0,1
Yonsei Medical Journal,1,0,1,0,0,0,1
北東アジア文化研究,1,0,1,0,0,0,1
우리문학,0,1,0,0,1,0,1
남길임,1,0,0,1,0,0,1
聖心女子大學校 論文集,1,0,1,0,0,0,1
교육심리연구,1,0,1,0,0,0,1
인민,0,1,0,0,1,0,1
커뮤니케이션과학,1,0,1,0,0,0,1
임혜원,1,0,0,1,0,0,1
近代서지,1,0,1,0,0,0,1
Korean Journal of Clinical Psychology,1,0,1,0,0,0,1
漳州師院學報,1,0,1,0,0,0,1
华东师范大学学报：哲学社会科学版,1,0,1,0,0,0,1
비교중국연구,0,1,0,0,0,1,1
문영은,1,0,0,1,0,0,1
京都産業大學 國際言語科學硏究所 所報,1,0,1,0,0,0,1
미학,1,0,1,0,0,0,1
인천저널,1,0,1,0,0,0,1
사회와 사상,0,1,0,0,1,0,1
국토지리학회지,1,0,1,0,0,0,1
哈爾濱敎堂寺院一覽,1,0,1,0,0,0,1
김순희,0,1,0,0,0,1,1
韓日言語文化硏究,1,0,1,0,0,0,1
전기현,0,1,0,0,0,1,1
한국어 형태소 및 어휘 사용 빈도의 분석,1,0,1,0,0,0,1
사회진보연대,0,1,0,0,1,0,1
김진호,1,0,0,1,0,0,1
한국고전문학전집,1,0,1,0,0,0,1
"전시기 오락정책과 ‘문화’로서의 우생학?, 『역사비평』",0,1,0,0,1,0,1
김성주,1,0,0,1,0,0,1
情況,0,1,0,0,1,0,1
전패영,1,0,0,1,0,0,1
구활자본 고소설전집,1,0,1,0,0,0,1
同志社グローバルㆍスタディーズ,0,1,0,0,1,0,1
檀山學志,1,0,1,0,0,0,1
Journal of Gender Studies,0,1,0,0,1,0,1
황은하,1,0,0,1,0,0,1
북한 연구,0,1,0,0,1,0,1
International Journal of Diaspora & Cultural Criticism,0,1,0,0,1,0,1
사대논총,1,0,1,0,0,0,1
성균차이나브리프,0,1,0,0,1,0,1
Expert,0,1,0,0,1,0,1
안동문화,1,0,1,0,0,0,1
Cross-Cultural Studies,1,0,1,0,0,0,1
고객만족경영연구,1,0,1,0,0,0,1
한민족문학연구,1,0,1,0,0,0,1
The Chin-Tan Society,1,0,1,0,0,0,1
문학과언어,1,0,1,0,0,0,1
문화영토연구,1,0,0,1,0,0,1
HAN-GEUL,1,0,1,0,0,0,1
문학과사회－하이픈,0,1,0,0,1,0,1
言語文化研究,1,0,1,0,0,0,1
예술과 현상학,1,0,1,0,0,0,1
韓國史市民講座,1,0,1,0,0,0,1
김참이,1,0,0,1,0,0,1
Portics Today,1,0,1,0,0,0,1
洛東親睦會學報,0,1,0,0,1,0,1
東岳語文論集,1,0,1,0,0,0,1
札幌大学女子短期大学部紀要,0,1,0,0,1,0,1
CEO Information,1,0,1,0,0,0,1
뉴 래디컬 리뷰,0,1,0,0,1,0,1
한국조직신학논총,0,1,0,0,0,1,1
박승원,1,0,0,1,0,0,1
황종배,1,0,0,1,0,0,1
강아름,1,0,0,1,0,0,1
영어교육,1,0,1,0,0,0,1
人文科學 論文集,1,0,1,0,0,0,1
Environment and Planning A,0,1,0,0,1,0,1
Translation Review,0,1,0,0,1,0,1
한승호,0,1,0,0,0,1,1
Canadian Journal Criminology,1,0,1,0,0,0,1
유나,1,0,0,1,0,0,1
青丘学叢,1,0,1,0,0,0,1
社會科學硏究,0,1,0,0,1,0,1
敎育論叢,1,0,1,0,0,0,1
Child & Family Behavior Therapy,1,0,1,0,0,0,1
김유리,1,0,0,1,0,0,1
北岳史論,1,0,1,0,0,0,1
한국독립운동사,0,1,0,0,1,0,1
내일을여는 작가,0,1,0,0,1,0,1
國語學論叢,1,0,1,0,0,0,1
Journal of English Language Teaching and Learning,1,0,1,0,0,0,1
文學藝術,0,1,0,0,1,0,1
音声研究,1,0,1,0,0,0,1
진무위,1,0,0,1,0,0,1
コスモポリス,0,1,0,0,1,0,1
다시올문학,1,0,1,0,0,0,1
Transport Policy,0,1,0,0,1,0,1
Artificial Intelligence,1,0,1,0,0,0,1
러시아소비에트문학,1,0,1,0,0,0,1
김정호,0,1,0,0,0,1,1
正路,0,1,0,0,1,0,1
유형동,1,0,0,1,0,0,1
中語中文學,1,0,1,0,0,0,1
Rocky Mountain Review,0,1,0,0,1,0,1
공연과 리뷰,0,1,0,0,1,0,1
신시대,0,1,0,0,1,0,1
成大中文學報,1,0,1,0,0,0,1
Journal of Semantics,1,0,1,0,0,0,1
전자출판연구,0,1,0,0,1,0,1
시인수첩,0,1,0,0,1,0,1
김미자,1,0,0,1,0,0,1
English for Specific Purpose,1,0,1,0,0,0,1
韓國國語敎育硏究會,1,0,1,0,0,0,1
디아스포라연구,1,0,1,0,0,0,1
超域的日本文化研究,1,0,1,0,0,0,1
Journal of Verbal Learning and Verbal Behavior,1,0,1,0,0,0,1
이소영,0,1,0,0,0,1,1
손광식,0,1,0,0,0,1,1
明大アジア史論集,0,1,0,0,1,0,1
동유럽발칸연구,0,1,0,0,1,0,1
Studies in Lexicography,1,0,1,0,0,0,1
국민대학교 어문학연구소,1,0,1,0,0,0,1
임형준,0,1,0,0,0,1,1
일감법학,0,1,0,0,1,0,1
上海社會科學院學術季刊,1,0,1,0,0,0,1
ransportation Research Part E,0,1,0,0,1,0,1
김범진,1,0,0,1,0,0,1
언어치료연구,1,0,1,0,0,0,1
권기연,0,1,0,0,0,1,1
불어문화권연구,0,1,0,0,1,0,1
Social Science & Medicine. Part A: Medical Psychology & Medical Sociology,0,1,0,0,1,0,1
교육방법연구,1,0,1,0,0,0,1
ARIMA J.,1,0,1,0,0,0,1
소학생,1,0,1,0,0,0,1
東京外国語大学論集,1,0,1,0,0,0,1
사회와 문화,0,1,0,0,1,0,1
Digital Humanities,1,0,1,0,0,0,1
회생법학,1,0,1,0,0,0,1
문사철,1,0,1,0,0,0,1
제임스조이스 저널,1,0,1,0,0,0,1
중앙대논문집,1,0,1,0,0,0,1
심지연,1,0,0,1,0,0,1
孔子學,1,0,0,1,0,0,1
방영심,1,0,0,1,0,0,1
/ 조광,0,1,0,0,1,0,1
심재경,1,0,0,1,0,0,1
中國學 論叢,1,0,1,0,0,0,1
Japanese/Korean Linguistics,1,0,1,0,0,0,1
김하라,1,0,0,1,0,0,1
특수·영재교육저널,1,0,0,1,0,0,1
Journal of Korean classical literature and education,1,0,1,0,0,0,1
"Vestnik Yaroslavskogo Gosudarstvennogo Universiteta, Seriya Gumanitarnye Nauki",0,1,0,0,1,0,1
김상화,1,0,0,1,0,0,1
國際交流硏究>,1,0,1,0,0,0,1
민족문학연구,0,1,0,0,1,0,1
한국교육논단,1,0,1,0,0,0,1
표시연,1,0,0,1,0,0,1
한하림,1,0,0,1,0,0,1
동유럽발칸학,1,0,1,0,0,0,1
지역문화연구,1,0,1,0,0,0,1
구보학회,0,1,0,0,1,0,1
한국역사연구회회보,0,1,0,0,1,0,1
Journal of Asian Studies,1,0,1,0,0,0,1
곽승철,1,0,0,1,0,0,1
Journal of English for Academic Purposes,1,0,1,0,0,0,1
송봉운,1,0,0,1,0,0,1
全南史學,1,0,1,0,0,0,1
京城日報,0,1,0,0,1,0,1
이영제,1,0,0,1,0,0,1
언론과 정보,0,1,0,0,1,0,1
인물과 사상,0,1,0,0,1,0,1
史學集刊,1,0,1,0,0,0,1
한국무용연구,0,1,0,0,0,1,1
동아시아 문화와 사상,1,0,1,0,0,0,1
유현미,0,1,0,0,0,1,1
국문학논총,0,1,0,0,1,0,1
특수교육저널: 이론과 실천,1,0,1,0,0,0,1
성신사학,0,1,0,0,1,0,1
도지인,0,1,0,0,0,1,1
문학과종교,0,1,0,0,1,0,1
Educational Studies in Mathematics,1,0,1,0,0,0,1
七隈史学,0,1,0,0,1,0,1
한국차세대컴퓨팅학회 논문지,1,0,1,0,0,0,1
양혜정,1,0,0,1,0,0,1
동의대학교 새얼어문회집,1,0,1,0,0,0,1
경희어문학,1,0,1,0,0,0,1
허계형,1,0,0,1,0,0,1
지푸름,1,0,0,1,0,0,1
언어정보,1,0,1,0,0,0,1
사회연구,0,1,0,0,1,0,1
안기정,1,0,0,1,0,0,1
Frontiers in Psychology,1,0,1,0,0,0,1
교육혁신연구,1,0,0,1,0,0,1
성심어문론집,1,0,1,0,0,0,1
영 레이디,1,0,1,0,0,0,1
太極學報,1,0,1,0,0,0,1
실학연구,1,0,1,0,0,0,1
한국심리학회지:일반,0,1,0,0,1,0,1
Journal of linguistic Anthropology,1,0,1,0,0,0,1
Journal of International and Area Studies,1,0,1,0,0,0,1
고혜정,1,0,0,1,0,0,1
철학·사상·문화,0,1,0,0,1,0,1
Semantics,1,0,1,0,0,0,1
Communist and Post-Communist Studies,0,1,0,0,1,0,1
장윤미,1,0,0,1,0,0,1
이주현,1,0,0,1,0,0,1
류은주,0,1,0,0,0,1,1
김지원,1,0,0,1,0,0,1
최창륵,0,1,0,0,0,1,1
한국어연구,1,0,1,0,0,0,1
The Annals of Regional Science,0,1,0,0,1,0,1
탈경계인문학,0,1,0,0,1,0,1
최형용,1,0,0,1,0,0,1
가뎡잡지,1,0,1,0,0,0,1
한국음반학,1,0,1,0,0,0,1
원광한문학,1,0,1,0,0,0,1
이래호,1,0,0,1,0,0,1
한국고전산문연구,1,0,1,0,0,0,1
親和,0,1,0,0,1,0,1
한국현대경향시의 형성전개,0,1,0,0,1,0,1
장진영,0,1,0,0,0,1,1
동아시아 고대학,1,0,1,0,0,0,1
조경순,1,0,0,1,0,0,1
종교교육연구,1,0,1,0,0,0,1
南洋問題硏究,1,0,1,0,0,0,1
서울대학교 법학,1,0,1,0,0,0,1
조현준,1,0,0,1,0,0,1
한국가정관리학회지,1,0,1,0,0,0,1
통합교육과정연구,0,1,0,0,0,1,1
Journal of World History,0,1,0,0,1,0,1
진저,1,0,0,1,0,0,1
The Philosophical Review,1,0,1,0,0,0,1
Sociological Analysis,0,1,0,0,1,0,1
Collection of Papers,1,0,1,0,0,0,1
우계학보,1,0,1,0,0,0,1
중대 어문논집,1,0,1,0,0,0,1
朝鮮研究,0,1,0,0,1,0,1
平安文学研究,1,0,1,0,0,0,1
Italian Journal of Linguistics,1,0,1,0,0,0,1
中国语文,1,0,1,0,0,0,1
新文學史料,0,1,0,0,1,0,1
사회사상과 문화,0,1,0,0,1,0,1
개혁논총,0,1,0,0,0,1,1
동악어문,1,0,1,0,0,0,1
전연우,0,1,0,0,0,1,1
티안밍,1,0,0,1,0,0,1
韓國傳統文化硏究,1,0,1,0,0,0,1
조선여성,0,1,0,0,1,0,1
직업과 인력개발,0,1,0,0,1,0,1
Computers and the Humanities,1,0,1,0,0,0,1
신의종,1,0,0,1,0,0,1
구비문학,1,0,1,0,0,0,1
허영란,0,1,0,0,1,0,1
South Atlantic Quarterly,0,1,0,0,1,0,1
수시아,1,0,0,1,0,0,1
이인화,1,0,0,1,0,0,1
최고회의보,0,1,0,0,1,0,1
인격교육,0,1,0,0,0,1,1
대한가정학회지,1,0,1,0,0,0,1
岩波講座 近代日本の文化史,0,1,0,0,1,0,1
한국색채학회논문집,1,0,1,0,0,0,1
사학지,1,0,1,0,0,0,1
韓國詩歌硏究,1,0,1,0,0,0,1
사이버커뮤니케이션 학보,0,1,0,0,1,0,1
Women’s History Review,0,1,0,0,1,0,1
저널리즘 비평,1,0,1,0,0,0,1
中國廣播影視,1,0,1,0,0,0,1
韓國音響學會誌,1,0,1,0,0,0,1
조윤정,1,0,0,1,0,0,1
국제어문학회,0,1,0,0,1,0,1
이승연,0,1,0,0,0,1,1
김은혜,1,0,0,1,0,0,1
유아교육학논집,1,0,1,0,0,0,1
Environment and Planning D: Society and Spae,0,1,0,0,1,0,1
소인호,1,0,0,1,0,0,1
김필남,0,1,0,0,0,1,1
한국고전문학작가론,1,0,1,0,0,0,1
日本思想史學,0,1,0,0,1,0,1
Brain & Learning,1,0,1,0,0,0,1
Journal of Safety and Crisis Management,0,1,0,0,0,1,1
姜信沆敎授回甲紀念 國語學論文集,1,0,1,0,0,0,1
한국지구과학회지,1,0,1,0,0,0,1
국가안보와 전략,0,1,0,0,1,0,1
韓國文化人類學,0,1,0,0,1,0,1
畿甸語文學,1,0,1,0,0,0,1
한국사회복지학,0,1,0,0,1,0,1
Chamjoeunchin’gu,1,0,1,0,0,0,1
미술세계,1,0,1,0,0,0,1
김일성종합대학학보,0,1,0,0,1,0,1
예술과 과학기술,1,0,1,0,0,0,1
東國史學,1,0,1,0,0,0,1
<語文硏究>,1,0,1,0,0,0,1
이탈리아학,1,0,0,1,0,0,1
창작과비평사,0,1,0,0,1,0,1
MLM,0,1,0,0,1,0,1
이성준,1,0,0,1,0,0,1
동아춘추,0,1,0,0,1,0,1
장향실,1,0,0,1,0,0,1
言語文化硏究,1,0,1,0,0,0,1
滿洲詩人集,1,0,1,0,0,0,1
改修捷解新語,1,0,1,0,0,0,1
김건희,1,0,0,1,0,0,1
한국가정관리학지,1,0,1,0,0,0,1
서울대학교 문리대학보,0,1,0,0,1,0,1
관광학연구,0,1,0,0,0,1,1
Scientific Studies of Reading,1,0,1,0,0,0,1
박성실,1,0,0,1,0,0,1
안숭범,0,1,0,0,0,1,1
곽부모,1,0,0,1,0,0,1
月刊朝鮮,1,0,1,0,0,0,1
비교민주주의연구,0,1,0,0,0,1,1
Journal of Cinema and Media Studies,0,1,0,0,1,0,1
언론연구논집,1,0,1,0,0,0,1
청람어문교육학,0,1,0,0,1,0,1
김동근,1,0,0,1,0,0,1
IJCCS,1,0,1,0,0,0,1
郭沫若学刊,0,1,0,0,1,0,1
환경철학,0,1,0,0,1,0,1
월간 한국노총,0,1,0,0,1,0,1
日本硏究敎育年報,0,1,0,0,1,0,1
직업교육연구,1,0,1,0,0,0,1
지중해지역연구,1,0,1,0,0,0,1
Language & Linguistics Compass,1,0,1,0,0,0,1
青丘文庫月報,0,1,0,0,1,0,1
Journal Of Marketing: AMA/MSI Special Issue,1,0,1,0,0,0,1
立教大学日本文学,0,1,0,0,1,0,1
教育教学论坛,1,0,1,0,0,0,1
Positions Asia Critique,0,1,0,0,1,0,1
명지대학교 논문집,1,0,1,0,0,0,1
학예지,1,0,1,0,0,0,1
장혜진,1,0,0,1,0,0,1
한국초등체육학회지,1,0,0,1,0,0,1
한국의 청소년문화,1,0,1,0,0,0,1
海鳥社,0,1,0,0,1,0,1
朝鮮学会,1,0,1,0,0,0,1
Polyglossia,1,0,1,0,0,0,1
미디어 경제와 문화,1,0,0,1,0,0,1
수원대학교 국어국문학회,1,0,1,0,0,0,1
허윤철,0,1,0,0,0,1,1
의암학연구,0,1,0,0,1,0,1
신지영,1,0,0,1,0,0,1
Eun-Yeong Shin,1,0,0,1,0,0,1
啓明,0,1,0,0,1,0,1
권경근,1,0,0,1,0,0,1
미학·예술학연구,0,1,0,0,1,0,1
열린시학,0,1,0,0,1,0,1
송경재,0,1,0,0,0,1,1
이지성,0,1,0,0,0,1,1
김보현,1,0,0,1,0,0,1
Studia Angelica Posnaniensia,1,0,1,0,0,0,1
부인,1,0,1,0,0,0,1
青山語文,0,1,0,0,1,0,1
南京师大学报,0,1,0,0,1,0,1
史淵,0,1,0,0,1,0,1
The Chin-Tan Hakbo,1,0,1,0,0,0,1
靜岡縣近代史硏究,1,0,1,0,0,0,1
대한피부과학회지,0,1,0,0,1,0,1
Bilingua- lism: Language and Cognition,1,0,1,0,0,0,1
경희법학,1,0,1,0,0,0,1
디지털콘텐츠학회논문지,1,0,1,0,0,0,1
Atherosclerosis,1,0,1,0,0,0,1
동악어문연구,0,1,0,0,1,0,1
글로컬 창의 문화연구,1,0,1,0,0,0,1
한국불교사연구,1,0,0,1,0,0,1
화법교육의 이해,1,0,1,0,0,0,1
The American Mathematical Monthly,0,1,0,0,1,0,1
유우식,1,0,0,1,0,0,1
관악어문여구,0,1,0,0,1,0,1
삼천리문학,0,1,0,0,1,0,1
韓南語文學,1,0,1,0,0,0,1
JIN XUEYAN,1,0,0,1,0,0,1
권응상,0,1,0,0,0,1,1
Oughtopia (오토피아),0,1,0,0,0,1,1
아카데미論叢,1,0,1,0,0,0,1
東亞論叢,1,0,1,0,0,0,1
청소년복지연구,0,1,0,0,1,0,1
경상논집,0,1,0,0,1,0,1
煙臺大學學報,1,0,1,0,0,0,1
교육월보,1,0,1,0,0,0,1
이선윤,1,0,0,1,0,0,1
譯學과 譯學書,1,0,1,0,0,0,1
김근배,0,1,0,0,0,1,1
신중진,1,0,0,1,0,0,1
東吳學術,0,1,0,0,1,0,1
신라학연구,1,0,1,0,0,0,1
台大歷史學報第,0,1,0,0,1,0,1
한국근대사연구,0,1,0,0,1,0,1
BMJ,1,0,1,0,0,0,1
뿌리깊은 나무,0,1,0,0,1,0,1
박혜진,1,0,0,1,0,0,1
유정완,0,1,0,0,0,1,1
創造,0,1,0,0,1,0,1
김대영,1,0,0,1,0,0,1
蔡萬植全集,0,1,0,0,1,0,1
Signs: Journal of Women in Culture and Society,0,1,0,0,1,0,1
중등우리교육,0,1,0,0,1,0,1
정신문화,1,0,1,0,0,0,1
대산문화,0,1,0,0,1,0,1
許昌師範學報,1,0,1,0,0,0,1
박정아,1,0,0,1,0,0,1
김태식,1,0,0,1,0,0,1
비교사법,1,0,1,0,0,0,1
安徽工業大學學報,0,1,0,0,1,0,1
韓國民俗學,1,0,1,0,0,0,1
배달말 교육,1,0,1,0,0,0,1
김희주,0,1,0,0,0,1,1
南方文壇,0,1,0,0,1,0,1
천혜원,1,0,0,1,0,0,1
朝鮮文學 紹介と硏究,1,0,1,0,0,0,1
隣語大方 해제,1,0,1,0,0,0,1
震壇學報,1,0,1,0,0,0,1
고혜원,1,0,0,1,0,0,1
한국 근현대사 연구,0,1,0,0,1,0,1
才智,1,0,1,0,0,0,1
Multilingual Education for Social Justice,1,0,1,0,0,0,1
공익과 인권,0,1,0,0,1,0,1
Child development,1,0,1,0,0,0,1
한국여성교양학회지,1,0,1,0,0,0,1
The Korean Magazine,0,1,0,0,1,0,1
朝鮮文學,0,1,0,0,1,0,1
人文硏究,1,0,1,0,0,0,1
문화기술의 융합,0,1,0,0,0,1,1
鶴見大学紀要. 第,1,0,1,0,0,0,1
강신항 박사 정년퇴직기념 국어국문학논총,1,0,1,0,0,0,1
성심여자대학교 논문집,1,0,1,0,0,0,1
정옥현,1,0,0,1,0,0,1
boundary,0,1,0,0,1,0,1
Sci. Adv,1,0,1,0,0,0,1
형성,0,1,0,0,1,0,1
말과글,1,0,1,0,0,0,1
장문석,0,1,0,0,0,1,1
東洋文化,1,0,1,0,0,0,1
경쟁법연구,1,0,1,0,0,0,1
전수진,1,0,0,1,0,0,1
원광법학,1,0,1,0,0,0,1
한국지능시스템학회 논문지,1,0,1,0,0,0,1
The Atlantic,0,1,0,0,1,0,1
의료사회사연구,0,1,0,0,0,1,1
靑山語文,1,0,1,0,0,0,1
Applied Psychology: An International Review,1,0,1,0,0,0,1
미국학논집,0,1,0,0,1,0,1
대우학술총서,1,0,1,0,0,0,1
예방의학회지,0,1,0,0,1,0,1
박현진,1,0,0,1,0,0,1
한국외국어대논문집,1,0,1,0,0,0,1
中國學報,1,0,1,0,0,0,1
김금내,1,0,0,1,0,0,1
건국대학교 대학원 정치학과 논집,1,0,1,0,0,0,1
영산신학저널,1,0,0,1,0,0,1
리토피아,1,0,1,0,0,0,1
Licensing WH-In-Situ In: Syntax,1,0,1,0,0,0,1
김도경,1,0,0,1,0,0,1
청계사학,1,0,0,1,0,0,1
Quar.Rev. of Film & Video,1,0,1,0,0,0,1
일본문학연구,0,1,0,0,1,0,1
"Education, Citizenship and Social Justice",0,1,0,0,1,0,1
김진웅,1,0,0,1,0,0,1
곽창,1,0,0,1,0,0,1
文化戰線,0,1,0,0,1,0,1
실천민속학연구,1,0,1,0,0,0,1
Research in Higher Education,1,0,1,0,0,0,1
English Specific Purposes,1,0,1,0,0,0,1
Korean Journal of Information,1,0,1,0,0,0,1
상품문화디자인학연구,1,0,1,0,0,0,1
웹진 [플랫폼],0,1,0,0,1,0,1
성심어문연구,0,1,0,0,1,0,1
현대사회와 다문화,1,0,1,0,0,0,1
방명애,1,0,0,1,0,0,1
배상준,0,1,0,0,0,1,1
Journal of The Korean Data Analysis Society,1,0,1,0,0,0,1
映畫評論,0,1,0,0,1,0,1
석주연,1,0,0,1,0,0,1
동양한문학,1,0,1,0,0,0,1
유승환,0,1,0,0,0,1,1
한국음향학회지,0,1,0,0,1,0,1
도원,1,0,0,1,0,0,1
박은혜,1,0,0,1,0,0,1
한자연구,1,0,0,1,0,0,1
이석재,1,0,0,1,0,0,1
군자어문학,0,1,0,0,1,0,1
서울평론,0,1,0,0,1,0,1
한국문학이론과비평,0,1,0,0,1,0,1
한래희,1,0,0,1,0,0,1
Modern Chinese Literature and Culture,0,1,0,0,1,0,1
Filosofiya i Obshchestvo,0,1,0,0,1,0,1
열린전북,1,0,1,0,0,0,1
유단비,0,1,0,0,0,1,1
정연희,1,0,0,1,0,0,1
대학원 연구논집,0,1,0,0,1,0,1
Economic Inquiry,0,1,0,0,1,0,1
육영주,1,0,0,1,0,0,1
아리랑,0,1,0,0,1,0,1
서울女子大學論文集,1,0,1,0,0,0,1
문창어문연구,1,0,1,0,0,0,1
Bryn Mawr Review of Comparative Literature,0,1,0,0,1,0,1
역사와문화,0,1,0,0,1,0,1
사상문예운동,0,1,0,0,1,0,1
北方傳媒研究,1,0,1,0,0,0,1
김태훈,1,0,0,1,0,0,1
국어학연구,1,0,1,0,0,0,1
민사법의 이론과 실무,1,0,1,0,0,0,1
한국공안행정학회보,1,0,1,0,0,0,1
서우,1,0,1,0,0,0,1
Issues in Applied Lin- guistics,1,0,1,0,0,0,1
과학기술정책,1,0,1,0,0,0,1
韓國語學,1,0,1,0,0,0,1
만화 애니메이션 연구,0,1,0,0,1,0,1
연세경제연구,0,1,0,0,1,0,1
성심여자대학 논문집,0,1,0,0,1,0,1
박세현,0,1,0,0,0,1,1
高句麗硏究,1,0,1,0,0,0,1
Eun Hui Bae,1,0,0,1,0,0,1
동양철학,1,0,1,0,0,0,1
Annals of Association of American Geographers,1,0,1,0,0,0,1
󰡔정신분석학 사전󰡕,0,1,0,0,1,0,1
國際交流硏究,1,0,1,0,0,0,1
한국정신문화연구,0,1,0,0,1,0,1
권순희,1,0,0,1,0,0,1
한국연구,0,1,0,0,1,0,1
호텔경영학연구,0,1,0,0,0,1,1
한담,1,0,0,1,0,0,1
語學研究所論集,1,0,1,0,0,0,1
동국어문학,1,0,1,0,0,0,1
美術史學,1,0,1,0,0,0,1
語言硏究,1,0,1,0,0,0,1
유아교육논총,1,0,1,0,0,0,1
세계,0,1,0,0,1,0,1
조지형,1,0,0,1,0,0,1
이성주,1,0,0,1,0,0,1
조용기,1,0,0,1,0,0,1
강현주,1,0,0,1,0,0,1
대진논총,1,0,1,0,0,0,1
복음과 학문,1,0,1,0,0,0,1
오순방,0,1,0,0,0,1,1
연구논집,1,0,1,0,0,0,1
동방학보,1,0,1,0,0,0,1
국문학과 도교,1,0,1,0,0,0,1
유현성,0,1,0,0,0,1,1
명지대학교 개교,1,0,1,0,0,0,1
우리극연구,1,0,1,0,0,0,1
李箱리뷰,1,0,1,0,0,0,1
Leisure and Society,1,0,1,0,0,0,1
現代社会文化硏究,0,1,0,0,1,0,1
기원,0,1,0,0,1,0,1
Studies of Korean Publishing Science,1,0,1,0,0,0,1
嶺南語文學,1,0,1,0,0,0,1
동리문학연구-서라벌문학,1,0,1,0,0,0,1
김은경,1,0,0,1,0,0,1
Journal of AI,1,0,1,0,0,0,1
조정연,1,0,0,1,0,0,1
October,0,1,0,0,1,0,1
/ 한국어학,1,0,1,0,0,0,1
학술원 논문집,1,0,1,0,0,0,1
三千里文學,0,1,0,0,1,0,1
Am J Clin Nutr,1,0,1,0,0,0,1
共立女子大学文芸学部紀要,0,1,0,0,1,0,1
韓民族文化硏究,1,0,1,0,0,0,1
한국문화대계,1,0,1,0,0,0,1
제주,0,1,0,0,1,0,1
梨花語文論集,1,0,1,0,0,0,1
이지안,1,0,0,1,0,0,1
박주석,0,1,0,0,0,1,1
언론정보 연구,1,0,1,0,0,0,1
인문과학논문집,1,0,1,0,0,0,1
Antipode,0,1,0,0,1,0,1
바른 영어교육,1,0,1,0,0,0,1
Current Anthropology volume,0,1,0,0,1,0,1
이용,1,0,0,1,0,0,1
김려원,1,0,0,1,0,0,1
문명과 경계,0,1,0,0,1,0,1
감성과학,0,1,0,0,1,0,1
원은하,0,1,0,0,0,1,1
Tricontinental,0,1,0,0,1,0,1
Transportation Research,0,1,0,0,1,0,1
문학 사학 철학,1,0,1,0,0,0,1
Munhakdongnae,1,0,1,0,0,0,1
나랏말쌈,1,0,1,0,0,0,1
한국소통학보,1,0,1,0,0,0,1
국어 교육 연구,1,0,1,0,0,0,1
박소영,1,0,0,1,0,0,1
士林語文硏究,1,0,1,0,0,0,1
正音,1,0,1,0,0,0,1
Tesol Quarterly,1,0,1,0,0,0,1
김소영,1,0,0,1,0,0,1
호서문화연구,1,0,1,0,0,0,1
교육개발,1,0,1,0,0,0,1
The Heritage Language Journal,1,0,1,0,0,0,1
학생생활연구,1,0,1,0,0,0,1
이순욱,0,1,0,0,0,1,1
전망,0,1,0,0,1,0,1
Korean Journal of Family Medicine,1,0,1,0,0,0,1
경산문화연구,1,0,1,0,0,0,1
근현대사강좌,0,1,0,0,1,0,1
경북대학교논문집,1,0,1,0,0,0,1
박성호,1,0,0,1,0,0,1
한국소설문학의탐구,1,0,1,0,0,0,1
American Journal of Sociology,0,1,0,0,1,0,1
북한의 언어와 문학,0,1,0,0,1,0,1
The Journal of American-East Asian Relations,0,1,0,0,1,0,1
성대문학,1,0,1,0,0,0,1
최동주,1,0,0,1,0,0,1
Korean Journal of Academic Information,1,0,1,0,0,0,1
교육부,1,0,1,0,0,0,1
文艺理论与批评,0,1,0,0,1,0,1
노지윤,1,0,0,1,0,0,1
신용식,1,0,0,1,0,0,1
Cognition,1,0,1,0,0,0,1
김연종,1,0,0,1,0,0,1
新潟国際情報大学 情報文化学部紀要,0,1,0,0,1,0,1
교육정치학연구,0,1,0,0,1,0,1
제노 사이드 연구,0,1,0,0,1,0,1
고황논집,1,0,1,0,0,0,1
Quarterly Journal of Speech,1,0,1,0,0,0,1
Proceedings of the IEEE,1,0,1,0,0,0,1
나혜석연구,1,0,1,0,0,0,1
한국의 민속과 문화,1,0,1,0,0,0,1
한국현대문학의 연구,0,1,0,0,1,0,1
Semiotics,1,0,1,0,0,0,1
한국웰니스학회지,1,0,1,0,0,0,1
여원,0,1,0,0,1,0,1
김금수,1,0,0,1,0,0,1
김영란,1,0,0,1,0,0,1
문학과 환경,0,1,0,0,1,0,1
辭典編纂學硏究,1,0,1,0,0,0,1
閔泰植 博士 古稀記念 儒敎學論叢,1,0,1,0,0,0,1
한국학대학원논문집,1,0,1,0,0,0,1
First World War Studies,0,1,0,0,1,0,1
思想研究資料特輯,0,1,0,0,1,0,1
서울市立大 論文集,1,0,1,0,0,0,1
이충우,1,0,0,1,0,0,1
허원빈,0,1,0,0,0,1,1
민족학연구,1,0,1,0,0,0,1
안윤정,0,1,0,0,0,1,1
서양미술사학회논문집,0,1,0,0,1,0,1
우암어문논집,1,0,1,0,0,0,1
신학지남,0,1,0,0,1,0,1
Text,1,0,1,0,0,0,1
문학선,0,1,0,0,1,0,1
중앙문화,1,0,1,0,0,0,1
숙명어문논집,1,0,1,0,0,0,1
학술원논문집 인문․사회과학편,1,0,1,0,0,0,1
한국산업정보학회논문지,1,0,1,0,0,0,1
International Labor and Working-Class History,0,1,0,0,1,0,1
The Korean Cultural Studies,1,0,1,0,0,0,1
Linguistica Pragensia,1,0,1,0,0,0,1
이영철,1,0,0,1,0,0,1
개신어문학,1,0,1,0,0,0,1
사회과학과 정책연구,0,1,0,0,1,0,1
최선희,1,0,0,1,0,0,1
靑丘學術論集,1,0,1,0,0,0,1
지식처리연구,1,0,1,0,0,0,1
불교학연구,1,0,1,0,0,0,1
파주연구,1,0,1,0,0,0,1
漢文大系,1,0,1,0,0,0,1
정흥모,1,0,0,1,0,0,1
歷史地理,1,0,1,0,0,0,1
한국어문문학,1,0,1,0,0,0,1
현대성,1,0,0,1,0,0,1
京都大学大学院教育学研究科紀要,0,1,0,0,1,0,1
Organizational Research Methods,1,0,1,0,0,0,1
문학 한글,1,0,1,0,0,0,1
Discourse Process,1,0,1,0,0,0,1
국어교육연구회논문집,1,0,1,0,0,0,1
허학보,0,1,0,0,1,0,1
조성은,1,0,0,1,0,0,1
김정민,1,0,0,1,0,0,1
Journal of Japanese Studies,0,1,0,0,1,0,1
오영식,1,0,0,1,0,0,1
韓國學 論叢,1,0,1,0,0,0,1
J Epidemiol,1,0,1,0,0,0,1
Le JOURNAL des Chercheurs,1,0,1,0,0,0,1
Studies in English Literature,0,1,0,0,1,0,1
교육문제연구,0,1,0,0,0,1,1
이행선,0,1,0,0,0,1,1
유석,1,0,0,1,0,0,1
語文學論集,1,0,1,0,0,0,1
西友,1,0,1,0,0,0,1
시민사회와 NGO,1,0,1,0,0,0,1
권설아,1,0,0,1,0,0,1
Effects of Distributed Retrieval Practice Over a Semester: Cumulative Tests as a Way to Facilitate Second Language Vocabulary Learning,1,0,1,0,0,0,1
초등교육연구논총,1,0,0,1,0,0,1
한국심리학회지 발달,0,1,0,0,1,0,1
이종혁,1,0,0,1,0,0,1
웅연,1,0,0,1,0,0,1
Modernism/Modernity,1,0,1,0,0,0,1
민족어문학회,1,0,1,0,0,0,1
人間として,0,1,0,0,1,0,1
고문화,1,0,1,0,0,0,1
경기어문학,1,0,1,0,0,0,1
Proceedings of the North East Linguistic Society,1,0,1,0,0,0,1
Psychological Bulletin,1,0,1,0,0,0,1
최현정,1,0,0,1,0,0,1
생태환경과 역사,0,1,0,0,0,1,1
신호림,0,1,0,0,0,1,1
春秋,0,1,0,0,1,0,1
New Korean Language Life,1,0,1,0,0,0,1
独立行政法人国立高等専門学校機構沖縄工業高等専門学校紀要,0,1,0,0,1,0,1
임보연,1,0,0,1,0,0,1
啓明語文學,1,0,1,0,0,0,1
김정수,0,1,0,0,0,1,1
韓國開化期에 있어 일본 번역한자어의 수용과 유입: 『혈의누』,1,0,1,0,0,0,1
Korea Branch,0,1,0,0,1,0,1
21세기정치학회보,0,1,0,0,0,1,1
관광연구저널,0,1,0,0,0,1,1
안진산,1,0,0,1,0,0,1
수선사학회,0,1,0,0,1,0,1
Electronic Journal of Sociology,0,1,0,0,1,0,1
Reading Research Quarterly,1,0,1,0,0,0,1
신앙과 삶,0,1,0,0,1,0,1
"Humanity:An International Journal of Human Rights, Humanitarianism & Development",0,1,0,0,1,0,1
World Literature Written in English,0,1,0,0,1,0,1
法政大学大学院紀要,0,1,0,0,1,0,1
정유경,0,1,0,0,0,1,1
반재유,1,0,0,1,0,0,1
국회평론,0,1,0,0,1,0,1
内蒙古自治区北方文化研究院,1,0,1,0,0,0,1
허예인,1,0,0,1,0,0,1
ILHA DO DESTERRO,1,0,1,0,0,0,1
KINO,0,1,0,0,1,0,1
/ 상허학보,0,1,0,0,1,0,1
월간북한,1,0,1,0,0,0,1
김길동,1,0,0,1,0,0,1
Journal of Second Language Writing,1,0,1,0,0,0,1
Journal of Speech Lang Hear Res,1,0,1,0,0,0,1
人文科學,1,0,1,0,0,0,1
기독교윤리사회,1,0,1,0,0,0,1
독서문화연구,1,0,1,0,0,0,1
사상,1,0,1,0,0,0,1
조희숙,0,1,0,0,0,1,1
아프리카 硏究,0,1,0,0,1,0,1
농업교육과 인적자원개발,1,0,1,0,0,0,1
오지은,1,0,0,1,0,0,1
兵は凶器なり,0,1,0,0,1,0,1
박경은,1,0,0,1,0,0,1
Modern Language Quarterly,0,1,0,0,1,0,1
한국 여신학자 협의회보,0,1,0,0,1,0,1
语言科学,1,0,1,0,0,0,1
International Journal Learning,1,0,1,0,0,0,1
김숙정,1,0,0,1,0,0,1
Aksam Yassin,1,0,0,1,0,0,1
국어의 연결 어미 연구,1,0,1,0,0,0,1
抗路,0,1,0,0,1,0,1
철학과현실,0,1,0,0,1,0,1
Social Identities,0,1,0,0,1,0,1
이수정,1,0,0,1,0,0,1
여학생,1,0,1,0,0,0,1
Discourse Studies,1,0,1,0,0,0,1
류수열,0,1,0,0,0,1,1
오정아,0,1,0,0,0,1,1
동아시아한국학입문,1,0,1,0,0,0,1
南川朴甲洙先生 華甲紀念論文集 國語學硏究,1,0,1,0,0,0,1
인문사회연구,1,0,1,0,0,0,1
理論と動態,0,1,0,0,1,0,1
새한영어영문학,1,0,1,0,0,0,1
Bilingual- ism: language and cognition,1,0,1,0,0,0,1
사색,0,1,0,0,1,0,1
ACTS 신학과 선교,1,0,1,0,0,0,1
American Society of International Law,0,1,0,0,1,0,1
심상민,1,0,0,1,0,0,1
해군,0,1,0,0,1,0,1
국회도서관보,1,0,1,0,0,0,1
創作과 批評,1,0,1,0,0,0,1
メディア史硏究,0,1,0,0,1,0,1
Baedalmal,1,0,1,0,0,0,1
한양어문,1,0,1,0,0,0,1
靑春,1,0,1,0,0,0,1
조남민,1,0,0,1,0,0,1
European Electoral Studies,0,1,0,0,1,0,1
김지혜,1,0,0,1,0,0,1
미술평론,0,1,0,0,1,0,1
文化史學,1,0,1,0,0,0,1
지역과역사,0,1,0,0,1,0,1
"Revue italienne d’études françaises. Littérature, langue, culture",0,1,0,0,1,0,1
주양희,1,0,0,1,0,0,1
청년생활,0,1,0,0,1,0,1
Critical Social Policy,0,1,0,0,1,0,1
ELTJ,1,0,1,0,0,0,1
서양고대사연구,1,0,1,0,0,0,1
The Asian-Pacific Journal,0,1,0,0,1,0,1
김남미,1,0,0,1,0,0,1
Journal of Ewha Korean Language & Literature,1,0,1,0,0,0,1
문학과 그 이해,1,0,1,0,0,0,1
박융배,1,0,0,1,0,0,1
최선주,0,1,0,0,0,1,1
교사교육연구,1,0,1,0,0,0,1
文學春秋,1,0,1,0,0,0,1
聖学院大学論叢,0,1,0,0,1,0,1
한중관계연구,1,0,0,1,0,0,1
人文科學論集,1,0,1,0,0,0,1
권희주,0,1,0,0,0,1,1
김주덕,1,0,0,1,0,0,1
牧園語文學,1,0,1,0,0,0,1
유심,0,1,0,0,1,0,1
Littera,0,1,0,0,1,0,1
한국어사연구,1,0,1,0,0,0,1
泰西文藝新報,1,0,1,0,0,0,1
한국기록관리학회지,0,1,0,0,1,0,1
總合政策論叢,1,0,1,0,0,0,1
김병걸,0,1,0,0,1,0,1
송인성,1,0,0,1,0,0,1
多元文化交流,0,1,0,0,1,0,1
복지동향,0,1,0,0,1,0,1
東北亞 시대와 漢字ㆍ漢字敎育,1,0,1,0,0,0,1
신가정,0,1,0,0,1,0,1
동국어문론집,1,0,1,0,0,0,1
한국현대비평의 이념과 성격,1,0,1,0,0,0,1
社会思想史研究,0,1,0,0,1,0,1
김미지,1,0,0,1,0,0,1
한국도서관정보학회지,1,0,1,0,0,0,1
외대논총,1,0,1,0,0,0,1
교회사학,1,0,1,0,0,0,1
정치비평,0,1,0,0,1,0,1
노인복지연구,1,0,1,0,0,0,1
이온순,1,0,0,1,0,0,1
신생,1,0,1,0,0,0,1
語研フォーラム,0,1,0,0,1,0,1
박희여,0,1,0,0,0,1,1
사이버커뮤니케이션학보,1,0,1,0,0,0,1
"재미있고 유익하게, ‘건전한’ 취미독물 야담의 프로파간다화",0,1,0,0,1,0,1
한국기독교신학논총,0,1,0,0,0,1,1
言語와 言語學,1,0,1,0,0,0,1
月刊中央,0,1,0,0,1,0,1
Journal of Applied Learning and Teaching,1,0,1,0,0,0,1
批評文學,1,0,1,0,0,0,1
Print Magazine,1,0,1,0,0,0,1
한국어 교육 연구,1,0,0,1,0,0,1
白民,1,0,1,0,0,0,1
Communication Education,1,0,1,0,0,0,1
韓國文學理論과 批評,1,0,1,0,0,0,1
東疆學刊,1,0,1,0,0,0,1
최윤정,1,0,0,1,0,0,1
서양사학연구,0,1,0,0,1,0,1
신정애,1,0,0,1,0,0,1
集成,1,0,1,0,0,0,1
아웃사이더,0,1,0,0,1,0,1
수학교육연구,1,0,1,0,0,0,1
國語敎育硏究,1,0,1,0,0,0,1
Journal of African Languages and Linguistics,1,0,1,0,0,0,1
고산연구,1,0,1,0,0,0,1
전상욱,1,0,0,1,0,0,1
草堂大論文集,1,0,1,0,0,0,1
곽지영,1,0,0,1,0,0,1
BOCHUMER JAHRBUCH ZUR OSTASIENFORSCHUNG,0,1,0,0,1,0,1
홍나영,1,0,0,1,0,0,1
이지은,0,1,0,0,0,1,1
考古美術,1,0,1,0,0,0,1
장가혜,1,0,0,1,0,0,1
남영자,1,0,0,1,0,0,1
中國語硏究,1,0,1,0,0,0,1
정지수,1,0,0,1,0,0,1
태극학보,0,1,0,0,1,0,1
Public Culture,1,0,1,0,0,0,1
파주문화,1,0,1,0,0,0,1
神學世界,1,0,1,0,0,0,1
朝鮮語研究,1,0,1,0,0,0,1
우리극연구논총,0,1,0,0,1,0,1
SUGIYAMAYUTAKA,1,0,0,1,0,0,1
한국현대문학회,1,0,1,0,0,0,1
青年文學家,1,0,1,0,0,0,1
관광진흥연구,0,1,0,0,0,1,1
김경연,1,0,0,1,0,0,1
Journal of Statistical Mechanics:Theory and Experiment,0,1,0,0,1,0,1
건축 도시환경연구,1,0,1,0,0,0,1
조서희,1,0,0,1,0,0,1
윤리연구,1,0,1,0,0,0,1
도남학보,1,0,1,0,0,0,1
복지행정논총,0,1,0,0,1,0,1
東亞硏究,1,0,1,0,0,0,1
Chicago Linguistic Society,1,0,1,0,0,0,1
民族文化硏究,1,0,1,0,0,0,1
WOMEN’S HISTORY REVIEW,0,1,0,0,1,0,1
기전어문학,0,1,0,0,1,0,1
생활미술,1,0,1,0,0,0,1
朝鮮,1,0,1,0,0,0,1
鄭日男,1,0,0,1,0,0,1
김태수,1,0,0,1,0,0,1
박미혜,1,0,0,1,0,0,1
史學雜誌,1,0,1,0,0,0,1
연세교육연구,0,1,0,0,1,0,1
이용훈,1,0,0,1,0,0,1
SAI,1,0,1,0,0,0,1
Obes Res,1,0,1,0,0,0,1
新潮,0,1,0,0,1,0,1
조정미,0,1,0,0,0,1,1
대한무용학회 논문집,0,1,0,0,1,0,1
국어사 자료 연구,1,0,1,0,0,0,1
Journal of Korean Language Education,1,0,1,0,0,0,1
總力戰と現代化,0,1,0,0,1,0,1
최예진,1,0,0,1,0,0,1
新女性,0,1,0,0,1,0,1
書誌學,1,0,1,0,0,0,1
Review of General Psychology,1,0,1,0,0,0,1
新興婦人,0,1,0,0,1,0,1
International Journal of Multilingualism,1,0,1,0,0,0,1
British Journal of Middle Eastern Studies,0,1,0,0,1,0,1
Language research,1,0,1,0,0,0,1
PR연구,1,0,1,0,0,0,1
종교와 문화,1,0,1,0,0,0,1
연세의사학,1,0,1,0,0,0,1
한국사학,1,0,1,0,0,0,1
DORJ ULZIIBAT,1,0,0,1,0,0,1
古小說 硏究,1,0,1,0,0,0,1
Journal of Huzhou University,1,0,1,0,0,0,1
대중사사연구,0,1,0,0,1,0,1
Modernism/ Modernity,1,0,1,0,0,0,1
노동해방문학,0,1,0,0,1,0,1
日本映画言說大系,0,1,0,0,1,0,1
한국사회복지조사연구,1,0,1,0,0,0,1
과학과 문화,1,0,1,0,0,0,1
김형복,1,0,0,1,0,0,1
국립국어연구원,1,0,1,0,0,0,1
詩人,0,1,0,0,1,0,1
현대 비평과 이론 봄․여름,1,0,1,0,0,0,1
상담학연구,1,0,1,0,0,0,1
淡江史學,0,1,0,0,1,0,1
신학세계,1,0,1,0,0,0,1
부동산연구,1,0,1,0,0,0,1
Asia Pacific Journal of Teaching and Learning,1,0,0,1,0,0,1
Worri Literature Research,1,0,1,0,0,0,1
AmeriQuests,0,1,0,0,1,0,1
The American Journal of Sociology,1,0,1,0,0,0,1
독서치료연구,1,0,0,1,0,0,1
조철우,1,0,0,1,0,0,1
総合文化研究所年報,0,1,0,0,1,0,1
과학기술학연구,1,0,1,0,0,0,1
조선학연구,1,0,1,0,0,0,1
한국기독교문화연구,0,1,0,0,1,0,1
淸大學術論集,1,0,1,0,0,0,1
경남문학,1,0,1,0,0,0,1
Shakespeare Review,0,1,0,0,0,1,1
Poetics,1,0,1,0,0,0,1
박지수,1,0,0,1,0,0,1
退溪學報,1,0,1,0,0,0,1
월시 동인지,0,1,0,0,1,0,1
Journal of the American Musicological Society,0,1,0,0,1,0,1
방송과 우리말,1,0,1,0,0,0,1
Communication Research,1,0,1,0,0,0,1
동학연구,1,0,1,0,0,0,1
명지사론,0,1,0,0,1,0,1
역사비평사,0,1,0,0,1,0,1
朝鮮文化研究,1,0,1,0,0,0,1
시사월간 WIN,0,1,0,0,1,0,1
조선어문연구,1,0,1,0,0,0,1
Journal of English Linguistics,1,0,1,0,0,0,1
안아름,0,1,0,0,0,1,1
서울국제법연구,1,0,1,0,0,0,1
월간현대,0,1,0,0,1,0,1
西洋古典學硏究,1,0,1,0,0,0,1
Cognitive Linguistics,1,0,1,0,0,0,1
박석준,1,0,0,1,0,0,1
최인자,1,0,0,1,0,0,1
공生공樂,0,1,0,0,1,0,1
임수진,1,0,0,1,0,0,1
송원찬,1,0,0,1,0,0,1
시정연구,0,1,0,0,1,0,1
Research in the Teaching of English,1,0,1,0,0,0,1
금성,1,0,1,0,0,0,1
과학과 기술,0,1,0,0,1,0,1
월간 샘터,1,0,1,0,0,0,1
Journal of Integrated Design Research,1,0,1,0,0,0,1
코칭연구,0,1,0,0,0,1,1
정경연구,0,1,0,0,1,0,1
南冥學硏究論叢,1,0,1,0,0,0,1
문창어문학회,1,0,1,0,0,0,1
Journal of Acosutic Society of America,1,0,1,0,0,0,1
정길순,1,0,0,1,0,0,1
조선교육,0,1,0,0,1,0,1
한국가족자원경영학회지,0,1,0,0,1,0,1
語文學論叢,1,0,1,0,0,0,1
예술연구,1,0,1,0,0,0,1
이준엽,0,1,0,0,0,1,1
안보연구,1,0,1,0,0,0,1
KANDAルネッサンス,0,1,0,0,1,0,1
김윤희,1,0,0,1,0,0,1
최혜실,0,1,0,0,0,1,1
이금희,1,0,0,1,0,0,1
日本語学校論集,1,0,1,0,0,0,1
한국어문학,1,0,1,0,0,0,1
조광순,1,0,0,1,0,0,1
Mi Hee Cho,1,0,0,1,0,0,1
立命館言語文化研究,0,1,0,0,1,0,1
작가들,0,1,0,0,1,0,1
쉬플레망 상허,0,1,0,0,1,0,1
남북한 현대문학사,0,1,0,0,1,0,1
한국어문연구,1,0,1,0,0,0,1
Language and Cognitive Processes,1,0,1,0,0,0,1
도솔어문,1,0,1,0,0,0,1
사네치카마리,1,0,0,1,0,0,1
中國散文硏究集刊,1,0,1,0,0,0,1
교원교육,1,0,1,0,0,0,1
School Psychology Quarterly,1,0,1,0,0,0,1
Heritage Language Journal,1,0,1,0,0,0,1
김영규,1,0,0,1,0,0,1
서울법학,0,1,0,0,0,1,1
The Journal of the Institute for East Asian Studies Sogang University,1,0,1,0,0,0,1
한국국어교육연구회 논문집,1,0,1,0,0,0,1
the study of East Asian and Chinese studies,1,0,1,0,0,0,1
Japan Review,0,1,0,0,1,0,1
敎育科學硏究,1,0,1,0,0,0,1
Linguistic Society of America,1,0,1,0,0,0,1
문학과 비평,1,0,1,0,0,0,1
国文学 解釈と鑑賞,0,1,0,0,1,0,1
Rethinking Marxism,0,1,0,0,1,0,1
Jinbun,0,1,0,0,1,0,1
Vostok,0,1,0,0,1,0,1
현대 영미어문학,1,0,1,0,0,0,1
최신인,1,0,0,1,0,0,1
강보선,1,0,0,1,0,0,1
Korean 연구와 교육,1,0,1,0,0,0,1
The American Economic Review,0,1,0,0,1,0,1
이경철,1,0,0,1,0,0,1
트랜스토리아,1,0,1,0,0,0,1
毅菴先生文集,1,0,1,0,0,0,1
Journal of Business & Economics Research,1,0,1,0,0,0,1
문화재사랑,1,0,1,0,0,0,1
Post-Soviet Affairs,0,1,0,0,1,0,1
표윤신,0,1,0,0,0,1,1
이론,0,1,0,0,1,0,1
hye won wang,1,0,0,1,0,0,1
한국교회사학회지,0,1,0,0,0,1,1
Romanica Olomucensia,1,0,1,0,0,0,1
백범과 민족운동연구,0,1,0,0,1,0,1
언어학논집,1,0,1,0,0,0,1
藝術硏究,1,0,1,0,0,0,1
왕영,1,0,0,1,0,0,1
민진영,1,0,0,1,0,0,1
비평,0,1,0,0,1,0,1
서지학회,0,1,0,0,1,0,1
함태영,1,0,0,1,0,0,1
박용식,1,0,0,1,0,0,1
드라마논총,1,0,1,0,0,0,1
Computer,1,0,1,0,0,0,1
문학과 창작,1,0,1,0,0,0,1
백영선,1,0,0,1,0,0,1
신영어영문학,1,0,1,0,0,0,1
ドイツ語文,0,1,0,0,1,0,1
민현식,1,0,0,1,0,0,1
Journal of Applied Learning &Teaching,1,0,1,0,0,0,1
국학연구논총,1,0,1,0,0,0,1
二重言語學,1,0,1,0,0,0,1
녹두서평,0,1,0,0,1,0,1
모산학보,1,0,1,0,0,0,1
UCLA Working Papers in Phonetics,1,0,1,0,0,0,1
김형태,1,0,0,1,0,0,1
통일인문학논총,0,1,0,0,1,0,1
조난희,1,0,0,1,0,0,1
"조선연극문화협회’ 연구?, 『어문론총』",0,1,0,0,1,0,1
이희영,1,0,0,1,0,0,1
近代文学,0,1,0,0,1,0,1
한신어문연구,1,0,1,0,0,0,1
대만연구(臺灣硏究),0,1,0,0,0,1,1
新朝鮮,1,0,1,0,0,0,1
外大論叢,1,0,1,0,0,0,1
서보영,1,0,0,1,0,0,1
書誌學報,1,0,1,0,0,0,1
재산법연구,1,0,1,0,0,0,1
아세아 연구,1,0,1,0,0,0,1
Transactions of the Philogogical Society,1,0,1,0,0,0,1
서양음악학,1,0,1,0,0,0,1
이경화,1,0,0,1,0,0,1
고궁문화,1,0,0,1,0,0,1
영화교육연구,1,0,1,0,0,0,1
교육과학연구 백록논총,1,0,1,0,0,0,1
춤ㆍ지성,1,0,1,0,0,0,1
윤미소,1,0,0,1,0,0,1
농업기술회보,0,1,0,0,1,0,1
명지 어문학,1,0,1,0,0,0,1
當代韓國,1,0,1,0,0,0,1
시와시,0,1,0,0,1,0,1
홍영호,1,0,0,1,0,0,1
羅惠錫硏究,1,0,1,0,0,0,1
社会志林,0,1,0,0,1,0,1
이성혜,1,0,0,1,0,0,1
Transportation Science,0,1,0,0,1,0,1
정회란,1,0,0,1,0,0,1
파라,1,0,1,0,0,0,1
國際文化硏究,0,1,0,0,1,0,1
한국민요집,1,0,1,0,0,0,1
공동체문화와 민속연구,0,1,0,0,1,0,1
박향란,1,0,0,1,0,0,1
지역연구,0,1,0,0,1,0,1
여성문화,0,1,0,0,1,0,1
國語學會,1,0,1,0,0,0,1
竹筍,1,0,1,0,0,0,1
천년의시작,1,0,1,0,0,0,1
隣語大方 解題ㆍ索引ㆍ原文,1,0,1,0,0,0,1
유홍빈,1,0,0,1,0,0,1
論潮,0,1,0,0,1,0,1
민족예술,0,1,0,0,1,0,1
System,1,0,1,0,0,0,1
홍성호,1,0,0,1,0,0,1
東方漢文學,1,0,1,0,0,0,1
강원법학,1,0,1,0,0,0,1
방상호,1,0,0,1,0,0,1
Literature-film Quartly,1,0,1,0,0,0,1
중국현대문학연구,0,1,0,0,1,0,1
광신논단,0,1,0,0,1,0,1
재일동포의 문화생활 실태 및 지원방안 연구,0,1,0,0,1,0,1
관악어문硏究,1,0,1,0,0,0,1
日本語文,0,1,0,0,1,0,1
역사과학,1,0,1,0,0,0,1
미사일,0,1,0,0,1,0,1
東洋哲學硏究,1,0,1,0,0,0,1
이병태,0,1,0,0,0,1,1
語文學硏究,1,0,1,0,0,0,1
文藝首都,0,1,0,0,1,0,1
박미희,1,0,0,1,0,0,1
배건준,1,0,0,1,0,0,1
고서,1,0,1,0,0,0,1
월간 경향,0,1,0,0,1,0,1
홍연정,1,0,0,1,0,0,1
논문집: 인문사회과학,1,0,1,0,0,0,1
학부모연구,0,1,0,0,0,1,1
Journal of the ACM,0,1,0,0,1,0,1
東亞論叢,0,1,0,0,1,0,1
The Electronic Journal for English as a Second Langage,1,0,1,0,0,0,1
실천공학교육논문지,1,0,0,1,0,0,1
Language in Society,1,0,1,0,0,0,1
한국심리학회지: 상담 및 심리치료,1,0,1,0,0,0,1
고전여성문학연구,1,0,1,0,0,0,1
朝鮮語文學會報,0,1,0,0,1,0,1
상명여대 어문학연구소,1,0,1,0,0,0,1
야담문학의 현단계,1,0,1,0,0,0,1
国文学,1,0,1,0,0,0,1
어휘 자료 처리를 위한 파생 접사 연구,1,0,1,0,0,0,1
에코리브르,0,1,0,0,1,0,1
學林,1,0,1,0,0,0,1
총니,1,0,0,1,0,0,1
Korean Culture,1,0,1,0,0,0,1
전통 화법과 화법교육,1,0,1,0,0,0,1
이주미,1,0,0,1,0,0,1
임다영,1,0,0,1,0,0,1
KISO Journal,1,0,1,0,0,0,1
라인정,1,0,0,1,0,0,1
文湖,1,0,1,0,0,0,1
진우현,1,0,0,1,0,0,1
평생교육학연구,1,0,1,0,0,0,1
한국영상학회논문집,0,1,0,0,0,1,1
広島部落解放研究所紀要[部落解放研究],0,1,0,0,1,0,1
Chunmei Miao,1,0,0,1,0,0,1
/ 한국불교전서,1,0,1,0,0,0,1
근대철학,0,1,0,0,1,0,1
Analysis,1,0,1,0,0,0,1
哲學硏究,0,1,0,0,1,0,1
淸大漢林,1,0,1,0,0,0,1
한국스포츠사회학회지,0,1,0,0,1,0,1
정치논총,0,1,0,0,1,0,1
朝鮮史硏究會論文集,0,1,0,0,1,0,1
러시아학,1,0,0,1,0,0,1
成煥甲,1,0,1,0,0,0,1
의학교육논단,0,1,0,0,0,1,1
최윤곤,1,0,0,1,0,0,1
国語科敎育,0,1,0,0,1,0,1
황경수,1,0,0,1,0,0,1
김아영,0,1,0,0,0,1,1
한국행정사학지,1,0,0,1,0,0,1
신종교연구,0,1,0,0,0,1,1
고전 르네상스 영문학,0,1,0,0,1,0,1
대한그리스도인회보,1,0,1,0,0,0,1
박종원,1,0,0,1,0,0,1
백제연구,1,0,1,0,0,0,1
Southern Medical Journal,0,1,0,0,1,0,1
ソシオサイエンス,1,0,1,0,0,0,1
교육 한글,1,0,1,0,0,0,1
김택윤,1,0,0,1,0,0,1
김지오,1,0,0,1,0,0,1
정혜은,0,1,0,0,0,1,1
소설의 운명,0,1,0,0,1,0,1
미래청소년학회지,0,1,0,0,1,0,1
語言研究,1,0,1,0,0,0,1
개신어문학회,0,1,0,0,1,0,1
장충덕,1,0,0,1,0,0,1
산림공학기술,0,1,0,0,1,0,1
The Korean Review,1,0,1,0,0,0,1
근대문학,0,1,0,0,1,0,1
ICKL XIV Inquiries into Korean Linguistics,1,0,1,0,0,0,1
정경옥,1,0,0,1,0,0,1
한국조경학회지,1,0,0,1,0,0,1
새길 이야기,0,1,0,0,1,0,1
實踐國文學,1,0,1,0,0,0,1
민족음악,0,1,0,0,1,0,1
홍현영,0,1,0,0,0,1,1
比較日本学教育研究センター研究年報,0,1,0,0,1,0,1
東アジア近現代通史,0,1,0,0,1,0,1
홍윤기,1,0,0,1,0,0,1
강승혜,1,0,0,1,0,0,1
開放時代,0,1,0,0,1,0,1
BMC Public Health,1,0,1,0,0,0,1
한국산학기술학회논문지,1,0,1,0,0,0,1
이원영,0,1,0,0,0,1,1
최홍열,1,0,0,1,0,0,1
日本古書通信,0,1,0,0,1,0,1
湖南社會科學,0,1,0,0,1,0,1
Journal of Memory an Language,1,0,1,0,0,0,1
课外语文,1,0,1,0,0,0,1
在外韓人硏究,1,0,1,0,0,0,1
사회과학논총,0,1,0,0,1,0,1
동북아관광연구,0,1,0,0,0,1,1
Pattern Recognition,1,0,1,0,0,0,1
International Journal of Humanities and Arts Computing,1,0,1,0,0,0,1
공산권 연구,0,1,0,0,1,0,1
思想の科学,0,1,0,0,1,0,1
정한별,1,0,0,1,0,0,1
국어교육론,1,0,1,0,0,0,1
韓國語敎育硏究,1,0,1,0,0,0,1
斯道文庫論集,1,0,1,0,0,0,1
The Standard Edition of The Complete Psychological Works of Sigmund Freud,0,1,0,0,1,0,1
응용경제,0,1,0,0,1,0,1
마케팅논집,1,0,1,0,0,0,1
신문학,0,1,0,0,1,0,1
라틴아메리카연구,1,0,1,0,0,0,1
月刊 地域づくり,1,0,1,0,0,0,1
College Composition and Communication,1,0,1,0,0,0,1
김도훈,1,0,0,1,0,0,1
한국행정학보,0,1,0,0,0,1,1
Revue d’Histoire littéraire de la France,0,1,0,0,1,0,1
Harvard WOKL,1,0,1,0,0,0,1
조사연구,1,0,1,0,0,0,1
인하,1,0,1,0,0,0,1
希望,1,0,1,0,0,0,1
이준희,1,0,0,1,0,0,1
정미혜,1,0,0,1,0,0,1
仁荷大學校 師範大學,1,0,1,0,0,0,1
Scottish Journal of Political Economy,0,1,0,0,1,0,1
고시계,0,1,0,0,1,0,1
문준혜,1,0,0,1,0,0,1
박문,1,0,1,0,0,0,1
日本台湾学会報,0,1,0,0,1,0,1
김용진,1,0,0,1,0,0,1
대한나학회지,0,1,0,0,1,0,1
창비주간논평,0,1,0,0,1,0,1
패션 비즈니스,0,1,0,0,0,1,1
조선어연구,1,0,1,0,0,0,1
東京大学国文学論集,0,1,0,0,1,0,1
韓國傳統音樂學,1,0,1,0,0,0,1
현대중국연구,0,1,0,0,1,0,1
亞細亞學報,1,0,1,0,0,0,1
하호빈,1,0,0,1,0,0,1
정보과학회 컴퓨팅의 실제 논문지,1,0,1,0,0,0,1
병원경영학회지,1,0,1,0,0,0,1
"Media, Culture & Society",0,1,0,0,1,0,1
哈爾濱學院學報,1,0,1,0,0,0,1
The Journal of Speculative Philosophy,0,1,0,0,1,0,1
북한문화연구,0,1,0,0,1,0,1
비지네스,0,1,0,0,1,0,1
한반도포커스,0,1,0,0,1,0,1
이은섭,1,0,0,1,0,0,1
The American Interest,0,1,0,0,1,0,1
Posev,0,1,0,0,1,0,1
Can J Cardiol,1,0,1,0,0,0,1
Languages Edu- cation,1,0,1,0,0,0,1
최보선,1,0,0,1,0,0,1
인문과학연구소 논문집,0,1,0,0,1,0,1
경희대 고황논집,0,1,0,0,1,0,1
KDI 북한경제리뷰,0,1,0,0,1,0,1
文芸倶楽部,0,1,0,0,1,0,1
우리미래춤학회연구논문집,1,0,1,0,0,0,1
언어정보개발연구,1,0,1,0,0,0,1
Prevention School Failure,1,0,1,0,0,0,1
코리안이마고,1,0,1,0,0,0,1
朝鮮に於ける國民精神總動員,0,1,0,0,1,0,1
음악교육공학,1,0,1,0,0,0,1
자음과 모음,0,1,0,0,1,0,1
동서문화,1,0,1,0,0,0,1
Papers in Language Testing,1,0,1,0,0,0,1
기전문화연구,0,1,0,0,0,1,1
韓國文學論集,1,0,1,0,0,0,1
천리마,0,1,0,0,1,0,1
픽션과 논픽션,1,0,0,1,0,0,1
한국언론학회,0,1,0,0,1,0,1
강우규,1,0,0,1,0,0,1
충주대학교 논문집,1,0,1,0,0,0,1
일본학연보,1,0,1,0,0,0,1
京都大学歴史文化社会論講座紀要,1,0,1,0,0,0,1
이현진,0,1,0,0,0,1,1
재무와회계정보저널,1,0,1,0,0,0,1
Geographical Review,0,1,0,0,1,0,1
동아시아 문화연구 논집,1,0,1,0,0,0,1
京畿語文,1,0,1,0,0,0,1
名古屋大学教育学部附属中高等学校紀要,1,0,1,0,0,0,1
韓國初等敎育,1,0,1,0,0,0,1
Linguistic Research,1,0,1,0,0,0,1
권수빈,0,1,0,0,0,1,1
최문용,0,1,0,0,0,1,1
홍소라,1,0,0,1,0,0,1
韓國民族文化,1,0,1,0,0,0,1
사람과 글,1,0,1,0,0,0,1
문화교류와 다문화교육,1,0,1,0,0,0,1
계간 문예,0,1,0,0,1,0,1
김양지,1,0,0,1,0,0,1
브랜드디자인학연구,1,0,1,0,0,0,1
韓國音樂學論集,1,0,1,0,0,0,1
중동연구,0,1,0,0,1,0,1
American Quarterly,0,1,0,0,1,0,1
한겨레,0,1,0,0,1,0,1
Literature/Film Quarterly,1,0,1,0,0,0,1
Journal of Educational and Psychological Consultation,1,0,1,0,0,0,1
Language Teaching,1,0,1,0,0,0,1
이재준,1,0,0,1,0,0,1
new media & mass communication,1,0,1,0,0,0,1
기록인,0,1,0,0,1,0,1
현대정치연구,0,1,0,0,1,0,1
Central Asiatic Journal,1,0,1,0,0,0,1
Exceptional children,1,0,1,0,0,0,1
임우열,1,0,0,1,0,0,1
中国边疆史地研究,1,0,1,0,0,0,1
정음,1,0,1,0,0,0,1
해방조선,0,1,0,0,1,0,1
국어국문학 연구,0,1,0,0,1,0,1
미스테리아,0,1,0,0,1,0,1
新しい漢字漢文教育,1,0,1,0,0,0,1
Pacific Research and World Empire Telegram,0,1,0,0,1,0,1
倫理硏究,0,1,0,0,1,0,1
이창희,1,0,0,1,0,0,1
언어문학연구,1,0,1,0,0,0,1
杉本 加代子,1,0,0,1,0,0,1
삐라,0,1,0,0,1,0,1
월간말,0,1,0,0,1,0,1
编辑学刊,1,0,1,0,0,0,1
정세와 정책,0,1,0,0,1,0,1
김용재,1,0,0,1,0,0,1
교육철학,1,0,1,0,0,0,1
정보화연구,1,0,1,0,0,0,1
해항도시문화교섭학,0,1,0,0,0,1,1
고은아,1,0,0,1,0,0,1
한국말교육,1,0,1,0,0,0,1
김서현,0,1,0,0,0,1,1
Memory and Cognition,1,0,1,0,0,0,1
Linguistic Analysis,1,0,1,0,0,0,1
청년 문학,0,1,0,0,1,0,1
제주문학,0,1,0,0,1,0,1
한국민족문화대백과사전,1,0,1,0,0,0,1
한국문학의 현 단계,0,1,0,0,1,0,1
민족화해,0,1,0,0,1,0,1
고려대 박사논문,0,1,0,0,1,0,1
월간 현대시,0,1,0,0,1,0,1
韓國文學硏究,1,0,1,0,0,0,1
西江人文論叢,1,0,1,0,0,0,1
구기보,1,0,0,1,0,0,1
계간 모,0,1,0,0,1,0,1
초등교육학연구,1,0,1,0,0,0,1
대학교양교육연구,1,0,0,1,0,0,1
アジア文化硏究,0,1,0,0,1,0,1
중앙어문학회,0,1,0,0,1,0,1
나남신서,0,1,0,0,1,0,1
論集,1,0,1,0,0,0,1
Los Angeles Review of Books,0,1,0,0,1,0,1
敎育哲學,1,0,1,0,0,0,1
정보과학회지,1,0,1,0,0,0,1
Liver Int,1,0,1,0,0,0,1
역사 비평,0,1,0,0,1,0,1
한국과 국제사회,1,0,0,1,0,0,1
상명대 논문집,1,0,1,0,0,0,1
美術資料,1,0,1,0,0,0,1
정희선,0,1,0,0,0,1,1
이희수,1,0,0,1,0,0,1
朝鮮韓國歷史研究,0,1,0,0,1,0,1
東京大学言語学論集,1,0,1,0,0,0,1
호길,1,0,0,1,0,0,1
長崎大学総合環境研究,0,1,0,0,1,0,1
무용역사기록학,0,1,0,0,1,0,1
음성·음운·형태론연구,1,0,1,0,0,0,1
民俗研究,1,0,1,0,0,0,1
광고정보,1,0,1,0,0,0,1
Jouranl of Pragmatics,1,0,1,0,0,0,1
박희숙,1,0,0,1,0,0,1
キリスト教と文化,0,1,0,0,1,0,1
심지수,1,0,0,1,0,0,1
상업교육연구,1,0,1,0,0,0,1
간호행정학회지,1,0,1,0,0,0,1
Europe,0,1,0,0,1,0,1
學之光,0,1,0,0,1,0,1
Philosophy & Social Criticism,0,1,0,0,1,0,1
Systems Computers Controls,1,0,1,0,0,0,1
제주대학교 교육과학연구,1,0,0,1,0,0,1
연세커뮤니케이션즈,0,1,0,0,1,0,1
한국동서경제연구,0,1,0,0,1,0,1
시사IN,0,1,0,0,1,0,1
조경선,1,0,0,1,0,0,1
漢學硏究集刊,1,0,1,0,0,0,1
이우영,0,1,0,0,0,1,1
경희대 현대미술연구소 논문집,1,0,1,0,0,0,1
언어 정보,1,0,1,0,0,0,1
한경도,1,0,0,1,0,0,1
정지현,1,0,0,1,0,0,1
교육논총,1,0,1,0,0,0,1
문학인,0,1,0,0,1,0,1
/ 민족문학사연구,0,1,0,0,1,0,1
한국무용교육학회지,0,1,0,0,1,0,1
학풍,0,1,0,0,1,0,1
박진욱,1,0,0,1,0,0,1
한국미용학회지,1,0,1,0,0,0,1
사목,1,0,1,0,0,0,1
The Research of the Korean Classic,1,0,1,0,0,0,1
초등수학교육,1,0,1,0,0,0,1
용연어문논집,1,0,1,0,0,0,1
최용,1,0,0,1,0,0,1
언론과 법,0,1,0,0,1,0,1
Journal of Eurasian Studies,0,1,0,0,1,0,1
한힌샘 주 시경 연구,1,0,1,0,0,0,1
School Psychology International,1,0,1,0,0,0,1
김일환,0,1,0,0,0,1,1
문예연구,1,0,1,0,0,0,1
朝鮮史硏究會論文集,0,1,0,0,1,0,1
가톨릭신학과 사상,1,0,1,0,0,0,1
현대미술연구소 논문집,1,0,1,0,0,0,1
한국과 세계,1,0,0,1,0,0,1
研究論集,0,1,0,0,1,0,1
인문사회교육연구,0,1,0,0,1,0,1
"Journal of Chinese Linguistics, Monograph Series",1,0,1,0,0,0,1
國語と國文學,1,0,1,0,0,0,1
진가연,1,0,0,1,0,0,1
新女性,1,0,1,0,0,0,1
교회와 법,1,0,0,1,0,0,1
군사연구,0,1,0,0,0,1,1
보호관찰,1,0,0,1,0,0,1
Asian & African Studies,0,1,0,0,1,0,1
청주대학교 논문집,1,0,1,0,0,0,1
미술자료,1,0,1,0,0,0,1
문학과지성사,0,1,0,0,1,0,1
임영길,1,0,0,1,0,0,1
譯林,0,1,0,0,1,0,1
Screen,0,1,0,0,1,0,1
임총인,1,0,0,1,0,0,1
정경미,1,0,0,1,0,0,1
대중,0,1,0,0,1,0,1
노동자의 벗,0,1,0,0,1,0,1
허예슬,1,0,0,1,0,0,1
임채훈,1,0,0,1,0,0,1
대한보건연구,1,0,0,1,0,0,1
조형디자인연구,1,0,1,0,0,0,1
계간미술,0,1,0,0,1,0,1
한국사회사학연구,0,1,0,0,1,0,1
형사정책연구,1,0,1,0,0,0,1
한국현대문학,1,0,1,0,0,0,1
한일어학논총,1,0,1,0,0,0,1
가라문화,1,0,1,0,0,0,1
종교연구 통권,1,0,1,0,0,0,1
이정애,1,0,0,1,0,0,1
김영한,1,0,0,1,0,0,1
영산논총,1,0,1,0,0,0,1
/ 창작과비평,0,1,0,0,1,0,1
솜씨,0,1,0,0,1,0,1
전영은,1,0,0,1,0,0,1
한국항만경제학회지,1,0,1,0,0,0,1
국제어문연구,0,1,0,0,1,0,1
Psychological Sci-ence,1,0,1,0,0,0,1
Science and Society,0,1,0,0,1,0,1
新天 地,0,1,0,0,1,0,1
한국지명연구,1,0,1,0,0,0,1
장정윤,0,1,0,0,0,1,1
哈尔滨学院学报,0,1,0,0,1,0,1
동아한학연구,1,0,0,1,0,0,1
黃帝醫學,1,0,1,0,0,0,1
韓國語文學硏究,1,0,1,0,0,0,1
Visual Cultures of the Americas,0,1,0,0,1,0,1
Women’s Studies International Forum,0,1,0,0,1,0,1
문학의 오늘,0,1,0,0,1,0,1
待兼山論叢－日本学篇,0,1,0,0,1,0,1
뉴래디컬리뷰,0,1,0,0,1,0,1
THE JOURNAL OF LOCALITOLOGY,1,0,1,0,0,0,1
台灣文學學報,0,1,0,0,1,0,1
Arch Gerontol Geriatr,1,0,1,0,0,0,1
임현열,1,0,0,1,0,0,1
도시행정학보,1,0,1,0,0,0,1
홍경임,1,0,0,1,0,0,1
Journal of Germanic Linguistics,1,0,1,0,0,0,1
European Journal of Social Psychology,1,0,1,0,0,0,1
한국 전후실존주의 소설연구,1,0,1,0,0,0,1
Cognitive Science,1,0,1,0,0,0,1
東洋史硏究,0,1,0,0,1,0,1
이진,1,0,0,1,0,0,1
順天鄕語文論集,1,0,1,0,0,0,1
Intersticios,0,1,0,0,1,0,1
수여성기설박사환갑기념논총,1,0,1,0,0,0,1
김성은,0,1,0,0,0,1,1
Nineteenth Century Theatre and Film,0,1,0,0,1,0,1
박종호,1,0,0,1,0,0,1
내러티브,1,0,1,0,0,0,1
김경수,1,0,0,1,0,0,1
Administrative Science Quarterly,0,1,0,0,1,0,1
韓國朝鮮文化硏究,0,1,0,0,1,0,1
仏語仏文学硏究,1,0,1,0,0,0,1
Cog- nitive Psychology,1,0,1,0,0,0,1
Ural-Altaische Jahrbücher,1,0,1,0,0,0,1
English Language Teaching,1,0,1,0,0,0,1
사회과학논집,0,1,0,0,1,0,1
김남호,1,0,0,1,0,0,1
홍경수,1,0,0,1,0,0,1
北京第,1,0,1,0,0,0,1
문화와 비평,1,0,1,0,0,0,1
현상과인식,0,1,0,0,1,0,1
Journal of Public Economics,0,1,0,0,1,0,1
이은선,1,0,0,1,0,0,1
The SNU Journal of Education Research,0,1,0,0,0,1,1
김경희,1,0,0,1,0,0,1
열린유아교육연구,1,0,1,0,0,0,1
인문학술,0,1,0,0,0,1,1
황국명,0,1,0,0,0,1,1
송인섭,1,0,0,1,0,0,1
한국고대사탐구,1,0,1,0,0,0,1
김남이,0,1,0,0,0,1,1
Korean Journal of Speech Science,1,0,1,0,0,0,1
長安論叢,1,0,1,0,0,0,1
敎會史學,0,1,0,0,1,0,1
German linguistics and literature,1,0,1,0,0,0,1
철학논구,0,1,0,0,1,0,1
통일연구,0,1,0,0,1,0,1
주준영,0,1,0,0,0,1,1
목원대 논문집,1,0,1,0,0,0,1
오민석,1,0,0,1,0,0,1
Slavery and Abolition,0,1,0,0,1,0,1
시민과 변호사,0,1,0,0,1,0,1
시대와철학,1,0,1,0,0,0,1
정민우,0,1,0,0,0,1,1
유춘동,1,0,0,1,0,0,1
종교신학연구,0,1,0,0,1,0,1
明治大学教養論集,0,1,0,0,1,0,1
장인철,0,1,0,0,0,1,1
주간희망,0,1,0,0,1,0,1
經濟論集,0,1,0,0,1,0,1
전자공학회논문지,1,0,1,0,0,0,1
捷解新語의 改修 分析,1,0,1,0,0,0,1
International Organization,0,1,0,0,1,0,1
"‘신민족주의’ 사관 재고－손진태와 식민주의?, 『정신문화연구』",0,1,0,0,1,0,1
Revue de l' Association Française de Linguistique Cognitive,1,0,1,0,0,0,1
문학․선,1,0,1,0,0,0,1
현대문학연구,1,0,1,0,0,0,1
황민아,1,0,0,1,0,0,1
ロシア史研究,0,1,0,0,1,0,1
임환모,0,1,0,0,0,1,1
최성학,1,0,0,1,0,0,1
신학과 실천,0,1,0,0,1,0,1
이종영,1,0,0,1,0,0,1
북한연구,0,1,0,0,1,0,1
Andragogy Today: Interdisciplinary Journal of Adult & Continuing Education,1,0,1,0,0,0,1
일본어문학보,1,0,1,0,0,0,1
지성,0,1,0,0,1,0,1
Topics in Cognitive Science,1,0,1,0,0,0,1
北大法学論集,1,0,1,0,0,0,1
학림,0,1,0,0,1,0,1
韓國現代作家論,1,0,1,0,0,0,1
문순희,1,0,0,1,0,0,1
한자ㆍ한자어 편람,1,0,1,0,0,0,1
越境広場,0,1,0,0,1,0,1
Disability Studies Quarterly,0,1,0,0,1,0,1
최도식,1,0,0,1,0,0,1
김연희,1,0,0,1,0,0,1
세계문학비교 연구,0,1,0,0,1,0,1
The Encyclopedia of Philosophy,1,0,1,0,0,0,1
박진하,1,0,0,1,0,0,1
한국디자인포럼,1,0,1,0,0,0,1
Functionalism and Chinese Grammar,1,0,1,0,0,0,1
한힌샘 연구,1,0,1,0,0,0,1
初等敎育硏究,1,0,1,0,0,0,1
Folia Linguistica,1,0,1,0,0,0,1
전병운,1,0,0,1,0,0,1
Typological Studies in Languages,1,0,1,0,0,0,1
"of HSK, de Gruyter",1,0,1,0,0,0,1
釜大史學,0,1,0,0,1,0,1
"Mind, Culture, and Activity",1,0,1,0,0,0,1
현대 영미시 연구,1,0,1,0,0,0,1
영미문학교육,0,1,0,0,0,1,1
불교평론,1,0,1,0,0,0,1
On The Horizon,0,1,0,0,1,0,1
현대 국어 사용 빈도 조사: 한국어 학습용 어휘 선정을 위한 기초 조사,1,0,1,0,0,0,1
영어어문교육,1,0,1,0,0,0,1
Gwanak Language and Literature Research,1,0,1,0,0,0,1
LSO Working Papers in Linguistics,1,0,1,0,0,0,1
국어연구회,1,0,1,0,0,0,1
The Canadian Modern Language Review,1,0,1,0,0,0,1
세계의 신학,1,0,1,0,0,0,1
김강희,1,0,0,1,0,0,1
Studia Politica Slovaca,0,1,0,0,1,0,1
순천대학교논문집,1,0,1,0,0,0,1
김중섭,1,0,0,1,0,0,1
조영혜,1,0,0,1,0,0,1
内蒙古电大学刊,1,0,1,0,0,0,1
김서영,0,1,0,0,0,1,1
한국철사학사연구,1,0,1,0,0,0,1
JL,1,0,1,0,0,0,1
교남사학,0,1,0,0,1,0,1
상서,0,1,0,0,1,0,1
이현실,1,0,0,1,0,0,1
박종배,1,0,0,1,0,0,1
CONTENTS PLUS,0,1,0,0,1,0,1
キネマ旬報,0,1,0,0,1,0,1
민족문제연구,1,0,1,0,0,0,1
김홍균,1,0,0,1,0,0,1
일제 말기 국민연극의 구조와 미학의 층위,0,1,0,0,1,0,1
이화논집,1,0,1,0,0,0,1
Intelligence and National Security,0,1,0,0,1,0,1
한국동서정신과학회지,1,0,1,0,0,0,1
동북아문화연구,0,1,0,0,1,0,1
한국전통문화연구,1,0,1,0,0,0,1
한국동북아논총,0,1,0,0,1,0,1
Foreign Lan- guages Education,1,0,1,0,0,0,1
博文,1,0,1,0,0,0,1
성효정,0,1,0,0,0,1,1
웹진 민연,0,1,0,0,1,0,1
시인세계,0,1,0,0,1,0,1
한국정책과학학회보,1,0,1,0,0,0,1
윤지원,1,0,0,1,0,0,1
나윤주,1,0,0,1,0,0,1
World Patent Information,1,0,1,0,0,0,1
김서화,0,1,0,0,0,1,1
스토리&이미지텔링,0,1,0,0,1,0,1
이형진,0,1,0,0,0,1,1
/ 한국학중앙연구원 장서각 소장,1,0,1,0,0,0,1
고전문학과교육,1,0,1,0,0,0,1
현대평론,1,0,1,0,0,0,1
이은홍,1,0,0,1,0,0,1
이병인,1,0,0,1,0,0,1
早稲田日本語研究,1,0,1,0,0,0,1
토양과 비료,0,1,0,0,1,0,1
Language Variation and Change,1,0,1,0,0,0,1
김은호,1,0,0,1,0,0,1
이태상,1,0,0,1,0,0,1
Zentralblantt fur Didaktik der Mathematik,1,0,1,0,0,0,1
PRIME,0,1,0,0,1,0,1
박명관,1,0,0,1,0,0,1
태학사,1,0,1,0,0,0,1
神戸市外國語大學外國語硏究,0,1,0,0,1,0,1
도재학,1,0,0,1,0,0,1
국가정책연구,1,0,1,0,0,0,1
日語敎育,0,1,0,0,1,0,1
探索与争鸣,1,0,1,0,0,0,1
Topics in Early Childhood Special Education,1,0,1,0,0,0,1
기호흥학회월보,1,0,1,0,0,0,1
이미혜,1,0,0,1,0,0,1
현대批評과 理論,1,0,1,0,0,0,1
일본문화학보,0,1,0,0,1,0,1
소년,1,0,1,0,0,0,1
공연과 이론,0,1,0,0,1,0,1
龍鳳論叢,1,0,1,0,0,0,1
Pacific Historical Review,0,1,0,0,1,0,1
서울대 논문집,1,0,1,0,0,0,1
Cognitive Psychology,1,0,1,0,0,0,1
함충범,0,1,0,0,0,1,1
역사와 융합,1,0,0,1,0,0,1
平北方言辭典,1,0,1,0,0,0,1
과학사상,1,0,1,0,0,0,1
モダン日本朝鮮版,0,1,0,0,1,0,1
방언학과 국어학,1,0,1,0,0,0,1
中国中世文学研究,0,1,0,0,1,0,1
이숭녕박사 송수기념논총,1,0,1,0,0,0,1
埼玉大学紀要,0,1,0,0,1,0,1
국어학총서,1,0,1,0,0,0,1
Voluntas; Baltimore,0,1,0,0,1,0,1
교회와 역사,1,0,1,0,0,0,1
Kritika Kultura,1,0,1,0,0,0,1
한국현대소설학회,1,0,1,0,0,0,1
이재규,1,0,0,1,0,0,1
教育学研 究,0,1,0,0,1,0,1
황영미,1,0,0,1,0,0,1
명청사연구,1,0,0,1,0,0,1
立命館産業社會論集,1,0,1,0,0,0,1
심리연구,1,0,1,0,0,0,1
大妻女子大學文学部紀要,0,1,0,0,1,0,1
Journal of the Canadian Association of Applied Linguistics,1,0,1,0,0,0,1
동남아시아 연구,0,1,0,0,1,0,1
판전,1,0,1,0,0,0,1
여순사건 자료집,0,1,0,0,1,0,1
권도형,1,0,0,1,0,0,1
어문교육논집,1,0,1,0,0,0,1
외국어로서의 한국어교육-말,1,0,1,0,0,0,1
양시내,0,1,0,0,0,1,1
東アジアと日本：交流と変容,1,0,1,0,0,0,1
白山學會,1,0,1,0,0,0,1
신학과 사회,1,0,0,1,0,0,1
종교문화비평,0,1,0,0,0,1,1
공연과이론,0,1,0,0,1,0,1
Keunsik JUNG,0,1,0,0,0,1,1
교육연구와 실천,1,0,1,0,0,0,1
Human Communication Research,1,0,1,0,0,0,1
정보과학지,1,0,1,0,0,0,1
Substance,0,1,0,0,1,0,1
도덕교육연구,0,1,0,0,1,0,1
문학과경계,1,0,1,0,0,0,1
근대사조,1,0,1,0,0,0,1
言語情報科学,0,1,0,0,1,0,1
Text & Talk,1,0,1,0,0,0,1
早稲田文学,0,1,0,0,1,0,1
인문예술논총,1,0,1,0,0,0,1
한국지역문학연구,0,1,0,0,1,0,1
Study in Higher Education,1,0,1,0,0,0,1
주현하,1,0,0,1,0,0,1
Psy- chological Review,1,0,1,0,0,0,1
무용예술학연구,0,1,0,0,0,1,1
이성천,0,1,0,0,0,1,1
Quarterly Progress and Status Report,1,0,1,0,0,0,1
문학사와 비평학회,1,0,1,0,0,0,1
Economic and Political Weekly,0,1,0,0,1,0,1
초등교육연구,1,0,1,0,0,0,1
民族文化,1,0,1,0,0,0,1
Numen,0,1,0,0,1,0,1
경관과 지리,0,1,0,0,1,0,1
영토해양연구,1,0,0,1,0,0,1
湘潭师范学院学报,1,0,1,0,0,0,1
정인기,1,0,0,1,0,0,1
역량개발학습연구,1,0,1,0,0,0,1
이화진,1,0,0,1,0,0,1
현실과 과학,0,1,0,0,1,0,1
山口大学教養部紀要 人文科学篇,0,1,0,0,1,0,1
Dongseomunhwa,1,0,1,0,0,0,1
Linguistic Discovery,1,0,1,0,0,0,1
글짜씨,1,0,1,0,0,0,1
The Journal of Popular Culture,0,1,0,0,1,0,1
韓國文學論叢,1,0,1,0,0,0,1
Journal of the Society for Asian Humanities,0,1,0,0,1,0,1
서울여자대학 논문집,1,0,1,0,0,0,1
社科縱橫,1,0,1,0,0,0,1
Proffession,0,1,0,0,1,0,1
고구려발해연구,1,0,1,0,0,0,1
韓國史硏究,1,0,1,0,0,0,1
報徳学,1,0,1,0,0,0,1
社會科學討究,0,1,0,0,1,0,1
Networks and Spatial Economics,0,1,0,0,1,0,1
문화예술교육연구,0,1,0,0,0,1,1
사회법연구,0,1,0,0,1,0,1
昭和文学研究,0,1,0,0,1,0,1
한국문화연구원 논총,0,1,0,0,1,0,1
平頂山學院學報,0,1,0,0,1,0,1
이승조,0,1,0,0,0,1,1
중세국어 연결어미와 보조사의 통합,1,0,1,0,0,0,1
산업기술연구소논문보고집,0,1,0,0,1,0,1
한글 한자 문화,1,0,1,0,0,0,1
전통문화연구,1,0,1,0,0,0,1
국어의 시대별 변천 연구,1,0,1,0,0,0,1
장정룡,1,0,0,1,0,0,1
Mosaic-A Journal for The Interdisciplinary Study of Literature,1,0,1,0,0,0,1
열린 정신 인문학 연구,0,1,0,0,1,0,1
Disability & Society,0,1,0,0,1,0,1
桃山学院大学人間科学,0,1,0,0,1,0,1
순천향인문과학논총,1,0,1,0,0,0,1
Meridians,0,1,0,0,1,0,1
한국유아교육연구,1,0,1,0,0,0,1
Proverbium,1,0,1,0,0,0,1
헤리티지:역사와 과학,1,0,0,1,0,0,1
금오공과대학교논문집,0,1,0,0,1,0,1
現代外語,1,0,1,0,0,0,1
Modern China,0,1,0,0,1,0,1
문화전,0,1,0,0,1,0,1
Honors Theses,1,0,1,0,0,0,1
법조,1,0,1,0,0,0,1
國文學言語語と文藝,1,0,1,0,0,0,1
방송공학회지,1,0,1,0,0,0,1
古小說硏究,1,0,1,0,0,0,1
한국교육문제연구소논문집,1,0,1,0,0,0,1
批評空間,0,1,0,0,1,0,1
송광한,1,0,0,1,0,0,1
韓國民族語文學,1,0,1,0,0,0,1
길을 찾는 사람들,0,1,0,0,1,0,1
드라마 논총,1,0,1,0,0,0,1
域外漢文學與漢籍,1,0,1,0,0,0,1
Endocrinology and Metabolism,1,0,0,1,0,0,1
신흥,1,0,1,0,0,0,1
Journal for Maritime Research,0,1,0,0,1,0,1
The Review of Economics and Statistics,0,1,0,0,1,0,1
Scientific American,1,0,1,0,0,0,1
김수지,0,1,0,0,0,1,1
다산과 현대,0,1,0,0,1,0,1
한국전통조경학회지,0,1,0,0,1,0,1
Korean Literature Criticism Study,1,0,1,0,0,0,1
주선,1,0,0,1,0,0,1
東京成徳短期大学紀要,1,0,1,0,0,0,1
어문학보,1,0,1,0,0,0,1
한경훈,0,1,0,0,0,1,1
인권과 정의,1,0,1,0,0,0,1
계간 저작권,0,1,0,0,1,0,1
글로벌정치연구,0,1,0,0,1,0,1
中國比較文學,0,1,0,0,1,0,1
言語の科学,1,0,1,0,0,0,1
유동환,1,0,0,1,0,0,1
Gender &History,0,1,0,0,1,0,1
초등국어교육,1,0,1,0,0,0,1
亞細亞 硏究,1,0,1,0,0,0,1
인도철학,1,0,1,0,0,0,1
주역철학과 문화,1,0,1,0,0,0,1
김혜지,1,0,0,1,0,0,1
세기 중국조선족문학사료전집,1,0,1,0,0,0,1
김중수,1,0,0,1,0,0,1
한국사상과문화,0,1,0,0,1,0,1
陕西师范大学学报,1,0,1,0,0,0,1
Textual Practice,0,1,0,0,1,0,1
T. S. 엘리엇연구,0,1,0,0,1,0,1
現代中文學刊,0,1,0,0,1,0,1
관학어문연구,1,0,1,0,0,0,1
漢語學報,1,0,1,0,0,0,1
상아탑,1,0,1,0,0,0,1
최정숙,1,0,0,1,0,0,1
한글교육,1,0,1,0,0,0,1
이상직,0,1,0,0,0,1,1
뉴스메이커,0,1,0,0,1,0,1
コリアン·スタディーズ,0,1,0,0,1,0,1
문명연지,1,0,1,0,0,0,1
鹽城師專學報,1,0,1,0,0,0,1
시대와 민중신학,0,1,0,0,1,0,1
朴好熙,1,0,0,1,0,0,1
김영희,1,0,0,1,0,0,1
조세연,1,0,0,1,0,0,1
충남대학교 인문대학 논문집,1,0,1,0,0,0,1
근대영미소설,0,1,0,0,1,0,1
계간 사상,0,1,0,0,1,0,1
中國現代文學研究叢刊,0,1,0,0,1,0,1
산문시대,0,1,0,0,1,0,1
이혜용,1,0,0,1,0,0,1
교육한글,1,0,1,0,0,0,1
人民文学,0,1,0,0,1,0,1
한독사회과학논총,0,1,0,0,1,0,1
麗澤大學大學院言語敎育硏究科論集 <言語と文明>,1,0,1,0,0,0,1
공혜림,1,0,0,1,0,0,1
Learning and individual differences,1,0,1,0,0,0,1
江原史學,0,1,0,0,0,1,1
한국민속과문화,0,1,0,0,1,0,1
跨文化对话,0,1,0,0,1,0,1
Australian Journal of Education,1,0,1,0,0,0,1
민족과 문학,1,0,1,0,0,0,1
수필시대,0,1,0,0,1,0,1
대각사상,0,1,0,0,0,1,1
연세교육과학,1,0,1,0,0,0,1
神奈川大學 大學院經濟硏究科硏究論集,1,0,1,0,0,0,1
복식,1,0,1,0,0,0,1
/ 한국지명총람,1,0,1,0,0,0,1
퇴계학보,1,0,1,0,0,0,1
出版學硏究,1,0,1,0,0,0,1
한국 언어문학,1,0,1,0,0,0,1
천정환,0,1,0,0,0,1,1
민족음악의 이해,0,1,0,0,1,0,1
김현영,0,1,0,0,0,1,1
신승용,1,0,0,1,0,0,1
Journal of the Royal Asiatic Society,0,1,0,0,1,0,1
정보시스템연구,0,1,0,0,1,0,1
정음사,0,1,0,0,1,0,1
みすず,0,1,0,0,1,0,1
住民と自治,0,1,0,0,1,0,1
日語日文学研究,1,0,1,0,0,0,1
이정민,1,0,0,1,0,0,1
朝鮮史研究会論文集,0,1,0,0,1,0,1
만해학보,1,0,1,0,0,0,1
朝鮮及滿洲,0,1,0,0,1,0,1
문화비평,0,1,0,0,1,0,1
력사제문제,0,1,0,0,1,0,1
안양대학교 논문집,1,0,1,0,0,0,1
인문학보,1,0,1,0,0,0,1
국토연구,0,1,0,0,1,0,1
Linguistics and Education,1,0,1,0,0,0,1
산업과 경영,1,0,1,0,0,0,1
문학과영상,1,0,1,0,0,0,1
Scandinavian journal of caring sciences,1,0,1,0,0,0,1
오태영,0,1,0,0,0,1,1
Noûs,1,0,1,0,0,0,1
이다슴,1,0,0,1,0,0,1
Time and Society,0,1,0,0,1,0,1
움직임의 철학,1,0,1,0,0,0,1
천혜정,0,1,0,0,0,1,1
이준영,0,1,0,0,0,1,1
송소연,1,0,0,1,0,0,1
데위 실비아 리아디나,1,0,0,1,0,0,1
eTropic: electronic journal of studies in the Tropics,0,1,0,0,1,0,1
淵民學志,1,0,1,0,0,0,1
北韓學硏究,1,0,1,0,0,0,1
宗敎學硏究,1,0,1,0,0,0,1
창비어린이,0,1,0,0,1,0,1
QUAN WENHUA,1,0,0,1,0,0,1
東洋文化研究,1,0,1,0,0,0,1
철학탐구,1,0,0,1,0,0,1
김혜진,1,0,0,1,0,0,1
Babel. Littératures plurielles,0,1,0,0,1,0,1
中国比较文学,0,1,0,0,1,0,1
한국동서정신과학지,0,1,0,0,1,0,1
東南亞硏究,1,0,1,0,0,0,1
윤리 연구,1,0,1,0,0,0,1
해석학연구,0,1,0,0,1,0,1
공생공락,0,1,0,0,1,0,1
고소설 연구,1,0,1,0,0,0,1
Studia Neofilologiczne,1,0,1,0,0,0,1
國文學硏究,1,0,1,0,0,0,1
비교사회,0,1,0,0,1,0,1
경기대학교대학원 논문집,1,0,1,0,0,0,1
사목정보,0,1,0,0,1,0,1
한국인물사연구,1,0,1,0,0,0,1
International Review of Social History,0,1,0,0,1,0,1
Modern Asian Studies,0,1,0,0,1,0,1
College Com- position and Communication,1,0,1,0,0,0,1
한글+한자 문화,0,1,0,0,1,0,1
임미진,0,1,0,0,0,1,1
Feminist Studies,0,1,0,0,1,0,1
이은정,1,0,0,1,0,0,1
풍림,1,0,1,0,0,0,1
韓國社會學,1,0,1,0,0,0,1
한남어문학회,1,0,1,0,0,0,1
語文周刊,1,0,1,0,0,0,1
국제.지역연구,0,1,0,0,1,0,1
张璐璟,1,0,0,1,0,0,1
이찬규,1,0,0,1,0,0,1
우리말글학,0,1,0,0,1,0,1
Aesan-Hakbo,1,0,1,0,0,0,1
Journal of Verbal Learning & Verbal Behavior,1,0,1,0,0,0,1
논총,1,0,1,0,0,0,1
여성문제연구,0,1,0,0,1,0,1
일본근대문학－연구와 비평,0,1,0,0,1,0,1
Lancet,1,0,1,0,0,0,1
새국어새활,1,0,1,0,0,0,1
Transportation Research B,0,1,0,0,1,0,1
이재원,0,1,0,0,0,1,1
이론과 실천,0,1,0,0,1,0,1
교육비평,0,1,0,0,1,0,1
통일문화,0,1,0,0,1,0,1
청대학술논총,1,0,1,0,0,0,1
안동어문학,1,0,1,0,0,0,1
아세아문화,0,1,0,0,1,0,1
연세대학교 국학연구원 동방학지,1,0,1,0,0,0,1
Applied Measurement in Education,1,0,1,0,0,0,1
韓日語學論叢,1,0,1,0,0,0,1
文芸論叢,0,1,0,0,1,0,1
김종호,0,1,0,0,0,1,1
時調學論叢,1,0,1,0,0,0,1
韓國佛敎學,1,0,1,0,0,0,1
Journal of Applied Social Psychology,1,0,1,0,0,0,1
震檀 學報,1,0,1,0,0,0,1
"of HSK,. de Gruyter",1,0,1,0,0,0,1
여성건강,0,1,0,0,1,0,1
歴史学研究,0,1,0,0,1,0,1
정치커뮤니케이션연구,0,1,0,0,1,0,1
프랑스사 연구,1,0,1,0,0,0,1
한국어 연구,1,0,1,0,0,0,1
Journal of Social Issue,1,0,1,0,0,0,1
정수완,0,1,0,0,0,1,1
서울대학교법학,0,1,0,0,1,0,1
이관식,1,0,0,1,0,0,1
Biomed Environ Sci,1,0,1,0,0,0,1
Cognition and Instruction,1,0,1,0,0,0,1
이금화,1,0,0,1,0,0,1
아세아 여성 연구,1,0,1,0,0,0,1
Social Policy and Administration,0,1,0,0,1,0,1
文章,0,1,0,0,1,0,1
박상욱,1,0,0,1,0,0,1
Brain and Language,1,0,1,0,0,0,1
韓國學,0,1,0,0,1,0,1
都留文科大學硏究紀要,0,1,0,0,1,0,1
韓國史 市民講座,1,0,1,0,0,0,1
밀턴과 근세영문학,1,0,1,0,0,0,1
임영상,1,0,0,1,0,0,1
인간발달연구,1,0,1,0,0,0,1
大原社会問題研究所雑誌,0,1,0,0,1,0,1
American Psychologist,1,0,1,0,0,0,1
퇴계학과 한국문화,1,0,1,0,0,0,1
Journal of Foreign Languages,1,0,1,0,0,0,1
통일과평화,0,1,0,0,1,0,1
임은혁,0,1,0,0,0,1,1
同德語文論集,1,0,1,0,0,0,1
문화원형을 중심으로 한 스토리텔링 마스터 플랜,1,0,1,0,0,0,1
학술지,1,0,1,0,0,0,1
한애라,1,0,0,1,0,0,1
한성인문학,0,1,0,0,1,0,1
출판잡지 연구,0,1,0,0,1,0,1
Sotsiologicheskie Issledovaniya,0,1,0,0,1,0,1
인천교육대학교 논문집,1,0,1,0,0,0,1
계간 시작,0,1,0,0,1,0,1
外大語文論集,1,0,1,0,0,0,1
湖南文化硏究,1,0,1,0,0,0,1
엄태웅,1,0,0,1,0,0,1
중국어교육과 연구,1,0,0,1,0,0,1
질적탐구,0,1,0,0,0,1,1
ドルメン,1,0,1,0,0,0,1
Inter-Asia Cultural Studies,0,1,0,0,1,0,1
The Transaction of the Asiatic Society of Japan,1,0,1,0,0,0,1
Profession,0,1,0,0,1,0,1
美學,1,0,1,0,0,0,1
대학과 선교,0,1,0,0,0,1,1
보건과 사회과학,0,1,0,0,1,0,1
Korean Chinese Literature Study,1,0,1,0,0,0,1
한국심리학회지 인지 및 생물,1,0,1,0,0,0,1
退溪學,1,0,1,0,0,0,1
Sociology of Race and Ethnicity,0,1,0,0,1,0,1
문예,0,1,0,0,1,0,1
Cahiers de l’AIEF,0,1,0,0,1,0,1
キネマ,0,1,0,0,1,0,1
김대용,1,0,0,1,0,0,1
영화,0,1,0,0,1,0,1
전남사학,0,1,0,0,1,0,1
안병학,0,1,0,0,0,1,1
美學藝術學硏究,0,1,0,0,1,0,1
延邊大學學報,0,1,0,0,1,0,1
国語と国文學,0,1,0,0,1,0,1
녹색평론,0,1,0,0,1,0,1
상허학회,0,1,0,0,1,0,1
국문학과 문화,1,0,1,0,0,0,1
광업조선,1,0,1,0,0,0,1
Korean J Obes,1,0,1,0,0,0,1
홍익어문,1,0,1,0,0,0,1
국방정책연구,0,1,0,0,1,0,1
최아라,1,0,0,1,0,0,1
한성사학,1,0,1,0,0,0,1
寶雞文理學院學報,1,0,1,0,0,0,1
동암어문학,0,1,0,0,1,0,1
전북사회학,1,0,1,0,0,0,1
영어권문화연구,1,0,1,0,0,0,1
Asian Studies,1,0,1,0,0,0,1
정재찬,1,0,0,1,0,0,1
Asian Survey,0,1,0,0,1,0,1
오현아,1,0,0,1,0,0,1
韓國文化硏究院論叢,1,0,1,0,0,0,1
민족과 문화,1,0,1,0,0,0,1
송현정,1,0,0,1,0,0,1
초등영어교육,1,0,1,0,0,0,1
한국종교사연구,1,0,1,0,0,0,1
The Indian Journal of Statistics,0,1,0,0,1,0,1
인문논집,1,0,1,0,0,0,1
이순묵,0,1,0,0,0,1,1
Journal of Applied Econometrics,0,1,0,0,1,0,1
今天,1,0,1,0,0,0,1
소설문학,0,1,0,0,1,0,1
성나경,1,0,0,1,0,0,1
/ 근대서지,1,0,1,0,0,0,1
Psycholigial Review,1,0,1,0,0,0,1
西南大學學報,1,0,1,0,0,0,1
文学と環境,0,1,0,0,1,0,1
교육철학연구,1,0,0,1,0,0,1
김양숙,0,1,0,0,0,1,1
사회과학연구(Journal of Social Sciences),0,1,0,0,0,1,1
日本歴史,0,1,0,0,1,0,1
이성우,1,0,0,1,0,0,1
두류국어교육,1,0,1,0,0,0,1
신경림 문학의 세계,1,0,1,0,0,0,1
동악어문론집,0,1,0,0,1,0,1
한국기독교역사연구소소식,1,0,1,0,0,0,1
硏究論集,1,0,1,0,0,0,1
이유경,1,0,0,1,0,0,1
도협 월보,0,1,0,0,1,0,1
Gifted Child Quarterly,1,0,1,0,0,0,1
人文,0,1,0,0,1,0,1
기호학연구,1,0,1,0,0,0,1
禪學(선학),1,0,0,1,0,0,1
인격교육연구,1,0,1,0,0,0,1
The French Review,0,1,0,0,1,0,1
國語敎育學硏究,1,0,1,0,0,0,1
서설비,1,0,0,1,0,0,1
정신문화 연구,0,1,0,0,1,0,1
강효경,1,0,0,1,0,0,1
Language and Linguistics Compass,1,0,1,0,0,0,1
강지웅,0,1,0,0,0,1,1
Hanminjok Emunhak,1,0,1,0,0,0,1
한국토양비료학회지,0,1,0,0,1,0,1
International Journal of Media and Cultural Politics,0,1,0,0,1,0,1
