source,target,weight,direction
國語學,어문연구(語文硏究),181,in(타저널→어문연구)
어문론집,어문연구(語文硏究),79,in(타저널→어문연구)
국어국문학,어문연구(語文硏究),70,in(타저널→어문연구)
한국어학,어문연구(語文硏究),65,in(타저널→어문연구)
한국어 의미학,어문연구(語文硏究),65,in(타저널→어문연구)
한말연구,어문연구(語文硏究),64,in(타저널→어문연구)
국어사연구,어문연구(語文硏究),56,in(타저널→어문연구)
국문학연구,어문연구(語文硏究),51,in(타저널→어문연구)
어문학,어문연구(語文硏究),47,in(타저널→어문연구)
국제어문,어문연구(語文硏究),46,in(타저널→어문연구)
한국시가연구,어문연구(語文硏究),42,in(타저널→어문연구)
韓國古典硏究,어문연구(語文硏究),42,in(타저널→어문연구)
우리말글,어문연구(語文硏究),41,in(타저널→어문연구)
한글,어문연구(語文硏究),41,in(타저널→어문연구)
한국언어문학,어문연구(語文硏究),40,in(타저널→어문연구)
형태론,어문연구(語文硏究),40,in(타저널→어문연구)
문화와융합,어문연구(語文硏究),40,in(타저널→어문연구)
반교어문연구,어문연구(語文硏究),39,in(타저널→어문연구)
한국현대문학연구,어문연구(語文硏究),38,in(타저널→어문연구)
언어학,어문연구(語文硏究),38,in(타저널→어문연구)
고소설연구,어문연구(語文硏究),38,in(타저널→어문연구)
우리문학연구,어문연구(語文硏究),35,in(타저널→어문연구)
언어와 정보 사회,어문연구(語文硏究),35,in(타저널→어문연구)
한국학연구,어문연구(語文硏究),34,in(타저널→어문연구)
방언학,어문연구(語文硏究),33,in(타저널→어문연구)
학습자중심교과교육연구,어문연구(語文硏究),31,in(타저널→어문연구)
한민족어문학(구 영남어문학),어문연구(語文硏究),31,in(타저널→어문연구)
우리어문연구,어문연구(語文硏究),31,in(타저널→어문연구)
어문연구,어문연구(語文硏究),30,in(타저널→어문연구)
국어교육연구,어문연구(語文硏究),30,in(타저널→어문연구)
구결연구,어문연구(語文硏究),28,in(타저널→어문연구)
한중인문학연구,어문연구(語文硏究),27,in(타저널→어문연구)
언어사실과 관점,어문연구(語文硏究),27,in(타저널→어문연구)
한국문학이론과 비평,어문연구(語文硏究),27,in(타저널→어문연구)
한국어교육,어문연구(語文硏究),27,in(타저널→어문연구)
영주어문,어문연구(語文硏究),27,in(타저널→어문연구)
새국어교육,어문연구(語文硏究),26,in(타저널→어문연구)
우리말연구,어문연구(語文硏究),26,in(타저널→어문연구)
한국시학연구,어문연구(語文硏究),26,in(타저널→어문연구)
리터러시 연구,어문연구(語文硏究),25,in(타저널→어문연구)
국어문학,어문연구(語文硏究),24,in(타저널→어문연구)
문법 교육,어문연구(語文硏究),24,in(타저널→어문연구)
이중언어학,어문연구(語文硏究),24,in(타저널→어문연구)
동악어문학,어문연구(語文硏究),23,in(타저널→어문연구)
현대문학의 연구,어문연구(語文硏究),23,in(타저널→어문연구)
배달말,어문연구(語文硏究),22,in(타저널→어문연구)
인문과학연구,어문연구(語文硏究),22,in(타저널→어문연구)
민족문학사연구,어문연구(語文硏究),22,in(타저널→어문연구)
춘원연구학보,어문연구(語文硏究),22,in(타저널→어문연구)
한민족문화연구,어문연구(語文硏究),22,in(타저널→어문연구)
동양고전연구,어문연구(語文硏究),22,in(타저널→어문연구)
비평문학,어문연구(語文硏究),21,in(타저널→어문연구)
고전문학연구,어문연구(語文硏究),21,in(타저널→어문연구)
어문론총,어문연구(語文硏究),21,in(타저널→어문연구)
구보학보,어문연구(語文硏究),21,in(타저널→어문연구)
현대소설연구,어문연구(語文硏究),20,in(타저널→어문연구)
동남어문논집,어문연구(語文硏究),20,in(타저널→어문연구)
외국어로서의 한국어교육,어문연구(語文硏究),20,in(타저널→어문연구)
인문사회 21,어문연구(語文硏究),20,in(타저널→어문연구)
고전과 해석,어문연구(語文硏究),19,in(타저널→어문연구)
민족문화연구,어문연구(語文硏究),19,in(타저널→어문연구)
인문논총,어문연구(語文硏究),19,in(타저널→어문연구)
Journal of korean Culture,어문연구(語文硏究),19,in(타저널→어문연구)
현대문학이론연구,어문연구(語文硏究),19,in(타저널→어문연구)
국어교육학연구,어문연구(語文硏究),19,in(타저널→어문연구)
교양교육연구,어문연구(語文硏究),19,in(타저널→어문연구)
한국학논집,어문연구(語文硏究),18,in(타저널→어문연구)
한국한문학연구,어문연구(語文硏究),18,in(타저널→어문연구)
문학치료연구,어문연구(語文硏究),18,in(타저널→어문연구)
한국고전여성문학연구,어문연구(語文硏究),18,in(타저널→어문연구)
인문학연구,어문연구(語文硏究),18,in(타저널→어문연구)
한국문예비평연구,어문연구(語文硏究),17,in(타저널→어문연구)
언어와 문화,어문연구(語文硏究),17,in(타저널→어문연구)
열상고전연구,어문연구(語文硏究),17,in(타저널→어문연구)
한국민족문화,어문연구(語文硏究),16,in(타저널→어문연구)
청람어문교육,어문연구(語文硏究),15,in(타저널→어문연구)
문학교육학,어문연구(語文硏究),15,in(타저널→어문연구)
漢字漢文敎育,어문연구(語文硏究),15,in(타저널→어문연구)
상허학보,어문연구(語文硏究),15,in(타저널→어문연구)
한국어문교육,어문연구(語文硏究),15,in(타저널→어문연구)
온지논총,어문연구(語文硏究),15,in(타저널→어문연구)
한국문화,어문연구(語文硏究),15,in(타저널→어문연구)
한국근대문학연구,어문연구(語文硏究),14,in(타저널→어문연구)
藏書閣,어문연구(語文硏究),14,in(타저널→어문연구)
동아시아고대학,어문연구(語文硏究),14,in(타저널→어문연구)
한국문학논총,어문연구(語文硏究),14,in(타저널→어문연구)
여성문학연구,어문연구(語文硏究),14,in(타저널→어문연구)
동방한문학,어문연구(語文硏究),14,in(타저널→어문연구)
한국사전학,어문연구(語文硏究),14,in(타저널→어문연구)
지명학,어문연구(語文硏究),14,in(타저널→어문연구)
한국언어문화학,어문연구(語文硏究),14,in(타저널→어문연구)
서강인문논총,어문연구(語文硏究),13,in(타저널→어문연구)
이화어문논집,어문연구(語文硏究),13,in(타저널→어문연구)
언어,어문연구(語文硏究),13,in(타저널→어문연구)
고전문학과 교육,어문연구(語文硏究),13,in(타저널→어문연구)
생성문법연구,어문연구(語文硏究),13,in(타저널→어문연구)
언어학 연구,어문연구(語文硏究),13,in(타저널→어문연구)
한국시가문화연구,어문연구(語文硏究),13,in(타저널→어문연구)
한문학논집(漢文學論集),어문연구(語文硏究),13,in(타저널→어문연구)
대동문화연구,어문연구(語文硏究),13,in(타저널→어문연구)
대동한문학(大東漢文學),어문연구(語文硏究),13,in(타저널→어문연구)
화법연구,어문연구(語文硏究),13,in(타저널→어문연구)
서지학연구,어문연구(語文硏究),12,in(타저널→어문연구)
열린정신 인문학 연구,어문연구(語文硏究),12,in(타저널→어문연구)
비교문화연구,어문연구(語文硏究),12,in(타저널→어문연구)
한국언어문화,어문연구(語文硏究),12,in(타저널→어문연구)
국어교육,어문연구(語文硏究),12,in(타저널→어문연구)
담화와 인지,어문연구(語文硏究),12,in(타저널→어문연구)
한국문학과 예술,어문연구(語文硏究),11,in(타저널→어문연구)
겨레어문학,어문연구(語文硏究),11,in(타저널→어문연구)
한국학,어문연구(語文硏究),11,in(타저널→어문연구)
비교한국학 Comparative Korean Studies,어문연구(語文硏究),11,in(타저널→어문연구)
대중서사연구,어문연구(語文硏究),11,in(타저널→어문연구)
중국언어연구,어문연구(語文硏究),10,in(타저널→어문연구)
판소리연구,어문연구(語文硏究),10,in(타저널→어문연구)
동양한문학연구,어문연구(語文硏究),10,in(타저널→어문연구)
어문논집,어문연구(語文硏究),10,in(타저널→어문연구)
한국극예술연구,어문연구(語文硏究),10,in(타저널→어문연구)
코기토,어문연구(語文硏究),10,in(타저널→어문연구)
언어과학연구,어문연구(語文硏究),10,in(타저널→어문연구)
김양진,어문연구(語文硏究),10,in(타저널→어문연구)
漢文古典硏究,어문연구(語文硏究),9,in(타저널→어문연구)
돈암어문학,어문연구(語文硏究),9,in(타저널→어문연구)
진단학보,어문연구(語文硏究),9,in(타저널→어문연구)
현대문법연구,어문연구(語文硏究),9,in(타저널→어문연구)
한어문교육,어문연구(語文硏究),9,in(타저널→어문연구)
인문연구,어문연구(語文硏究),9,in(타저널→어문연구)
교양학 연구,어문연구(語文硏究),9,in(타저널→어문연구)
구비문학연구,어문연구(語文硏究),8,in(타저널→어문연구)
용봉인문논총,어문연구(語文硏究),8,in(타저널→어문연구)
인문사회과학연구,어문연구(語文硏究),8,in(타저널→어문연구)
사회언어학,어문연구(語文硏究),8,in(타저널→어문연구)
이선웅,어문연구(語文硏究),8,in(타저널→어문연구)
언어와언어학,어문연구(語文硏究),8,in(타저널→어문연구)
정선희,어문연구(語文硏究),8,in(타저널→어문연구)
日本語敎育,어문연구(語文硏究),8,in(타저널→어문연구)
텍스트언어학,어문연구(語文硏究),8,in(타저널→어문연구)
한성어문학,어문연구(語文硏究),7,in(타저널→어문연구)
동아시아문화연구,어문연구(語文硏究),7,in(타저널→어문연구)
아동청소년문학연구,어문연구(語文硏究),7,in(타저널→어문연구)
작문연구,어문연구(語文硏究),7,in(타저널→어문연구)
김용현,어문연구(語文硏究),7,in(타저널→어문연구)
영남학,어문연구(語文硏究),7,in(타저널→어문연구)
여봉수,어문연구(語文硏究),7,in(타저널→어문연구)
한국문학연구,어문연구(語文硏究),6,in(타저널→어문연구)
개념과 소통,어문연구(語文硏究),6,in(타저널→어문연구)
독서연구,어문연구(語文硏究),6,in(타저널→어문연구)
글로컬 어문학 문화 연구,어문연구(語文硏究),6,in(타저널→어문연구)
漢文敎育論集,어문연구(語文硏究),6,in(타저널→어문연구)
漢文學報,어문연구(語文硏究),6,in(타저널→어문연구)
동아인문학,어문연구(語文硏究),6,in(타저널→어문연구)
김정남,어문연구(語文硏究),6,in(타저널→어문연구)
사이間SAI,어문연구(語文硏究),6,in(타저널→어문연구)
주세형,어문연구(語文硏究),6,in(타저널→어문연구)
동방학,어문연구(語文硏究),6,in(타저널→어문연구)
어학연구,어문연구(語文硏究),6,in(타저널→어문연구)
일본연구,어문연구(語文硏究),6,in(타저널→어문연구)
국학연구,어문연구(語文硏究),6,in(타저널→어문연구)
중국어문학논집,어문연구(語文硏究),6,in(타저널→어문연구)
한국한시연구,어문연구(語文硏究),6,in(타저널→어문연구)
독도연구,어문연구(語文硏究),6,in(타저널→어문연구)
국제한인문학연구,어문연구(語文硏究),6,in(타저널→어문연구)
기호학 연구,어문연구(語文硏究),5,in(타저널→어문연구)
동방학지,어문연구(語文硏究),5,in(타저널→어문연구)
문학과환경,어문연구(語文硏究),5,in(타저널→어문연구)
이상리뷰,어문연구(語文硏究),5,in(타저널→어문연구)
한국문예창작,어문연구(語文硏究),5,in(타저널→어문연구)
南冥學硏究,어문연구(語文硏究),5,in(타저널→어문연구)
언어연구,어문연구(語文硏究),5,in(타저널→어문연구)
중국어문논총,어문연구(語文硏究),5,in(타저널→어문연구)
한국문화연구,어문연구(語文硏究),5,in(타저널→어문연구)
사고와표현,어문연구(語文硏究),5,in(타저널→어문연구)
한중언어문화연구,어문연구(語文硏究),5,in(타저널→어문연구)
이은경,어문연구(語文硏究),5,in(타저널→어문연구)
이주영,어문연구(語文硏究),5,in(타저널→어문연구)
전남대 어문논총,어문연구(語文硏究),4,in(타저널→어문연구)
사림,어문연구(語文硏究),4,in(타저널→어문연구)
석당논총,어문연구(語文硏究),4,in(타저널→어문연구)
김정은,어문연구(語文硏究),4,in(타저널→어문연구)
구민지,어문연구(語文硏究),4,in(타저널→어문연구)
동서인문학,어문연구(語文硏究),4,in(타저널→어문연구)
목정수,어문연구(語文硏究),4,in(타저널→어문연구)
문학과 영상,어문연구(語文硏究),4,in(타저널→어문연구)
동북아 문화연구,어문연구(語文硏究),4,in(타저널→어문연구)
시조학논총,어문연구(語文硏究),4,in(타저널→어문연구)
언어과학,어문연구(語文硏究),4,in(타저널→어문연구)
교회사연구,어문연구(語文硏究),4,in(타저널→어문연구)
아시아문화연구,어문연구(語文硏究),4,in(타저널→어문연구)
백정옥,어문연구(語文硏究),4,in(타저널→어문연구)
규장각,어문연구(語文硏究),4,in(타저널→어문연구)
인문언어,어문연구(語文硏究),4,in(타저널→어문연구)
한국문화기술,어문연구(語文硏究),4,in(타저널→어문연구)
인문과학,어문연구(語文硏究),4,in(타저널→어문연구)
문학과 종교,어문연구(語文硏究),4,in(타저널→어문연구)
국제언어문학,어문연구(語文硏究),4,in(타저널→어문연구)
시학과 언어학,어문연구(語文硏究),4,in(타저널→어문연구)
일본언어문화,어문연구(語文硏究),4,in(타저널→어문연구)
조재형,어문연구(語文硏究),4,in(타저널→어문연구)
중어중문학,어문연구(語文硏究),4,in(타저널→어문연구)
포은학연구,어문연구(語文硏究),4,in(타저널→어문연구)
하윤섭,어문연구(語文硏究),4,in(타저널→어문연구)
박동호,어문연구(語文硏究),4,in(타저널→어문연구)
유학연구,어문연구(語文硏究),4,in(타저널→어문연구)
한국사상과 문화,어문연구(語文硏究),4,in(타저널→어문연구)
퇴계학논총,어문연구(語文硏究),4,in(타저널→어문연구)
정하정,어문연구(語文硏究),4,in(타저널→어문연구)
통번역교육연구,어문연구(語文硏究),4,in(타저널→어문연구)
이정희,어문연구(語文硏究),3,in(타저널→어문연구)
신성환,어문연구(語文硏究),3,in(타저널→어문연구)
조선시대사학보,어문연구(語文硏究),3,in(타저널→어문연구)
중국학논총,어문연구(語文硏究),3,in(타저널→어문연구)
연민학지,어문연구(語文硏究),3,in(타저널→어문연구)
지식과 교양,어문연구(語文硏究),3,in(타저널→어문연구)
철학∙사상∙문화,어문연구(語文硏究),3,in(타저널→어문연구)
박주연,어문연구(語文硏究),3,in(타저널→어문연구)
교육문화연구,어문연구(語文硏究),3,in(타저널→어문연구)
중국소설논총,어문연구(語文硏究),3,in(타저널→어문연구)
우리말교육현장연구,어문연구(語文硏究),3,in(타저널→어문연구)
공연문화연구,어문연구(語文硏究),3,in(타저널→어문연구)
김인균,어문연구(語文硏究),3,in(타저널→어문연구)
아시아여성연구,어문연구(語文硏究),3,in(타저널→어문연구)
중국학,어문연구(語文硏究),3,in(타저널→어문연구)
배영환,어문연구(語文硏究),3,in(타저널→어문연구)
건지인문학,어문연구(語文硏究),3,in(타저널→어문연구)
숭실사학,어문연구(語文硏究),3,in(타저널→어문연구)
역사문화연구,어문연구(語文硏究),3,in(타저널→어문연구)
윤나영,어문연구(語文硏究),3,in(타저널→어문연구)
이상희,어문연구(語文硏究),3,in(타저널→어문연구)
한국초등국어교육,어문연구(語文硏究),3,in(타저널→어문연구)
한국아동문학연구,어문연구(語文硏究),3,in(타저널→어문연구)
드라마연구,어문연구(語文硏究),3,in(타저널→어문연구)
허인영,어문연구(語文硏究),3,in(타저널→어문연구)
비교일본학,어문연구(語文硏究),3,in(타저널→어문연구)
하성운,어문연구(語文硏究),3,in(타저널→어문연구)
강남욱,어문연구(語文硏究),3,in(타저널→어문연구)
허방신,어문연구(語文硏究),3,in(타저널→어문연구)
일본어문학,어문연구(語文硏究),3,in(타저널→어문연구)
일본어학연구,어문연구(語文硏究),3,in(타저널→어문연구)
동양음악(구 민족음악학),어문연구(語文硏究),3,in(타저널→어문연구)
중국학연구,어문연구(語文硏究),3,in(타저널→어문연구)
이명현,어문연구(語文硏究),3,in(타저널→어문연구)
시민인문학,어문연구(語文硏究),3,in(타저널→어문연구)
중국연구,어문연구(語文硏究),3,in(타저널→어문연구)
한국초등교육,어문연구(語文硏究),3,in(타저널→어문연구)
동양학,어문연구(語文硏究),3,in(타저널→어문연구)
김은성,어문연구(語文硏究),3,in(타저널→어문연구)
엄홍준,어문연구(語文硏究),3,in(타저널→어문연구)
외국어교육연구,어문연구(語文硏究),3,in(타저널→어문연구)
민족문화논총,어문연구(語文硏究),3,in(타저널→어문연구)
비교문학,어문연구(語文硏究),3,in(타저널→어문연구)
김진해,어문연구(語文硏究),3,in(타저널→어문연구)
이민우,어문연구(語文硏究),3,in(타저널→어문연구)
인문과학연구논총,어문연구(語文硏究),3,in(타저널→어문연구)
윤여탁,어문연구(語文硏究),3,in(타저널→어문연구)
역사학보,어문연구(語文硏究),3,in(타저널→어문연구)
통일인문학,어문연구(語文硏究),3,in(타저널→어문연구)
공존의 인간학,어문연구(語文硏究),3,in(타저널→어문연구)
전영근,어문연구(語文硏究),3,in(타저널→어문연구)
조현용,어문연구(語文硏究),3,in(타저널→어문연구)
오규환,어문연구(語文硏究),3,in(타저널→어문연구)
김만태,어문연구(語文硏究),3,in(타저널→어문연구)
일본학보,어문연구(語文硏究),3,in(타저널→어문연구)
탈경계인문학Trans-Humanities,어문연구(語文硏究),2,in(타저널→어문연구)
이승은,어문연구(語文硏究),2,in(타저널→어문연구)
김종희,어문연구(語文硏究),2,in(타저널→어문연구)
TRAN THI BICH PHUONG,어문연구(語文硏究),2,in(타저널→어문연구)
정유남,어문연구(語文硏究),2,in(타저널→어문연구)
이경수,어문연구(語文硏究),2,in(타저널→어문연구)
명정희,어문연구(語文硏究),2,in(타저널→어문연구)
박형진,어문연구(語文硏究),2,in(타저널→어문연구)
강한,어문연구(語文硏究),2,in(타저널→어문연구)
최수연,어문연구(語文硏究),2,in(타저널→어문연구)
조윤경,어문연구(語文硏究),2,in(타저널→어문연구)
씨네포럼,어문연구(語文硏究),2,in(타저널→어문연구)
박명진,어문연구(語文硏究),2,in(타저널→어문연구)
강현화,어문연구(語文硏究),2,in(타저널→어문연구)
문한별,어문연구(語文硏究),2,in(타저널→어문연구)
구영산,어문연구(語文硏究),2,in(타저널→어문연구)
동양문화연구,어문연구(語文硏究),2,in(타저널→어문연구)
최연화,어문연구(語文硏究),2,in(타저널→어문연구)
이선영,어문연구(語文硏究),2,in(타저널→어문연구)
이수진,어문연구(語文硏究),2,in(타저널→어문연구)
오승영,어문연구(語文硏究),2,in(타저널→어문연구)
김규훈,어문연구(語文硏究),2,in(타저널→어문연구)
최연식,어문연구(語文硏究),2,in(타저널→어문연구)
전한성,어문연구(語文硏究),2,in(타저널→어문연구)
노어노문학,어문연구(語文硏究),2,in(타저널→어문연구)
정진강,어문연구(語文硏究),2,in(타저널→어문연구)
김건영,어문연구(語文硏究),2,in(타저널→어문연구)
노명희,어문연구(語文硏究),2,in(타저널→어문연구)
번역학연구,어문연구(語文硏究),2,in(타저널→어문연구)
人文學硏究,어문연구(語文硏究),2,in(타저널→어문연구)
슬라브硏究,어문연구(語文硏究),2,in(타저널→어문연구)
현대영화연구,어문연구(語文硏究),2,in(타저널→어문연구)
김호정,어문연구(語文硏究),2,in(타저널→어문연구)
홍종선,어문연구(語文硏究),2,in(타저널→어문연구)
역사와경계,어문연구(語文硏究),2,in(타저널→어문연구)
『도서문화』,어문연구(語文硏究),2,in(타저널→어문연구)
다산학,어문연구(語文硏究),2,in(타저널→어문연구)
다문화콘텐츠연구,어문연구(語文硏究),2,in(타저널→어문연구)
史叢(사총),어문연구(語文硏究),2,in(타저널→어문연구)
김바로,어문연구(語文硏究),2,in(타저널→어문연구)
남신혜,어문연구(語文硏究),2,in(타저널→어문연구)
신우봉,어문연구(語文硏究),2,in(타저널→어문연구)
고고학,어문연구(語文硏究),2,in(타저널→어문연구)
음악과 현실,어문연구(語文硏究),2,in(타저널→어문연구)
음악논단,어문연구(語文硏究),2,in(타저널→어문연구)
박재연,어문연구(語文硏究),2,in(타저널→어문연구)
이민아,어문연구(語文硏究),2,in(타저널→어문연구)
한국학논총,어문연구(語文硏究),2,in(타저널→어문연구)
최은지,어문연구(語文硏究),2,in(타저널→어문연구)
김지현,어문연구(語文硏究),2,in(타저널→어문연구)
안태형,어문연구(語文硏究),2,in(타저널→어문연구)
순천향 인문과학논총,어문연구(語文硏究),2,in(타저널→어문연구)
동서인문,어문연구(語文硏究),2,in(타저널→어문연구)
아세아연구,어문연구(語文硏究),2,in(타저널→어문연구)
사회와역사(구 한국사회사학회논문집),어문연구(語文硏究),2,in(타저널→어문연구)
역사연구,어문연구(語文硏究),2,in(타저널→어문연구)
통역과 번역,어문연구(語文硏究),2,in(타저널→어문연구)
국제문화연구,어문연구(語文硏究),2,in(타저널→어문연구)
한국출판학연구,어문연구(語文硏究),2,in(타저널→어문연구)
호남학,어문연구(語文硏究),2,in(타저널→어문연구)
서예학연구,어문연구(語文硏究),2,in(타저널→어문연구)
소현수,어문연구(語文硏究),2,in(타저널→어문연구)
한국고지도연구,어문연구(語文硏究),2,in(타저널→어문연구)
문화역사지리,어문연구(語文硏究),2,in(타저널→어문연구)
여성과 역사,어문연구(語文硏究),2,in(타저널→어문연구)
동양예술,어문연구(語文硏究),2,in(타저널→어문연구)
일어일문학연구,어문연구(語文硏究),2,in(타저널→어문연구)
다문화사회연구,어문연구(語文硏究),2,in(타저널→어문연구)
글로벌문화콘텐츠,어문연구(語文硏究),2,in(타저널→어문연구)
이준규,어문연구(語文硏究),2,in(타저널→어문연구)
남경완,어문연구(語文硏究),2,in(타저널→어문연구)
인문콘텐츠,어문연구(語文硏究),2,in(타저널→어문연구)
음악과 문화,어문연구(語文硏究),2,in(타저널→어문연구)
한영균,어문연구(語文硏究),2,in(타저널→어문연구)
김재호,어문연구(語文硏究),2,in(타저널→어문연구)
한국정치외교사논총,어문연구(語文硏究),2,in(타저널→어문연구)
만주연구,어문연구(語文硏究),2,in(타저널→어문연구)
외국문학연구,어문연구(語文硏究),2,in(타저널→어문연구)
채영희,어문연구(語文硏究),2,in(타저널→어문연구)
신희성,어문연구(語文硏究),2,in(타저널→어문연구)
조진수,어문연구(語文硏究),2,in(타저널→어문연구)
한국민요학,어문연구(語文硏究),2,in(타저널→어문연구)
이해영,어문연구(語文硏究),2,in(타저널→어문연구)
역사와 현실,어문연구(語文硏究),2,in(타저널→어문연구)
日本文化學報,어문연구(語文硏究),2,in(타저널→어문연구)
이화사학연구,어문연구(語文硏究),2,in(타저널→어문연구)
日本思想,어문연구(語文硏究),2,in(타저널→어문연구)
한국연극학,어문연구(語文硏究),2,in(타저널→어문연구)
중국문학연구,어문연구(語文硏究),2,in(타저널→어문연구)
세계문학비교연구,어문연구(語文硏究),2,in(타저널→어문연구)
한국도서관·정보학회지,어문연구(語文硏究),2,in(타저널→어문연구)
Korean Journal of Health Promotion,어문연구(語文硏究),2,in(타저널→어문연구)
김재욱,어문연구(語文硏究),2,in(타저널→어문연구)
한국교육사학,어문연구(語文硏究),2,in(타저널→어문연구)
한국어문화교육,어문연구(語文硏究),2,in(타저널→어문연구)
최은경,어문연구(語文硏究),2,in(타저널→어문연구)
송향근,어문연구(語文硏究),2,in(타저널→어문연구)
이숙진,어문연구(語文硏究),2,in(타저널→어문연구)
김유미,어문연구(語文硏究),2,in(타저널→어문연구)
노진아,어문연구(語文硏究),2,in(타저널→어문연구)
행동분석ㆍ지원연구,어문연구(語文硏究),2,in(타저널→어문연구)
백은희,어문연구(語文硏究),2,in(타저널→어문연구)
유아특수교육연구,어문연구(語文硏究),2,in(타저널→어문연구)
한국실학연구,어문연구(語文硏究),2,in(타저널→어문연구)
김낭예,어문연구(語文硏究),2,in(타저널→어문연구)
Acta Koreana,어문연구(語文硏究),2,in(타저널→어문연구)
철학논총,어문연구(語文硏究),2,in(타저널→어문연구)
전북사학,어문연구(語文硏究),2,in(타저널→어문연구)
서혁,어문연구(語文硏究),2,in(타저널→어문연구)
어린이문학교육연구,어문연구(語文硏究),2,in(타저널→어문연구)
김현주,어문연구(語文硏究),2,in(타저널→어문연구)
특수교육재활과학연구,어문연구(語文硏究),2,in(타저널→어문연구)
마효림,어문연구(語文硏究),2,in(타저널→어문연구)
김문기,어문연구(語文硏究),2,in(타저널→어문연구)
최규발,어문연구(語文硏究),2,in(타저널→어문연구)
민족문화,어문연구(語文硏究),2,in(타저널→어문연구)
박종희,어문연구(語文硏究),2,in(타저널→어문연구)
중국문학,어문연구(語文硏究),2,in(타저널→어문연구)
일어일문학,어문연구(語文硏究),2,in(타저널→어문연구)
황화상,어문연구(語文硏究),2,in(타저널→어문연구)
가족과 커뮤니티,어문연구(語文硏究),2,in(타저널→어문연구)
문동규,어문연구(語文硏究),2,in(타저널→어문연구)
日本語文學,어문연구(語文硏究),2,in(타저널→어문연구)
국학연구론총,어문연구(語文硏究),2,in(타저널→어문연구)
日本學(일본학),어문연구(語文硏究),2,in(타저널→어문연구)
중국인문과학,어문연구(語文硏究),2,in(타저널→어문연구)
법학연구,어문연구(語文硏究),2,in(타저널→어문연구)
이지양,어문연구(語文硏究),2,in(타저널→어문연구)
개신어문연구,어문연구(語文硏究),2,in(타저널→어문연구)
이은선,어문연구(語文硏究),1,in(타저널→어문연구)
헤리티지:역사와 과학,어문연구(語文硏究),1,in(타저널→어문연구)
독어독문학,어문연구(語文硏究),1,in(타저널→어문연구)
이금희,어문연구(語文硏究),1,in(타저널→어문연구)
방정환연구,어문연구(語文硏究),1,in(타저널→어문연구)
최인자,어문연구(語文硏究),1,in(타저널→어문연구)
신인수,어문연구(語文硏究),1,in(타저널→어문연구)
진영학,어문연구(語文硏究),1,in(타저널→어문연구)
권도형,어문연구(語文硏究),1,in(타저널→어문연구)
예술교육연구,어문연구(語文硏究),1,in(타저널→어문연구)
윤리교육연구,어문연구(語文硏究),1,in(타저널→어문연구)
문순희,어문연구(語文硏究),1,in(타저널→어문연구)
함태영,어문연구(語文硏究),1,in(타저널→어문연구)
김소영,어문연구(語文硏究),1,in(타저널→어문연구)
노지윤,어문연구(語文硏究),1,in(타저널→어문연구)
진무위,어문연구(語文硏究),1,in(타저널→어문연구)
기독교와 문화,어문연구(語文硏究),1,in(타저널→어문연구)
황은하,어문연구(語文硏究),1,in(타저널→어문연구)
Eun-Yeong Shin,어문연구(語文硏究),1,in(타저널→어문연구)
수시아,어문연구(語文硏究),1,in(타저널→어문연구)
김지원,어문연구(語文硏究),1,in(타저널→어문연구)
임현열,어문연구(語文硏究),1,in(타저널→어문연구)
라인정,어문연구(語文硏究),1,in(타저널→어문연구)
이유경,어문연구(語文硏究),1,in(타저널→어문연구)
유우식,어문연구(語文硏究),1,in(타저널→어문연구)
엄태웅,어문연구(語文硏究),1,in(타저널→어문연구)
장정룡,어문연구(語文硏究),1,in(타저널→어문연구)
장가혜,어문연구(語文硏究),1,in(타저널→어문연구)
시오야 모에,어문연구(語文硏究),1,in(타저널→어문연구)
김용진,어문연구(語文硏究),1,in(타저널→어문연구)
데위 실비아 리아디나,어문연구(語文硏究),1,in(타저널→어문연구)
신지영,어문연구(語文硏究),1,in(타저널→어문연구)
이재규,어문연구(語文硏究),1,in(타저널→어문연구)
청계사학,어문연구(語文硏究),1,in(타저널→어문연구)
Korea Journal,어문연구(語文硏究),1,in(타저널→어문연구)
유동환,어문연구(語文硏究),1,in(타저널→어문연구)
양혜정,어문연구(語文硏究),1,in(타저널→어문연구)
QUAN WENHUA,어문연구(語文硏究),1,in(타저널→어문연구)
이석재,어문연구(語文硏究),1,in(타저널→어문연구)
이찬규,어문연구(語文硏究),1,in(타저널→어문연구)
이종혁,어문연구(語文硏究),1,in(타저널→어문연구)
황영미,어문연구(語文硏究),1,in(타저널→어문연구)
영화연구,어문연구(語文硏究),1,in(타저널→어문연구)
만화애니메이션연구,어문연구(語文硏究),1,in(타저널→어문연구)
횡단인문학,어문연구(語文硏究),1,in(타저널→어문연구)
유석,어문연구(語文硏究),1,in(타저널→어문연구)
권경근,어문연구(語文硏究),1,in(타저널→어문연구)
소인호,어문연구(語文硏究),1,in(타저널→어문연구)
한국컴퓨터정보학회논문지,어문연구(語文硏究),1,in(타저널→어문연구)
김윤희,어문연구(語文硏究),1,in(타저널→어문연구)
JIN XUEYAN,어문연구(語文硏究),1,in(타저널→어문연구)
김중수,어문연구(語文硏究),1,in(타저널→어문연구)
중국어문학지,어문연구(語文硏究),1,in(타저널→어문연구)
오영식,어문연구(語文硏究),1,in(타저널→어문연구)
강승혜,어문연구(語文硏究),1,in(타저널→어문연구)
이주미,어문연구(語文硏究),1,in(타저널→어문연구)
왕영,어문연구(語文硏究),1,in(타저널→어문연구)
심지수,어문연구(語文硏究),1,in(타저널→어문연구)
김홍균,어문연구(語文硏究),1,in(타저널→어문연구)
한국사상사학,어문연구(語文硏究),1,in(타저널→어문연구)
조윤정,어문연구(語文硏究),1,in(타저널→어문연구)
이성우,어문연구(語文硏究),1,in(타저널→어문연구)
장충덕,어문연구(語文硏究),1,in(타저널→어문연구)
김혜지,어문연구(語文硏究),1,in(타저널→어문연구)
오민석,어문연구(語文硏究),1,in(타저널→어문연구)
임다영,어문연구(語文硏究),1,in(타저널→어문연구)
러시아학,어문연구(語文硏究),1,in(타저널→어문연구)
한국 예이츠 저널,어문연구(語文硏究),1,in(타저널→어문연구)
허윤,어문연구(語文硏究),1,in(타저널→어문연구)
남영자,어문연구(語文硏究),1,in(타저널→어문연구)
반재유,어문연구(語文硏究),1,in(타저널→어문연구)
박혜진,어문연구(語文硏究),1,in(타저널→어문연구)
역사학연구,어문연구(語文硏究),1,in(타저널→어문연구)
안진산,어문연구(語文硏究),1,in(타저널→어문연구)
조서희,어문연구(語文硏究),1,in(타저널→어문연구)
박상욱,어문연구(語文硏究),1,in(타저널→어문연구)
명청사연구,어문연구(語文硏究),1,in(타저널→어문연구)
배건준,어문연구(語文硏究),1,in(타저널→어문연구)
중등교육연구,어문연구(語文硏究),1,in(타저널→어문연구)
한국초등체육학회지,어문연구(語文硏究),1,in(타저널→어문연구)
신중진,어문연구(語文硏究),1,in(타저널→어문연구)
육영주,어문연구(語文硏究),1,in(타저널→어문연구)
이금화,어문연구(語文硏究),1,in(타저널→어문연구)
김동근,어문연구(語文硏究),1,in(타저널→어문연구)
권설아,어문연구(語文硏究),1,in(타저널→어문연구)
프랑스 문화 연구,어문연구(語文硏究),1,in(타저널→어문연구)
대학교양교육연구,어문연구(語文硏究),1,in(타저널→어문연구)
한국행정사학지,어문연구(語文硏究),1,in(타저널→어문연구)
최동주,어문연구(語文硏究),1,in(타저널→어문연구)
김주덕,어문연구(語文硏究),1,in(타저널→어문연구)
한국근현대미술사학(구 한국근대미술사학),어문연구(語文硏究),1,in(타저널→어문연구)
근대서지,어문연구(語文硏究),1,in(타저널→어문연구)
여성학논집,어문연구(語文硏究),1,in(타저널→어문연구)
주선,어문연구(語文硏究),1,in(타저널→어문연구)
사네치카마리,어문연구(語文硏究),1,in(타저널→어문연구)
김형복,어문연구(語文硏究),1,in(타저널→어문연구)
홍경임,어문연구(語文硏究),1,in(타저널→어문연구)
정흥모,어문연구(語文硏究),1,in(타저널→어문연구)
최현정,어문연구(語文硏究),1,in(타저널→어문연구)
이정애,어문연구(語文硏究),1,in(타저널→어문연구)
주양희,어문연구(語文硏究),1,in(타저널→어문연구)
김미자,어문연구(語文硏究),1,in(타저널→어문연구)
송인성,어문연구(語文硏究),1,in(타저널→어문연구)
장혜진,어문연구(語文硏究),1,in(타저널→어문연구)
한국과 국제사회,어문연구(語文硏究),1,in(타저널→어문연구)
박덕유,어문연구(語文硏究),1,in(타저널→어문연구)
정연희,어문연구(語文硏究),1,in(타저널→어문연구)
황종배,어문연구(語文硏究),1,in(타저널→어문연구)
임우열,어문연구(語文硏究),1,in(타저널→어문연구)
이혜은,어문연구(語文硏究),1,in(타저널→어문연구)
심지연,어문연구(語文硏究),1,in(타저널→어문연구)
김도경,어문연구(語文硏究),1,in(타저널→어문연구)
한국어 교육 연구,어문연구(語文硏究),1,in(타저널→어문연구)
김미지,어문연구(語文硏究),1,in(타저널→어문연구)
전상욱,어문연구(語文硏究),1,in(타저널→어문연구)
최용,어문연구(語文硏究),1,in(타저널→어문연구)
정옥현,어문연구(語文硏究),1,in(타저널→어문연구)
김남미,어문연구(語文硏究),1,in(타저널→어문연구)
이창희,어문연구(語文硏究),1,in(타저널→어문연구)
이선윤,어문연구(語文硏究),1,in(타저널→어문연구)
제주대학교 교육과학연구,어문연구(語文硏究),1,in(타저널→어문연구)
서보영,어문연구(語文硏究),1,in(타저널→어문연구)
한국과 세계,어문연구(語文硏究),1,in(타저널→어문연구)
한국문화인류학,어문연구(語文硏究),1,in(타저널→어문연구)
조세연,어문연구(語文硏究),1,in(타저널→어문연구)
성나경,어문연구(語文硏究),1,in(타저널→어문연구)
나윤주,어문연구(語文硏究),1,in(타저널→어문연구)
다문화사회와 교육연구,어문연구(語文硏究),1,in(타저널→어문연구)
이다슴,어문연구(語文硏究),1,in(타저널→어문연구)
人文科學硏究,어문연구(語文硏究),1,in(타저널→어문연구)
김택윤,어문연구(語文硏究),1,in(타저널→어문연구)
영미문학연구,어문연구(語文硏究),1,in(타저널→어문연구)
Seoul Journal of Korean Studies,어문연구(語文硏究),1,in(타저널→어문연구)
진저,어문연구(語文硏究),1,in(타저널→어문연구)
조지형,어문연구(語文硏究),1,in(타저널→어문연구)
홍소라,어문연구(語文硏究),1,in(타저널→어문연구)
고혜원,어문연구(語文硏究),1,in(타저널→어문연구)
조남민,어문연구(語文硏究),1,in(타저널→어문연구)
김진웅,어문연구(語文硏究),1,in(타저널→어문연구)
鄭日男,어문연구(語文硏究),1,in(타저널→어문연구)
김성주,어문연구(語文硏究),1,in(타저널→어문연구)
역사비평,어문연구(語文硏究),1,in(타저널→어문연구)
중국문화연구,어문연구(語文硏究),1,in(타저널→어문연구)
최도식,어문연구(語文硏究),1,in(타저널→어문연구)
일본문화연구,어문연구(語文硏究),1,in(타저널→어문연구)
미디어 경제와 문화,어문연구(語文硏究),1,in(타저널→어문연구)
심상민,어문연구(語文硏究),1,in(타저널→어문연구)
이영제,어문연구(語文硏究),1,in(타저널→어문연구)
율곡학연구,어문연구(語文硏究),1,in(타저널→어문연구)
신학과 사회,어문연구(語文硏究),1,in(타저널→어문연구)
김경희,어문연구(語文硏究),1,in(타저널→어문연구)
음성음운형태론연구,어문연구(語文硏究),1,in(타저널→어문연구)
김대영,어문연구(語文硏究),1,in(타저널→어문연구)
김태훈,어문연구(語文硏究),1,in(타저널→어문연구)
지역과 역사,어문연구(語文硏究),1,in(타저널→어문연구)
수사학,어문연구(語文硏究),1,in(타저널→어문연구)
조철우,어문연구(語文硏究),1,in(타저널→어문연구)
교육철학연구,어문연구(語文硏究),1,in(타저널→어문연구)
송인섭,어문연구(語文硏究),1,in(타저널→어문연구)
이태상,어문연구(語文硏究),1,in(타저널→어문연구)
영어교육연구,어문연구(語文硏究),1,in(타저널→어문연구)
이성혜,어문연구(語文硏究),1,in(타저널→어문연구)
박진하,어문연구(語文硏究),1,in(타저널→어문연구)
박진욱,어문연구(語文硏究),1,in(타저널→어문연구)
张璐璟,어문연구(語文硏究),1,in(타저널→어문연구)
한국프랑스학논집,어문연구(語文硏究),1,in(타저널→어문연구)
정재찬,어문연구(語文硏究),1,in(타저널→어문연구)
김연종,어문연구(語文硏究),1,in(타저널→어문연구)
티안밍,어문연구(語文硏究),1,in(타저널→어문연구)
김태식,어문연구(語文硏究),1,in(타저널→어문연구)
독어학,어문연구(語文硏究),1,in(타저널→어문연구)
이종영,어문연구(語文硏究),1,in(타저널→어문연구)
김영희,어문연구(語文硏究),1,in(타저널→어문연구)
강범모,어문연구(語文硏究),1,in(타저널→어문연구)
이주현,어문연구(語文硏究),1,in(타저널→어문연구)
중국어문논역총간,어문연구(語文硏究),1,in(타저널→어문연구)
정연주,어문연구(語文硏究),1,in(타저널→어문연구)
심재경,어문연구(語文硏究),1,in(타저널→어문연구)
박융배,어문연구(語文硏究),1,in(타저널→어문연구)
박경은,어문연구(語文硏究),1,in(타저널→어문연구)
김연희,어문연구(語文硏究),1,in(타저널→어문연구)
임혜원,어문연구(語文硏究),1,in(타저널→어문연구)
김상화,어문연구(語文硏究),1,in(타저널→어문연구)
도원,어문연구(語文硏究),1,in(타저널→어문연구)
한국불교학,어문연구(語文硏究),1,in(타저널→어문연구)
융합인문학,어문연구(語文硏究),1,in(타저널→어문연구)
이상현,어문연구(語文硏究),1,in(타저널→어문연구)
김종회,어문연구(語文硏究),1,in(타저널→어문연구)
서설비,어문연구(語文硏究),1,in(타저널→어문연구)
정지수,어문연구(語文硏究),1,in(타저널→어문연구)
이성주,어문연구(語文硏究),1,in(타저널→어문연구)
동방문화와 사상,어문연구(語文硏究),1,in(타저널→어문연구)
문영은,어문연구(語文硏究),1,in(타저널→어문연구)
공혜림,어문연구(語文硏究),1,in(타저널→어문연구)
최신인,어문연구(語文硏究),1,in(타저널→어문연구)
조용기,어문연구(語文硏究),1,in(타저널→어문연구)
강효경,어문연구(語文硏究),1,in(타저널→어문연구)
송소연,어문연구(語文硏究),1,in(타저널→어문연구)
전영은,어문연구(語文硏究),1,in(타저널→어문연구)
김범진,어문연구(語文硏究),1,in(타저널→어문연구)
최선희,어문연구(語文硏究),1,in(타저널→어문연구)
오지은,어문연구(語文硏究),1,in(타저널→어문연구)
신승용,어문연구(語文硏究),1,in(타저널→어문연구)
박종호,어문연구(語文硏究),1,in(타저널→어문연구)
김숙정,어문연구(語文硏究),1,in(타저널→어문연구)
유나,어문연구(語文硏究),1,in(타저널→어문연구)
이희영,어문연구(語文硏究),1,in(타저널→어문연구)
한국조경학회지,어문연구(語文硏究),1,in(타저널→어문연구)
禪學(선학),어문연구(語文硏究),1,in(타저널→어문연구)
남길임,어문연구(語文硏究),1,in(타저널→어문연구)
한국철학논집,어문연구(語文硏究),1,in(타저널→어문연구)
이지안,어문연구(語文硏究),1,in(타저널→어문연구)
박성실,어문연구(語文硏究),1,in(타저널→어문연구)
이인화,어문연구(語文硏究),1,in(타저널→어문연구)
이용훈,어문연구(語文硏究),1,in(타저널→어문연구)
장향실,어문연구(語文硏究),1,in(타저널→어문연구)
차재은,어문연구(語文硏究),1,in(타저널→어문연구)
이혜용,어문연구(語文硏究),1,in(타저널→어문연구)
김려원,어문연구(語文硏究),1,in(타저널→어문연구)
석주연,어문연구(語文硏究),1,in(타저널→어문연구)
한일관계사연구,어문연구(語文硏究),1,in(타저널→어문연구)
교육과정평가연구,어문연구(語文硏究),1,in(타저널→어문연구)
동북아역사논총,어문연구(語文硏究),1,in(타저널→어문연구)
영토해양연구,어문연구(語文硏究),1,in(타저널→어문연구)
해양정책연구,어문연구(語文硏究),1,in(타저널→어문연구)
이미혜,어문연구(語文硏究),1,in(타저널→어문연구)
禪文化硏究,어문연구(語文硏究),1,in(타저널→어문연구)
권순희,어문연구(語文硏究),1,in(타저널→어문연구)
강보선,어문연구(語文硏究),1,in(타저널→어문연구)
한국언론학보,어문연구(語文硏究),1,in(타저널→어문연구)
교육과학연구,어문연구(語文硏究),1,in(타저널→어문연구)
구기보,어문연구(語文硏究),1,in(타저널→어문연구)
전명남,어문연구(語文硏究),1,in(타저널→어문연구)
이관식,어문연구(語文硏究),1,in(타저널→어문연구)
총니,어문연구(語文硏究),1,in(타저널→어문연구)
이화음악논집,어문연구(語文硏究),1,in(타저널→어문연구)
미술사학보,어문연구(語文硏究),1,in(타저널→어문연구)
이수정,어문연구(語文硏究),1,in(타저널→어문연구)
미술사연구,어문연구(語文硏究),1,in(타저널→어문연구)
Endocrinology and Metabolism,어문연구(語文硏究),1,in(타저널→어문연구)
Aksam Yassin,어문연구(語文硏究),1,in(타저널→어문연구)
김태수,어문연구(語文硏究),1,in(타저널→어문연구)
hye won wang,어문연구(語文硏究),1,in(타저널→어문연구)
한경도,어문연구(語文硏究),1,in(타저널→어문연구)
홍영호,어문연구(語文硏究),1,in(타저널→어문연구)
이은정,어문연구(語文硏究),1,in(타저널→어문연구)
조영혜,어문연구(語文硏究),1,in(타저널→어문연구)
조난희,어문연구(語文硏究),1,in(타저널→어문연구)
현대성,어문연구(語文硏究),1,in(타저널→어문연구)
Mi Hee Cho,어문연구(語文硏究),1,in(타저널→어문연구)
대한보건연구,어문연구(語文硏究),1,in(타저널→어문연구)
정태식,어문연구(語文硏究),1,in(타저널→어문연구)
Eun Hui Bae,어문연구(語文硏究),1,in(타저널→어문연구)
이현실,어문연구(語文硏究),1,in(타저널→어문연구)
천혜원,어문연구(語文硏究),1,in(타저널→어문연구)
강아름,어문연구(語文硏究),1,in(타저널→어문연구)
최아라,어문연구(語文硏究),1,in(타저널→어문연구)
Culinary Science & Hospitality Research,어문연구(語文硏究),1,in(타저널→어문연구)
박미혜,어문연구(語文硏究),1,in(타저널→어문연구)
朴好熙,어문연구(語文硏究),1,in(타저널→어문연구)
신정애,어문연구(語文硏究),1,in(타저널→어문연구)
동학학보,어문연구(語文硏究),1,in(타저널→어문연구)
최보선,어문연구(語文硏究),1,in(타저널→어문연구)
문화영토연구,어문연구(語文硏究),1,in(타저널→어문연구)
유춘동,어문연구(語文硏究),1,in(타저널→어문연구)
서울학연구,어문연구(語文硏究),1,in(타저널→어문연구)
김혜진,어문연구(語文硏究),1,in(타저널→어문연구)
탐라문화,어문연구(語文硏究),1,in(타저널→어문연구)
김강희,어문연구(語文硏究),1,in(타저널→어문연구)
임수진,어문연구(語文硏究),1,in(타저널→어문연구)
전패영,어문연구(語文硏究),1,in(타저널→어문연구)
김영규,어문연구(語文硏究),1,in(타저널→어문연구)
김지혜,어문연구(語文硏究),1,in(타저널→어문연구)
Chunmei Miao,어문연구(語文硏究),1,in(타저널→어문연구)
이화진,어문연구(語文硏究),1,in(타저널→어문연구)
최예진,어문연구(語文硏究),1,in(타저널→어문연구)
한국예술연구,어문연구(語文硏究),1,in(타저널→어문연구)
The Review of Korean Studies,어문연구(語文硏究),1,in(타저널→어문연구)
조광순,어문연구(語文硏究),1,in(타저널→어문연구)
김정민,어문연구(語文硏究),1,in(타저널→어문연구)
특수교육저널:이론과 실천,어문연구(語文硏究),1,in(타저널→어문연구)
고혜정,어문연구(語文硏究),1,in(타저널→어문연구)
이영철,어문연구(語文硏究),1,in(타저널→어문연구)
특수·영재교육저널,어문연구(語文硏究),1,in(타저널→어문연구)
미래유아교육학회지,어문연구(語文硏究),1,in(타저널→어문연구)
전병운,어문연구(語文硏究),1,in(타저널→어문연구)
특수교육,어문연구(語文硏究),1,in(타저널→어문연구)
정길순,어문연구(語文硏究),1,in(타저널→어문연구)
양영모,어문연구(語文硏究),1,in(타저널→어문연구)
이병인,어문연구(語文硏究),1,in(타저널→어문연구)
국미진,어문연구(語文硏究),1,in(타저널→어문연구)
곽승철,어문연구(語文硏究),1,in(타저널→어문연구)
조경선,어문연구(語文硏究),1,in(타저널→어문연구)
정경미,어문연구(語文硏究),1,in(타저널→어문연구)
허계형,어문연구(語文硏究),1,in(타저널→어문연구)
김진호,어문연구(語文硏究),1,in(타저널→어문연구)
김대용,어문연구(語文硏究),1,in(타저널→어문연구)
김은경,어문연구(語文硏究),1,in(타저널→어문연구)
홍성호,어문연구(語文硏究),1,in(타저널→어문연구)
김은혜,어문연구(語文硏究),1,in(타저널→어문연구)
방명애,어문연구(語文硏究),1,in(타저널→어문연구)
백영선,어문연구(語文硏究),1,in(타저널→어문연구)
정서·행동장애연구,어문연구(語文硏究),1,in(타저널→어문연구)
김유리,어문연구(語文硏究),1,in(타저널→어문연구)
조정연,어문연구(語文硏究),1,in(타저널→어문연구)
김영한,어문연구(語文硏究),1,in(타저널→어문연구)
송광한,어문연구(語文硏究),1,in(타저널→어문연구)
지푸름,어문연구(語文硏究),1,in(타저널→어문연구)
특수교육학연구,어문연구(語文硏究),1,in(타저널→어문연구)
杉本 加代子,어문연구(語文硏究),1,in(타저널→어문연구)
황경수,어문연구(語文硏究),1,in(타저널→어문연구)
양명학,어문연구(語文硏究),1,in(타저널→어문연구)
민현식,어문연구(語文硏究),1,in(타저널→어문연구)
조현준,어문연구(語文硏究),1,in(타저널→어문연구)
유홍빈,어문연구(語文硏究),1,in(타저널→어문연구)
송봉운,어문연구(語文硏究),1,in(타저널→어문연구)
허예인,어문연구(語文硏究),1,in(타저널→어문연구)
호길,어문연구(語文硏究),1,in(타저널→어문연구)
진우현,어문연구(語文硏究),1,in(타저널→어문연구)
아시아연구,어문연구(語文硏究),1,in(타저널→어문연구)
신용식,어문연구(語文硏究),1,in(타저널→어문연구)
이경화,어문연구(語文硏究),1,in(타저널→어문연구)
이정민,어문연구(語文硏究),1,in(타저널→어문연구)
정인기,어문연구(語文硏究),1,in(타저널→어문연구)
픽션과 논픽션,어문연구(語文硏究),1,in(타저널→어문연구)
박지수,어문연구(語文硏究),1,in(타저널→어문연구)
고궁문화,어문연구(語文硏究),1,in(타저널→어문연구)
동아한학연구,어문연구(語文硏究),1,in(타저널→어문연구)
박희숙,어문연구(語文硏究),1,in(타저널→어문연구)
방상호,어문연구(語文硏究),1,in(타저널→어문연구)
김금내,어문연구(語文硏究),1,in(타저널→어문연구)
Asia Pacific Journal of Teaching and Learning,어문연구(語文硏究),1,in(타저널→어문연구)
교육혁신연구,어문연구(語文硏究),1,in(타저널→어문연구)
프랑스학연구,어문연구(語文硏究),1,in(타저널→어문연구)
최정숙,어문연구(語文硏究),1,in(타저널→어문연구)
김형태,어문연구(語文硏究),1,in(타저널→어문연구)
DORJ ULZIIBAT,어문연구(語文硏究),1,in(타저널→어문연구)
허예슬,어문연구(語文硏究),1,in(타저널→어문연구)
한국불교사연구,어문연구(語文硏究),1,in(타저널→어문연구)
정미혜,어문연구(語文硏究),1,in(타저널→어문연구)
민진영,어문연구(語文硏究),1,in(타저널→어문연구)
김금수,어문연구(語文硏究),1,in(타저널→어문연구)
임영길,어문연구(語文硏究),1,in(타저널→어문연구)
황민아,어문연구(語文硏究),1,in(타저널→어문연구)
교회와 법,어문연구(語文硏究),1,in(타저널→어문연구)
통번역학연구,어문연구(語文硏究),1,in(타저널→어문연구)
임채훈,어문연구(語文硏究),1,in(타저널→어문연구)
독서치료연구,어문연구(語文硏究),1,in(타저널→어문연구)
북한학연구,어문연구(語文硏究),1,in(타저널→어문연구)
김양지,어문연구(語文硏究),1,in(타저널→어문연구)
한래희,어문연구(語文硏究),1,in(타저널→어문연구)
박미희,어문연구(語文硏究),1,in(타저널→어문연구)
최윤정,어문연구(語文硏究),1,in(타저널→어문연구)
정회란,어문연구(語文硏究),1,in(타저널→어문연구)
김지오,어문연구(語文硏究),1,in(타저널→어문연구)
한애라,어문연구(語文硏究),1,in(타저널→어문연구)
박종배,어문연구(語文硏究),1,in(타저널→어문연구)
仙道文化,어문연구(語文硏究),1,in(타저널→어문연구)
최윤곤,어문연구(語文硏究),1,in(타저널→어문연구)
조경순,어문연구(語文硏究),1,in(타저널→어문연구)
정지현,어문연구(語文硏究),1,in(타저널→어문연구)
최형용,어문연구(語文硏究),1,in(타저널→어문연구)
이진,어문연구(語文硏究),1,in(타저널→어문연구)
김경연,어문연구(語文硏究),1,in(타저널→어문연구)
제임스조이스저널,어문연구(語文硏究),1,in(타저널→어문연구)
곽창,어문연구(語文硏究),1,in(타저널→어문연구)
역사와 실학,어문연구(語文硏究),1,in(타저널→어문연구)
일본어교육연구,어문연구(語文硏究),1,in(타저널→어문연구)
실천민속학 연구,어문연구(語文硏究),1,in(타저널→어문연구)
초등교육연구논총,어문연구(語文硏究),1,in(타저널→어문연구)
서울과 역사,어문연구(語文硏究),1,in(타저널→어문연구)
실천공학교육논문지,어문연구(語文硏究),1,in(타저널→어문연구)
표시연,어문연구(語文硏究),1,in(타저널→어문연구)
곽부모,어문연구(語文硏究),1,in(타저널→어문연구)
이래호,어문연구(語文硏究),1,in(타저널→어문연구)
독일언어문학,어문연구(語文硏究),1,in(타저널→어문연구)
일본비평,어문연구(語文硏究),1,in(타저널→어문연구)
시대와 철학,어문연구(語文硏究),1,in(타저널→어문연구)
임영상,어문연구(語文硏究),1,in(타저널→어문연구)
중소연구,어문연구(語文硏究),1,in(타저널→어문연구)
동양철학연구,어문연구(語文硏究),1,in(타저널→어문연구)
동서철학연구,어문연구(語文硏究),1,in(타저널→어문연구)
기억과 전망,어문연구(語文硏究),1,in(타저널→어문연구)
정경옥,어문연구(語文硏究),1,in(타저널→어문연구)
김길동,어문연구(語文硏究),1,in(타저널→어문연구)
이온순,어문연구(語文硏究),1,in(타저널→어문연구)
역사와 담론,어문연구(語文硏究),1,in(타저널→어문연구)
김하라,어문연구(語文硏究),1,in(타저널→어문연구)
홍나영,어문연구(語文硏究),1,in(타저널→어문연구)
고전번역연구,어문연구(語文硏究),1,in(타저널→어문연구)
중국어교육과 연구,어문연구(語文硏究),1,in(타저널→어문연구)
하호빈,어문연구(語文硏究),1,in(타저널→어문연구)
이재준,어문연구(語文硏究),1,in(타저널→어문연구)
박정아,어문연구(語文硏究),1,in(타저널→어문연구)
임총인,어문연구(語文硏究),1,in(타저널→어문연구)
박석준,어문연구(語文硏究),1,in(타저널→어문연구)
진가연,어문연구(語文硏究),1,in(타저널→어문연구)
정상우,어문연구(語文硏究),1,in(타저널→어문연구)
김은호,어문연구(語文硏究),1,in(타저널→어문연구)
강현주,어문연구(語文硏究),1,in(타저널→어문연구)
안기정,어문연구(語文硏究),1,in(타저널→어문연구)
철학탐구,어문연구(語文硏究),1,in(타저널→어문연구)
김보현,어문연구(語文硏究),1,in(타저널→어문연구)
임보연,어문연구(語文硏究),1,in(타저널→어문연구)
교양교육과 시민,어문연구(語文硏究),1,in(타저널→어문연구)
아시아영화연구,어문연구(語文硏究),1,in(타저널→어문연구)
보호관찰,어문연구(語文硏究),1,in(타저널→어문연구)
한국민족운동사연구,어문연구(語文硏究),1,in(타저널→어문연구)
민족연구,어문연구(語文硏究),1,in(타저널→어문연구)
최성학,어문연구(語文硏究),1,in(타저널→어문연구)
중국학보,어문연구(語文硏究),1,in(타저널→어문연구)
한국무속학,어문연구(語文硏究),1,in(타저널→어문연구)
윤미소,어문연구(語文硏究),1,in(타저널→어문연구)
홍연정,어문연구(語文硏究),1,in(타저널→어문연구)
이은섭,어문연구(語文硏究),1,in(타저널→어문연구)
웅연,어문연구(語文硏究),1,in(타저널→어문연구)
송현정,어문연구(語文硏究),1,in(타저널→어문연구)
문준혜,어문연구(語文硏究),1,in(타저널→어문연구)
초등도덕교육,어문연구(語文硏究),1,in(타저널→어문연구)
홍윤기,어문연구(語文硏究),1,in(타저널→어문연구)
도재학,어문연구(語文硏究),1,in(타저널→어문연구)
세계 역사와 문화 연구,어문연구(語文硏究),1,in(타저널→어문연구)
다문화교육연구,어문연구(語文硏究),1,in(타저널→어문연구)
박소영,어문연구(語文硏究),1,in(타저널→어문연구)
프랑스어문교육,어문연구(語文硏究),1,in(타저널→어문연구)
최홍열,어문연구(語文硏究),1,in(타저널→어문연구)
이준희,어문연구(語文硏究),1,in(타저널→어문연구)
이희수,어문연구(語文硏究),1,in(타저널→어문연구)
김용재,어문연구(語文硏究),1,in(타저널→어문연구)
하채현,어문연구(語文硏究),1,in(타저널→어문연구)
임주탁,어문연구(語文硏究),1,in(타저널→어문연구)
김문주,어문연구(語文硏究),1,in(타저널→어문연구)
韓日民族問題硏究,어문연구(語文硏究),1,in(타저널→어문연구)
언어학연구,어문연구(語文硏究),1,in(타저널→어문연구)
영산신학저널,어문연구(語文硏究),1,in(타저널→어문연구)
남도민속연구,어문연구(語文硏究),1,in(타저널→어문연구)
슬라브어 연구,어문연구(語文硏究),1,in(타저널→어문연구)
방송문화연구,어문연구(語文硏究),1,in(타저널→어문연구)
홍경수,어문연구(語文硏究),1,in(타저널→어문연구)
송원찬,어문연구(語文硏究),1,in(타저널→어문연구)
방영심,어문연구(語文硏究),1,in(타저널→어문연구)
교육사학연구,어문연구(語文硏究),1,in(타저널→어문연구)
박승원,어문연구(語文硏究),1,in(타저널→어문연구)
역사와 융합,어문연구(語文硏究),1,in(타저널→어문연구)
고은아,어문연구(語文硏究),1,in(타저널→어문연구)
민족사상,어문연구(語文硏究),1,in(타저널→어문연구)
박용식,어문연구(語文硏究),1,in(타저널→어문연구)
김연숙,어문연구(語文硏究),1,in(타저널→어문연구)
전수진,어문연구(語文硏究),1,in(타저널→어문연구)
이용,어문연구(語文硏究),1,in(타저널→어문연구)
동양사학연구,어문연구(語文硏究),1,in(타저널→어문연구)
중국근현대사연구,어문연구(語文硏究),1,in(타저널→어문연구)
한국근현대사연구,어문연구(語文硏究),1,in(타저널→어문연구)
한담,어문연구(語文硏究),1,in(타저널→어문연구)
이은홍,어문연구(語文硏究),1,in(타저널→어문연구)
이탈리아학,어문연구(語文硏究),1,in(타저널→어문연구)
김참이,어문연구(語文硏究),1,in(타저널→어문연구)
SUGIYAMAYUTAKA,어문연구(語文硏究),1,in(타저널→어문연구)
장윤미,어문연구(語文硏究),1,in(타저널→어문연구)
이성준,어문연구(語文硏究),1,in(타저널→어문연구)
도시인문학연구,어문연구(語文硏究),1,in(타저널→어문연구)
차세대 인문사회연구,어문연구(語文硏究),1,in(타저널→어문연구)
역사교육,어문연구(語文硏究),1,in(타저널→어문연구)
박성호,어문연구(語文硏究),1,in(타저널→어문연구)
한중관계연구,어문연구(語文硏究),1,in(타저널→어문연구)
선사와 고대,어문연구(語文硏究),1,in(타저널→어문연구)
박은혜,어문연구(語文硏究),1,in(타저널→어문연구)
박명관,어문연구(語文硏究),1,in(타저널→어문연구)
신의종,어문연구(語文硏究),1,in(타저널→어문연구)
조성은,어문연구(語文硏究),1,in(타저널→어문연구)
정한별,어문연구(語文硏究),1,in(타저널→어문연구)
박종원,어문연구(語文硏究),1,in(타저널→어문연구)
이충우,어문연구(語文硏究),1,in(타저널→어문연구)
유교사상문화연구,어문연구(語文硏究),1,in(타저널→어문연구)
오현아,어문연구(語文硏究),1,in(타저널→어문연구)
김도훈,어문연구(語文硏究),1,in(타저널→어문연구)
불어불문학연구,어문연구(語文硏究),1,in(타저널→어문연구)
유형동,어문연구(語文硏究),1,in(타저널→어문연구)
강우규,어문연구(語文硏究),1,in(타저널→어문연구)
김남호,어문연구(語文硏究),1,in(타저널→어문연구)
윤지원,어문연구(語文硏究),1,in(타저널→어문연구)
곽지영,어문연구(語文硏究),1,in(타저널→어문연구)
주현하,어문연구(語文硏究),1,in(타저널→어문연구)
김영란,어문연구(語文硏究),1,in(타저널→어문연구)
김중섭,어문연구(語文硏究),1,in(타저널→어문연구)
한하림,어문연구(語文硏究),1,in(타저널→어문연구)
박현진,어문연구(語文硏究),1,in(타저널→어문연구)
박향란,어문연구(語文硏究),1,in(타저널→어문연구)
이경철,어문연구(語文硏究),1,in(타저널→어문연구)
한자연구,어문연구(語文硏究),1,in(타저널→어문연구)
사회과학연구,어문연구(語文硏究),1,in(타저널→어문연구)
孔子學,어문연구(語文硏究),1,in(타저널→어문연구)
현대유럽철학연구,어문연구(語文硏究),1,in(타저널→어문연구)
김건희,어문연구(語文硏究),1,in(타저널→어문연구)
김경수,어문연구(語文硏究),1,in(타저널→어문연구)
어문연구(語文硏究),國語學,215,out(어문연구→타저널)
어문연구(語文硏究),한국어학,113,out(어문연구→타저널)
어문연구(語文硏究),한국어 의미학,88,out(어문연구→타저널)
어문연구(語文硏究),국어국문학,76,out(어문연구→타저널)
어문연구(語文硏究),한국현대문학연구,70,out(어문연구→타저널)
어문연구(語文硏究),한국어교육,64,out(어문연구→타저널)
어문연구(語文硏究),우리어문연구,56,out(어문연구→타저널)
어문연구(語文硏究),민족문학사연구,52,out(어문연구→타저널)
어문연구(語文硏究),국제어문,50,out(어문연구→타저널)
어문연구(語文硏究),어문론집,49,out(어문연구→타저널)
어문연구(語文硏究),한국문학이론과 비평,48,out(어문연구→타저널)
어문연구(語文硏究),새국어교육,47,out(어문연구→타저널)
어문연구(語文硏究),국어사연구,45,out(어문연구→타저널)
어문연구(語文硏究),현대소설연구,43,out(어문연구→타저널)
어문연구(語文硏究),漢字漢文敎育,42,out(어문연구→타저널)
어문연구(語文硏究),漢文敎育論集,42,out(어문연구→타저널)
어문연구(語文硏究),국어교육연구,41,out(어문연구→타저널)
어문연구(語文硏究),반교어문연구,41,out(어문연구→타저널)
어문연구(語文硏究),우리말글,40,out(어문연구→타저널)
어문연구(語文硏究),구결연구,39,out(어문연구→타저널)
어문연구(語文硏究),상허학보,39,out(어문연구→타저널)
어문연구(語文硏究),한민족문화연구,38,out(어문연구→타저널)
어문연구(語文硏究),국어교육,35,out(어문연구→타저널)
어문연구(語文硏究),현대문학의 연구,35,out(어문연구→타저널)
어문연구(語文硏究),한국언어문학,34,out(어문연구→타저널)
어문연구(語文硏究),한국시학연구,33,out(어문연구→타저널)
어문연구(語文硏究),열상고전연구,32,out(어문연구→타저널)
어문연구(語文硏究),한국근대문학연구,32,out(어문연구→타저널)
어문연구(語文硏究),한글,31,out(어문연구→타저널)
어문연구(語文硏究),한국고전여성문학연구,29,out(어문연구→타저널)
어문연구(語文硏究),고소설연구,28,out(어문연구→타저널)
어문연구(語文硏究),작문연구,28,out(어문연구→타저널)
어문연구(語文硏究),韓國古典硏究,28,out(어문연구→타저널)
어문연구(語文硏究),동방한문학,28,out(어문연구→타저널)
어문연구(語文硏究),구보학보,27,out(어문연구→타저널)
어문연구(語文硏究),비평문학,27,out(어문연구→타저널)
어문연구(語文硏究),동악어문학,27,out(어문연구→타저널)
어문연구(語文硏究),여성문학연구,26,out(어문연구→타저널)
어문연구(語文硏究),우리문학연구,26,out(어문연구→타저널)
어문연구(語文硏究),고전문학연구,25,out(어문연구→타저널)
어문연구(語文硏究),언어와 문화,25,out(어문연구→타저널)
어문연구(語文硏究),한중인문학연구,25,out(어문연구→타저널)
어문연구(語文硏究),우리말연구,24,out(어문연구→타저널)
어문연구(語文硏究),어문론총,23,out(어문연구→타저널)
어문연구(語文硏究),한민족어문학(구 영남어문학),23,out(어문연구→타저널)
어문연구(語文硏究),문학교육학,23,out(어문연구→타저널)
어문연구(語文硏究),한국문학논총,23,out(어문연구→타저널)
어문연구(語文硏究),언어사실과 관점,21,out(어문연구→타저널)
어문연구(語文硏究),독서연구,20,out(어문연구→타저널)
어문연구(語文硏究),배달말,20,out(어문연구→타저널)
어문연구(語文硏究),한말연구,20,out(어문연구→타저널)
어문연구(語文硏究),외국어로서의 한국어교육,20,out(어문연구→타저널)
어문연구(語文硏究),어문논집,19,out(어문연구→타저널)
어문연구(語文硏究),한국문학연구,19,out(어문연구→타저널)
어문연구(語文硏究),한국시가연구,18,out(어문연구→타저널)
어문연구(語文硏究),한국언어문화,18,out(어문연구→타저널)
어문연구(語文硏究),고전과 해석,18,out(어문연구→타저널)
어문연구(語文硏究),한국문예비평연구,18,out(어문연구→타저널)
어문연구(語文硏究),대동한문학(大東漢文學),16,out(어문연구→타저널)
어문연구(語文硏究),방언학,16,out(어문연구→타저널)
어문연구(語文硏究),청람어문교육,14,out(어문연구→타저널)
어문연구(語文硏究),문법 교육,14,out(어문연구→타저널)
어문연구(語文硏究),지명학,14,out(어문연구→타저널)
어문연구(語文硏究),국어교육학연구,13,out(어문연구→타저널)
어문연구(語文硏究),한국한문학연구,13,out(어문연구→타저널)
어문연구(語文硏究),漢文古典硏究,13,out(어문연구→타저널)
어문연구(語文硏究),국문학연구,12,out(어문연구→타저널)
어문연구(語文硏究),한문학논집(漢文學論集),11,out(어문연구→타저널)
어문연구(語文硏究),사이間SAI,11,out(어문연구→타저널)
어문연구(語文硏究),漢文學報,11,out(어문연구→타저널)
어문연구(語文硏究),영주어문,11,out(어문연구→타저널)
어문연구(語文硏究),돈암어문학,10,out(어문연구→타저널)
어문연구(語文硏究),화법연구,10,out(어문연구→타저널)
어문연구(語文硏究),구비문학연구,9,out(어문연구→타저널)
어문연구(語文硏究),판소리연구,9,out(어문연구→타저널)
어문연구(語文硏究),시조학논총,9,out(어문연구→타저널)
어문연구(語文硏究),동남어문논집,8,out(어문연구→타저널)
어문연구(語文硏究),국제한인문학연구,7,out(어문연구→타저널)
어문연구(語文硏究),Journal of korean Culture,7,out(어문연구→타저널)
어문연구(語文硏究),동양한문학연구,7,out(어문연구→타저널)
어문연구(語文硏究),겨레어문학,7,out(어문연구→타저널)
어문연구(語文硏究),개신어문연구,7,out(어문연구→타저널)
어문연구(語文硏究),전남대 어문논총,6,out(어문연구→타저널)
어문연구(語文硏究),한어문교육,6,out(어문연구→타저널)
어문연구(語文硏究),한국사상과 문화,6,out(어문연구→타저널)
어문연구(語文硏究),한국어문교육,5,out(어문연구→타저널)
어문연구(語文硏究),한국한시연구,5,out(어문연구→타저널)
어문연구(語文硏究),우리말교육현장연구,5,out(어문연구→타저널)
어문연구(語文硏究),한국시가문화연구,5,out(어문연구→타저널)
어문연구(語文硏究),한국초등국어교육,4,out(어문연구→타저널)
어문연구(語文硏究),국어문학,3,out(어문연구→타저널)
어문연구(語文硏究),춘원연구학보,3,out(어문연구→타저널)
어문연구(語文硏究),어문연구,1,out(어문연구→타저널)
어문연구(語文硏究),Macromolecular Research,1,out(어문연구→타저널)
