column,dtype,non_null,null,unique,top_value,top_freq,sample
article-id,object,17510,0,17510,'ART002536712',1,'ART002536712'
article-title-original,object,17510,0,17507,'김종삼 시의 환상성 연구',2,'남한 『문학』과 북한 『국어문학』 교과서에 수록된 현대문학 작품의 비교 연구 -김소월의 「초혼」과 최서해의 「탈출기」를 중심으로'
pub-year,object,17510,0,18,2015,1167,2019
keywords,object,17510,0,N/A (list-type),[],796,"['문학 교과서', ' 동질성', ' 이질성', ' 비판적 사실주의 문학', ' 신경향파 문학', ' 사회주의적 사실주의 문학']"
abstract-original,object,17269,241,17252,'.',8,"'본 연구는 남북한 문학 교과서에 수록된 작품과 학습자의 문학 활동을 비교하여, 남북한 문학 교육의 지향성과 그 속에서의 동질성과 이질성을 밝혀보려는 시도이다. 김소월의 「초혼」과 최서해의 「탈출기」는 남북한 문학 교과서에 공통적으로 수록되었다는 의미뿐만 아니라,..."
kri_num,object,14364,3146,3658,10142733.0,43,10197161.0
gender,object,14601,2909,2,'남',7386,'남'
birth,object,14524,2986,62,'70',1069,'69'
journal-name,object,17510,0,52,'한국문학이론과 비평',862,'구보학보'
modern_lit,float64,1583,15927,1,np.float64(1.0),1583,np.float64(1.0)
combined_text,object,17510,0,17509,'1980년대 아동 생활글 연구 — 이오덕의 글쓰기 교육을 중심으로  nan',2,'남한 『문학』과 북한 『국어문학』 교과서에 수록된 현대문학 작품의 비교 연구 -김소월의 「초혼」과 최서해의 「탈출기」를 중심으로 문학 교과서  동질성  이질성  비판적 사실주의 문학  신경향파 문학  사회주의적 사실주의 문학 본 연구는 남북한 문학 교과서에 수록...
tokens,object,17510,0,N/A (list-type),[],67,"['남한', '문학', '북한', '국어', '문학', '교과서', '수록', '현대', '문학', '작품', '비교', '연구', '김소월', '초혼', '최서해', '탈출기', '중심', '문학', '교과서', '동질', '이질', '비판', '사실주의', '..."
bigrams,object,17510,0,N/A (list-type),[],67,"['남한', '문학', '북한', '국어', '문학', '교과서', '수록', '현대', '문학', '작품', '비교', '연구', '김소월', '초혼', '최서해', '탈출기', '중심', '문학', '교과서', '동질', '이질', '비판', '사실주의', '..."
filtered_tokens,object,17510,0,N/A (list-type),[],67,"['남한', '문학', '북한', '국어', '문학', '교과서', '수록', '현대', '문학', '작품', '비교', '연구', '김소월', '초혼', '최서해', '탈출기', '중심', '문학', '교과서', '동질', '이질', '비판', '사실주의', '..."
