rank,journal-name,matched-title,연구분야,연관연구분야,status,n_results
1,한국문학이론과 비평,한국문학이론과비평(Korean LiteraryTheoryandCriticism),인문학 > 한국어와문학,인문학 > 한국어와문학 (56.2%) | 인문학 > 기타인문학 (12.5%),OK,1
2,현대문학이론연구,현대문학이론연구(THE JOUNAL OF LITERARYTHEORY),인문학 > 문학,인문학 > 한국어와문학 (53.7%) | 인문학 > 기타인문학 (12.7%),OK,1
3,현대소설연구,현대소설연구(The Journal of KoreanFictionResearch),인문학 > 한국어와문학,인문학 > 한국어와문학 (61.8%) | 인문학 > 기타인문학 (13.2%),OK,1
4,비평문학,비평문학(LiteraryCriticism),인문학 > 한국어와문학,인문학 > 한국어와문학 (57.5%) | 인문학 > 기타인문학 (12.9%),OK,3
5,한국현대문학연구,한국현대문학연구(The Journal of Korean Modern Literature),인문학 > 한국어와문학,인문학 > 한국어와문학 (63.3%) | 인문학 > 기타인문학 (13.9%),OK,2
6,한국문예비평연구,한국문예비평연구(Journal of Korean LiteraryCriticism),인문학 > 한국어와문학,인문학 > 한국어와문학 (56.7%) | 인문학 > 기타인문학 (11.1%),OK,3
7,현대문학의 연구,현대문학의연구,인문학 > 한국어와문학,인문학 > 한국어와문학 (57.6%) | 인문학 > 기타인문학 (13.3%),OK,5
8,상허학보,상허학보(Sanghur Hakbo: The Journal of Korean Modern Literature),인문학 > 한국어와문학,인문학 > 한국어와문학 (58.6%) | 인문학 > 기타인문학 (16.3%),OK,2
9,우리문학연구,우리문학연구(The Studies of KoreanLiterature),인문학 > 한국어와문학,인문학 > 한국어와문학 (57.7%) | 인문학 > 기타인문학 (14.1%),OK,2
10,대중서사연구,대중서사연구(Journal ofPopularNarrative),복합학 > 학제간연구,인문학 > 한국어와문학 (33.4%) | 인문학 > 기타인문학 (12.7%),OK,1
11,민족문학사연구,민족문학사연구(Journal of Korean Literary History),인문학 > 한국어와문학,인문학 > 한국어와문학 (59.8%) | 인문학 > 기타인문학 (16.3%),OK,1
12,국제어문,국제어문(Korean Language and Literature in International Context),인문학 > 한국어와문학,인문학 > 한국어와문학 (55.1%) | 인문학 > 기타인문학 (11.7%),OK,1
13,여성문학연구,여성문학연구(Feminism and Korean Literature),인문학 > 한국어와문학,인문학 > 한국어와문학 (56.2%) | 인문학 > 기타인문학 (12.2%),OK,3
14,한국문학논총,한국문학논총(Theses onKoreanLiterature),인문학 > 한국어와문학,인문학 > 한국어와문학 (56.3%) | 인문학 > 기타인문학 (15%),OK,3
15,우리어문연구,우리어문연구(The Studies of Korean Language and Literature),인문학 > 한국어와문학,인문학 > 한국어와문학 (58.8%) | 인문학 > 기타인문학 (10.7%),OK,1
16,비교한국학 Comparative Korean Studies,비교한국학ComparativeKoreanStudies(ComparativeKoreanStudies),인문학 > 기타인문학,인문학 > 한국어와문학 (42%) | 인문학 > 기타인문학 (15.2%),OK,2
17,한민족문화연구,한민족문화연구(A study of Han Min Jok＇s culture),인문학 > 한국어와문학,인문학 > 한국어와문학 (49.8%) | 인문학 > 기타인문학 (12%),OK,3
18,한국근대문학연구,한국근대문학연구(Journal of Modern Korean Literature),인문학 > 한국어와문학,인문학 > 한국어와문학 (63.4%) | 인문학 > 기타인문학 (13.3%),OK,1
19,구보학보,구보학보(Gubo Hakbo-The Journal of Korean Modern Literature),인문학 > 한국어와문학,인문학 > 한국어와문학 (58.9%) | 인문학 > 기타인문학 (13.9%),OK,1
20,한국문예창작,한국문예창작(The Journal of Literary Creative Writing),인문학 > 문학,인문학 > 한국어와문학 (40.4%) | 인문학 > 문학 (16.7%),OK,1
21,한국문학연구,한국문학연구(The Studies inKoreanLiterature),인문학 > 한국어와문학,인문학 > 한국어와문학 (52.9%) | 인문학 > 기타인문학 (16.2%),OK,10
22,어문론집,어문론집(The Journal of Lang. & Lit.),인문학 > 한국어와문학,인문학 > 한국어와문학 (53.4%) | 인문학 > 기타인문학 (9.3%),OK,3
23,어문론총,어문론총(Eo-Mun-Lon-Chong),인문학 > 한국어와문학,인문학 > 한국어와문학 (58.9%) | 인문학 > 기타인문학 (12.9%),OK,4
24,우리말글,우리말글(Urimalgeul),인문학 > 한국어와문학,인문학 > 한국어와문학 (62.1%) | 인문학 > 기타인문학 (8.6%),OK,2
25,어문연구(語文硏究),어문연구(語文硏究) (The Society for Korean Language & Literary Research),인문학 > 한국어와문학,인문학 > 한국어와문학 (65.2%) | 인문학 > 기타인문학 (10.1%),OK,10
26,한국언어문학,한국언어문학(KoreanLanguage&Literature),인문학 > 한국어와문학,인문학 > 한국어와문학 (61.4%) | 인문학 > 기타인문학 (10.4%),OK,10
27,한국언어문화,한국언어문화(Journal ofKoreanLanguageandCulture),인문학 > 한국어와문학,인문학 > 한국어와문학 (47.6%) | 인문학 > 기타인문학 (11.1%),OK,10
28,아동청소년문학연구,아동청소년문학연구(The Korea Association ofLiteraturefor Children and Young Adlult),인문학 > 문학,인문학 > 한국어와문학 (33.7%) | 인문학 > 문학 (31.4%),OK,1
29,국어국문학,국어국문학(The Korean Language and Literature),인문학 > 한국어와문학,인문학 > 한국어와문학 (63.2%) | 인문학 > 기타인문학 (9.8%),OK,1
30,사이間SAI,사이間SAI(사이間SAI),인문학 > 한국어와문학,인문학 > 한국어와문학 (41.1%) | 인문학 > 기타인문학 (17.6%),OK,1
31,어문연구,어문연구(EOMUNYEONGU),인문학 > 한국어와문학,인문학 > 한국어와문학 (60.7%) | 인문학 > 기타인문학 (11.2%),OK,10
32,비평과이론,비평과이론(The Journal ofCriticismandTheory),인문학 > 영어와문학,인문학 > 영어와문학 (25.8%) | 인문학 > 기타인문학 (13.5%),OK,2
33,국어문학,국어문학,인문학 > 한국어와문학,인문학 > 한국어와문학 (56.2%) | 인문학 > 기타인문학 (9.2%),OK,5
34,한민족어문학(구 영남어문학),한민족어문학(구영남어문학) (Hanminjok Emunhak),인문학 > 한국어와문학,인문학 > 한국어와문학 (56.6%) | 인문학 > 기타인문학 (11.9%),OK,2
35,한국학연구,한국학연구,인문학 > 기타인문학,인문학 > 한국어와문학 (30.2%) | 인문학 > 기타인문학 (22.2%),OK,10
36,한국아동문학연구,한국아동문학연구(KOREA CHILDREN'SLITERATURE),인문학 > 문학,인문학 > 한국어와문학 (32.4%) | 인문학 > 문학 (29%),OK,2
37,반교어문연구,반교어문연구(Journal of Bangyo Language and Literature),인문학 > 한국어와문학,인문학 > 한국어와문학 (60.2%) | 인문학 > 기타인문학 (10.9%),OK,1
38,비교문학,비교문학(COMPARATIVELITERATURE),인문학 > 기타인문학,인문학 > 한국어와문학 (33.7%) | 인문학 > 기타인문학 (18.8%),OK,4
39,동악어문학,동악어문학(Journal of Dong-ak Language and Literature),인문학 > 한국어와문학,인문학 > 한국어와문학 (51.6%) | 인문학 > 기타인문학 (12.9%),OK,3
40,춘원연구학보,춘원연구학보(Chunwon Research journal),인문학 > 한국어와문학,인문학 > 한국어와문학 (65.3%) | 인문학 > 기타인문학 (12.2%),OK,1
41,영주어문,영주어문(The Journal of Yeongju Language & Literature),인문학 > 한국어와문학,인문학 > 한국어와문학 (61.5%) | 인문학 > 기타인문학 (9.8%),OK,1
42,어문논집,어문논집(Journal of The Society of Korean Language and Literature),인문학 > 한국어와문학,인문학 > 한국어와문학 (59.1%) | 인문학 > 기타인문학 (12.2%),OK,5
43,한국문학과 예술,한국문학과예술(TheKoreanLiteratureand Arts),복합학 > 감성과학,인문학 > 한국어와문학 (43.2%) | 인문학 > 기타인문학 (15.1%),OK,1
44,한국민족문화,한국민족문화(Journal of Koreanology),인문학 > 기타인문학,인문학 > 한국어와문학 (21.7%) | 인문학 > 역사학 (21.5%),OK,2
45,배달말,배달말(Korean Language),인문학 > 한국어와문학,인문학 > 한국어와문학 (60.1%) | 인문학 > 기타인문학 (8.8%),OK,1
46,돈암어문학,돈암어문학(DONAM OHMUNHAK),인문학 > 한국어와문학,인문학 > 한국어와문학 (52.7%) | 인문학 > 기타인문학 (12.2%),OK,1
47,청람어문교육,청람어문교육(Journal of CheongRam Korean LanguageEducation),인문학 > 한국어와문학,인문학 > 한국어와문학 (62.4%) | 사회과학 > 교육학 (20.2%),OK,2
48,이화어문논집,이화어문논집(Journal of Ewha Korean Language and Literature),인문학 > 문학,인문학 > 한국어와문학 (49.8%) | 인문학 > 기타인문학 (11.2%),OK,1
49,동남어문논집,동남어문논집(Dongnam Journal of Korean Language ＆ Literature),인문학 > 한국어와문학,인문학 > 한국어와문학 (54.5%) | 인문학 > 기타인문학 (10.9%),OK,1
50,겨레어문학,겨레어문학,인문학 > 한국어와문학,인문학 > 한국어와문학 (52.6%) | 인문학 > 기타인문학 (9.5%),OK,2
51,한성어문학,한성어문학,인문학 > 한국어와문학,인문학 > 한국어와문학 (46.1%) | 사회과학 > 교육학 (14.6%),OK,1
52,국문학연구,국문학연구(Journal of Korean Literature),인문학 > 한국어와문학,인문학 > 한국어와문학 (67.6%) | 인문학 > 기타인문학 (13.5%),OK,1
