학술지,논문수
철학논총,1215
동서철학연구,1197
대동철학,775
범한철학,745
유학연구,681
동양철학연구,673
한국철학논집,650
양명학,568
철학사상,547
南冥學硏究,523
철학논집,509
현대유럽철학연구,482
시대와 철학,481
생명연구,470
美學(미학),419
인도철학,401
철학탐구,396
日本思想,374
퇴계학논집,373
仙道文化,340
헤겔연구,322
현상학과 현대철학,321
인간연구,315
사회와 철학,309
문화와 예술연구,291
니체연구,271
과학철학,244
생명윤리정책연구,242
철학연구,236
가톨릭철학,236
칸트연구,216
철학적 분석,207
환경철학,206
논리연구,203
인간.환경.미래,195
한국여성철학,189
동방문화와 사상,157
의철학연구,148
인격주의 생명윤리,115
중세철학,115
기독교철학,108
근대 철학,96
불교철학,91
요가학연구,80
화이트헤드 연구,74
민족미학,71
방정환연구,66
윤리학,64
동서정신과학,59
우계학보,54
간재학논총,47
동양철학,41
철학실천과 상담,36
제3지대의 ‘정동’ : 탈-전형의 미학과 내부의 메타언어,15
2018년 국제학술대회: 현대영미철학에서 헤겔로의 귀환 - 분석적 헤겔 해석과 형이상학적 헤겔,14
"2018년 가을 정기학술대회: 미학의 과학적 차원, 과학의 미학적 차원",9
"한국미학예술학회 2019년도 여름 정기학술대회: 예술, 디자인, 미학",9
한국미학예술학회 2020년도 가을 정기학술대회: 포스트진실의 미학+현상학,8
"한국미학예술학회 2021년도 가을 정기학술대회: 미적 진리, 그 역사와 현재",7
한국미학예술학회 2019년도 가을 정기학술대회: 문화예술 수용과 번역의 가능성,6
한국미학예술학회 2021년도 여름 특별학술대회,6
한국미학예술학회 2021년도 봄 정기학술대회: 플라스틱 세계,5
한국미학예술학회 2020년 봄 정기학술대회: 현대예술의 생철학적 조명,5
Journal of Electrical Engineering & Technology,1
유관순연구,1
신경정신의학,1
스페인어문학,1
한국콘텐츠학회 논문지,1
