rank,journal-name,count,ratio(%)
1,한국문학이론과 비평,862,4.923
2,현대문학이론연구,851,4.86
3,현대소설연구,809,4.62
4,비평문학,752,4.295
5,한국현대문학연구,651,3.718
6,한국문예비평연구,619,3.535
7,현대문학의 연구,609,3.478
8,상허학보,563,3.215
9,우리문학연구,517,2.953
10,대중서사연구,478,2.73
11,민족문학사연구,465,2.656
12,국제어문,457,2.61
13,여성문학연구,420,2.399
14,한국문학논총,416,2.376
15,우리어문연구,403,2.302
16,비교한국학 Comparative Korean Studies,398,2.273
17,한민족문화연구,389,2.222
18,한국근대문학연구,374,2.136
19,구보학보,368,2.102
20,한국문예창작,337,1.925
21,한국문학연구,328,1.873
22,어문론집,314,1.793
23,어문론총,307,1.753
24,우리말글,306,1.748
25,어문연구(語文硏究),304,1.736
26,한국언어문학,301,1.719
27,한국언어문화,298,1.702
28,아동청소년문학연구,290,1.656
29,국어국문학,288,1.645
30,사이間SAI,275,1.571
31,어문연구,274,1.565
32,비평과이론,272,1.553
33,국어문학,259,1.479
34,한민족어문학(구 영남어문학),252,1.439
35,한국학연구,217,1.239
36,한국아동문학연구,216,1.234
37,반교어문연구,214,1.222
38,비교문학,210,1.199
39,동악어문학,206,1.176
40,춘원연구학보,187,1.068
41,영주어문,170,0.971
42,어문논집,170,0.971
43,한국문학과 예술,163,0.931
44,한국민족문화,162,0.925
45,배달말,138,0.788
46,돈암어문학,122,0.697
47,청람어문교육,121,0.691
48,이화어문논집,117,0.668
49,동남어문논집,116,0.662
50,겨레어문학,113,0.645
51,한성어문학,47,0.268
52,국문학연구,15,0.086
