name,sere_id,insi_id
2025~2026 목요철학 인문학강좌 - 계명대학교 계명,SER000006893,INS000006652
Acta Koreana,002041,INS000003577
Acta Via Serica,SER000005398,INS000063729
Classical Korean Studies,SER000006827,INS000002260
Culture and the World Review 문화와 세계,SER000005795,INS000005078
International Journal of Diaspora & Cultural Criticism,SER000004367,INS000064445
International Journal of K-Culture/K-Culture융합연구,SER000006229,INS000072119
Journal of Humanities Therapy,SER000004886,INS000002669
Localities,SER000003236,INS000002921
Mobility Humanities,SER000006061,INS000064445
Situations: Cultural Studies in the Asian Context,SER000005541,INS000066496
The Journal of Eurasian Turkic studies VOL.1,SER000005538,INS000059430
The Journal of Eurasian Turkic studies VOL.2,SER000005769,INS000059430
The Journal of Eurasian Turkic studies VOL.3,SER000005770,INS000059430
The Journal of Eurasian Turkic studies VOL.4,SER000005771,INS000059430
The Journal of Eurasian Turkic studies VOL.5: Special Edition of Azerbaijan,SER000005997,INS000059430
The Journal of Eurasian Turkic studies VOL.6: (Special Edition) A Celebration of the 580th Anniversary of Alisher Navoiy's Birth,SER000005998,INS000059430
The Journal of Eurasian Turkic studies VOL.7,SER000006181,INS000059430
가족과 커뮤니티,SER000006101,INS000062499
감성연구,SER000003772,INS000003154
강원고고학보,SER000001756,INS000000202
강원문화연구,SER000005820,INS000002682
개혁주의생명신학과 선교,SER000004329,INS000011430
건지인문학,SER000003462,INS000003220
경주사학,SER000001546,INS000001473
공존의 인간학,SER000005334,INS000011536
교양학연구,SER000005923,INS000041806
교육연구,SER000002200,INS000002665
교회와 사회복지,SER000008620,INS000000070
국제문화,SER000003644,INS000003566
국제문화연구,SER000003081,INS000006196
국제한국학연구,SER000013476,INS000004234
국학연구,001834,INS000002260
국학연구론총,SER000003095,INS000006515
규장각,SER000011460,INS000003053
글로벌문화콘텐츠,SER000003070,INS000002465
글로벌응용인문학연구,SER000006637,INS000071622
글로벌 인문학 저널,SER000006642,INS000010647
글로벌코리안연구,SER000004508,INS000009879
글로컬 어문학 문화 연구,SER000005429,INS000080446
기독교와 문화,SER000005220,INS000063435
기독교와 인문학,SER000000761,INS000005726
기전문화연구,SER000014947,INS000005240
남도문화연구,SER000001883,INS000003101
다문화사회와 교육연구,SER000005243,INS000004342
다문화연구,SER000001537,INS000005015
대동문화연구,000956,INS000004681
대전대학교/인문과학논문집,SER000012097,INS000003494
더불어인문신학,SER000006976,INS000004661
『도서문화』,002045,INS000002886
도시인문학연구,SER000000937,INS000003341
독서아카고라연구,SER000006831,INS000080978
독일어문화권연구,001820,INS000003083
동방학,002052,INS000004445
동방학지,001255,INS000004888
동서인문,SER000003870,INS000002742
동서인문학,SER000004705,INS000081618
동아시아고대학,001430,INS000001904
동아시아문화연구,SER000014876,INS000005138
동아시아와 시민,SER000006128,INS000058365
동아인문학,001677,INS000000174
동양고전연구,001739,INS000001460
동양문화연구,SER000002271,INS000005362
동양학,000715,INS000004367
동학연구,000450,INS000001731
디지털스토리텔링 연구,SER000001485,INS000002279
디지털인문학,SER000006152,INS000063843
디지털인문학(Digital Humanities),SER000006923,INS000063843
로컬리티 인문학,SER000000783,INS000002921
마음공부,SER000005699,INS000059536
명상상담과 인문교육,SER000006622,INS000073510
木簡과 文字,SER000004417,INS000009014
문명과 경계,SER000005441,INS000064542
문학과 종교,001041,INS000001464
문화·경영·기술,SER000006360,INS000072502
문화연구(Cultural Studies),SER000005394,INS000059790
문화영토연구,SER000006378,INS000074281
문화예술콘텐츠,SER000003124,INS000009442
문화와 내러티브,SER000006213,INS000072626
문화콘텐츠연구,SER000003759,INS000010460
문화콘텐츠와 스토리텔링,SER000002814,INS000003717
미래문화,SER000006249,INS000008744
미래문화연구,SER000001783,INS000005130
민족문화,001842,INS000002232
민족문화논총,001644,INS000004180
민족문화연구,000804,INS000004037
박물관교육연구,SER000002231,INS000002038
비교문학,000943,INS000001428
비교한국학 Comparative Korean Studies,000598,INS000000926
서강인문논총,SER000014133,INS000004596
서울학연구,001254,INS000003345
석당논총,001833,INS000003957
소통과 인문학,SER000000530,INS000005095
수사학,002025,INS000001997
순천향 인문과학논총,SER000013584,INS000004262
스토리앤이미지텔링,SER000004147,INS000009311
스토리콘텐츠,SER000006218,INS000070642
시민문화춘추,SER000005916,INS000008227
시민인문학,SER000012183,INS000003557
시학과 언어학,002008,INS000000214
신학과 사회,SER000003055,INS000009349
쌀·삶·문명연구,SER000001576,INS000006874
아시아문화연구,SER000012510,INS000003764
알타이학보,000676,INS000001378
에피스테메,SER000001828,INS000004092
에피스테메 Episteme,SER000005635,INS000004092
역사와 융합,SER000005902,INS000070292
연민학지,SER000004805,INS000061125
열린정신 인문학 연구,SER000012461,INS000003707
영남학,002018,INS000002716
온지논총,001782,INS000000688
옴니버스 소식지,SER000005210,INS000005876
외국학연구,SER000014691,INS000005037
용봉인문논총,SER000011572,INS000003148
운곡논총,SER000006291,INS000073742
유라시아문화,SER000005537,INS000065268
유럽사회문화,SER000000934,INS000004900
율곡학연구,SER000010130,INS000001896
인간과 문화연구,SER000001670,INS000004123
인공지능인문학연구,SER000005443,INS000005022
인문과 예술,SER000004309,INS000058294
인문과학,SER000014478,INS000004900
인문과학,001847,INS000004686
인문과학,SER000001985,INS000003470
인문과학논총 5집,SER000003639,INS000010228
인문과학논총 제10집,SER000006156,INS000010228
인문과학논총 제11집,SER000006337,INS000010228
인문과학논총 제12집,SER000006584,INS000010228
인문과학논총 제13집 1호,SER000006691,INS000010228
인문과학논총 제13집 2호,SER000006692,INS000010228
인문과학논총 제14집 1호,SER000006909,INS000010228
인문과학논총 제14집 2호,SER000006910,INS000010228
인문과학논총 제7집,SER000005523,INS000010228
인문과학연구,SER000001626,INS000002669
인문과학연구,SER000013908,INS000004457
人文科學硏究,SER000014263,INS000004734
인문과학연구,SER000014082,INS000004571
인문과학연구,SER000002177,INS000004404
[인문과학연구],SER000012982,INS000003979
인문과학연구논총,SER000013482,INS000004238
인문논총,001612,INS000003004
인문논총,SER000011968,INS000003430
인문논총1,SER000005476,INS000004647
인문논총10,SER000005486,INS000004647
인문논총11,SER000005487,INS000004647
인문논총12,SER000005488,INS000004647
인문논총13,SER000005489,INS000004647
인문논총14,SER000005490,INS000004647
인문논총15,SER000005491,INS000004647
인문논총16,SER000005492,INS000004647
인문논총17,SER000005493,INS000004647
인문논총18,SER000005494,INS000004647
인문논총19,SER000005495,INS000004647
인문논총2,SER000005477,INS000004647
인문논총20,SER000005496,INS000004647
인문논총21,SER000005497,INS000004647
인문논총22,SER000005498,INS000004647
인문논총23,SER000005499,INS000004647
인문논총24,SER000005500,INS000004647
인문논총25,SER000005501,INS000004647
인문논총26,SER000005502,INS000004647
인문논총27,SER000005503,INS000004647
인문논총28,SER000005504,INS000004647
인문논총29,SER000005505,INS000004647
인문논총3,SER000005478,INS000004647
인문논총30,SER000005506,INS000004647
인문논총31,SER000005507,INS000004647
인문논총32,SER000005508,INS000004647
인문논총4,SER000005480,INS000004647
인문논총5,SER000005481,INS000004647
인문논총6,SER000005482,INS000004647
인문논총7,SER000005483,INS000004647
인문논총8,SER000005484,INS000004647
인문논총9,SER000005485,INS000004647
인문논총,SER000002731,INS000007691
인문사회과학연구,SER000011386,INS000002983
인문사회과학연구,SER000003298,INS000003820
인문사회과학연구 - 강원대학교,SER000006346,INS000009452
인문사회논총,SER000003649,INS000004588
인문사회연구,SER000006900,INS000075588
인문언어,001702,INS000000080
인문연구,001840,INS000004171
인문예술,SER000006860,INS000065534
인문콘텐츠 우수등재,001814,INS000002190
인문학논총,SER000002125,INS000002833
인문학논총,SER000011989,INS000003439
人文學硏究,SER000011857,INS000003361
인문학연구,SER000012891,INS000003929
인문학연구,SER000011659,INS000003233
인문학연구,SER000014059,INS000004539
인문학연구,001795,INS000003294
인문학연구,SER000012761,INS000003841
인문학저널,SER000002711,INS000008925
인삼문화,SER000005422,INS000001010
인천학연구,SER000000772,INS000003372
일립논총,SER000000856,INS000005746
日本學(일본학),SER000001285,INS000004498
재외한인연구,SER000002250,INS000001897
정신분석연구,SER000006591,INS000077400
조선통신사연구,SER000006518,INS000071370
중국학논총,SER000001578,INS000007785
지혜연구,SER000013236,INS000004091
진실과 공감,SER000006349,INS000064416
차문화산업학,SER000002303,INS000002289
철학∙사상∙문화,SER000014015,INS000004504
청계사학,SER000008758,INS000000265
초연결사회연구,SER000006858,INS000079477
코기토,SER000011366,INS000002953
콘텐츠문화,SER000003415,INS000009426
탈경계인문학Trans-Humanities,SER000001966,INS000004977
탐라문화,002064,INS000003237
태동고전연구,SER000001293,INS000003874
통섭인문학,SER000006729,INS000072895
통일인문학,SER000001532,INS000005865
통합인문학연구,SER000001729,INS000005329
퇴계학논총,SER000003112,INS000009379
포은학연구,SER000002101,INS000002376
한국교통대학교 인문과학논총 8집,SER000005970,INS000010228
한국교통대학교 인문과학논총 9집,SER000005971,INS000010228
한국문화,001253,INS000003053
한국문화연구,SER000014556,INS000004950
한국민족문화,001560,INS000002921
한국서원학보,SER000005037,INS000002502
한국유교문화,SER000006488,INS000073682
한국인문융합연구,SER000006649,INS000079452
한국학,000772,INS000000006
한국학논집,001843,INS000003577
한국학연구,SER000012168,INS000003538
한국학연구,001661,INS000004099
한남어문학,SER000006510,INS000001452
한중일 동아시아 연구,SER000006604,INS000003183
항도부산,SER000000793,INS000006833
해양문화연구,SER000000948,INS000003185
해항도시문화교섭학,SER000001638,INS000003331
현대정신분석,001723,INS000000368
호남학,001854,INS000003154
홍익국가경영,SER000006924,INS000081962
횡단인문학,SER000005126,INS000061205
효학연구,SER000010223,INS000001981
후마니타스 포럼,SER000004187,INS000009841
